@RoundSqrCupola @JonHaidt @Apple I‚Äôll buy Samsung next time.,"RT @RoundSqrCupola: .@Apple fires Diversity Chief for suggesting that intellectual diversity is important too.

Wrongthink has no place in‚Ä¶","RT @caraxc_: .@Apple stop fucking up my old ass iPhone every time a new one is released. I don't have an iPhone X, I've never had an iPhone‚Ä¶","My headphone jack stopped working, okay I know I need to upgrade @Apple",@Apple I‚Äôve lost my iPhone6 üò≠ is there any way of finding it with my imei number or not?,@Apple my Mac labtop charger is extremely hot and smells like fire so get ur shit together.,"Why does this happen to every single @Apple power cord?  
I know my laptop is, like, six years old, but still. https://t.co/KTrw61G0HT","@EU 's General Data Protection Regulation will impose ""heavy"" burden on corporations doing business in Europe, says‚Ä¶ https://t.co/8NgspjbjJX",.@Apple iOS 11 killed my iPhone 5S (previously in working condition). Now stuck in a boot loop. This deserves class‚Ä¶ https://t.co/TporxU5nBk,@Apple is playing me tho. It‚Äôs an hour wait to even get helpedüò≠,Here‚Äôs a pano of the @WWE #SurvivorSeries set. Shot on an @Apple #iPhone8Plus #shotoniphone https://t.co/PcLYwNchRD,@Apple ios 11 on my iphone 6s always restart,"RT @caraxc_: .@Apple stop fucking up my old ass iPhone every time a new one is released. I don't have an iPhone X, I've never had an iPhone‚Ä¶",Thank you @Apple for night shift for those prone to headaches like me üôåüèº it‚Äôs such a headache saver,@thehill @SenateMajLdr @realDonaldTrump @SecretService @SpeakerRyan @HouseGOP @SenateGOP @HouseDemocrats‚Ä¶ https://t.co/T2r14dC8Vn,It‚Äôs hilarious that @Apple thought it was a good idea to have the WiFi toggle button in the control center not actu‚Ä¶ https://t.co/d5SIAQGjAf,@Apple got my new #iPhone X loving it great work on a amazing device ‚ù§Ô∏è‚ù§Ô∏èüôè https://t.co/uPjFY2lNvs,"@Apple thank for the reminder, but not a holiday?

It‚Äôs so hot.
It‚Äôs the heat. https://t.co/zItLmm6pMK",Congratulations @Apple! Your IPhone 7 People Track work on #Monnalisa. #iphone #paris #louvre https://t.co/fLTAR6FqyD,RT @c_edavis: facetime voice mails should be the next come up @Apple,"RT @RoundSqrCupola: .@Apple fires Diversity Chief for suggesting that intellectual diversity is important too.

Wrongthink has no place in‚Ä¶",@Apple refuses to replace my iPhone 6+ with TOUCH DISEASE because I replaced the BATTERY. When asked if they could‚Ä¶ https://t.co/ThKueJAmMf,YouÔ∏è need to fix the @Apple Not make It worse,@Apple my visual voicemail isn‚Äôt working with latest beta update . Help!!!,Why tf is my Snapchat not working?! @Apple @Snapchat,"@Apple Yeah but, how did she get up there witht that iPad? https://t.co/Eg5ROWjgWV",Year 6 @Apple Store Miranda #creating songs with #garageband on #iPads &amp; @beatsbydre @AppleEDU @SydCathSchools‚Ä¶ https://t.co/yDfobptREa,".@Apple means Andy big brain, big brain, Won, Energy. @tim_cook @stevewoz @SteveJobsFilm @GuyKawasaki @saurik‚Ä¶ https://t.co/9UjSXcuuKv",@Apple Hey @Apple how about you make enough iPhones that are sufficient enough to bear the massive preorder demands‚Ä¶ https://t.co/lTKmnWwEuJ,thanks for fixing my shit @Apple,RT @adlopezs: @Apple It is not possible that my 5 iPhone screen has been damaged with only dropped about 20 cm. from the ground. It was his‚Ä¶,@pastramimachine @surt_lab @Apple @illumina I had Kraft money for awhile.,You would think @Apple would be like ‚Äúwe already taxing em 1200 for the iphoneX let‚Äôs go ahead and give em some fre‚Ä¶ https://t.co/Chcgw3z2xM,@ParkerGailey 100% behind this.  @Apple,Preordered #iPhoneX from @Apple on the first day of preorder opening. I hope they will ship that to me before iPhon‚Ä¶ https://t.co/i098I1cRdl,Stay ahead of the times with this @gleamapp giveaway for the new @Apple Watch Series 3 with GPS + Cellular üëá https://t.co/Q49l684w28,RT @anayaavargas: fr abt to swing on @Apple,@thehill @SenateMajLdr @realDonaldTrump @SecretService @SpeakerRyan @HouseGOP @SenateGOP @HouseDemocrats‚Ä¶ https://t.co/dSP8SLVWt6,"If Animoji uses ‚ÄúTrue depth camera‚Äù why doesn‚Äôt it work in dark, whereas Face ID does ?? It can be enabled to other‚Ä¶ https://t.co/2gxHsPyB1Y","@Apple, y‚Äôall fucked my phone the fuck up and you‚Äôre not slick","@RichardBSpencer @Kambeii She actually loves it more than everyone at @Apple. She loves #diversity so much, she wan‚Ä¶ https://t.co/GcmXsPbyMn","@skero @Apple Absolutely. However, fortunate it wasn‚Äôt at your rear.","@Apple I thought it said ""expensive multimedia notes""  would've been accurate too",Looks like an @Apple ad. üòÇ #happygirl #LachlanJunia https://t.co/N3Gfvz3P2x,"RT @ValaAfshar: US tech companies founded by 1st and 2nd generation immigrants üá∫üá∏

@Apple
@Google
@Facebook
@Amazon
@Oracle
@IBM
@Uber
@Yah‚Ä¶",@Apple Odd that Bugs are a focus of this advert. I guess Bugs are very Apple these days,"Until we stop rewarding @Apple with our $$, they won't understand how backwards and bigoted their policies are.‚Ä¶ https://t.co/8ba97F73qD",@Apple I miss when pencils and paper were still a thing.,@shadaisy @SamsungMobile üôåüèªüôåüèªüôåüèª if you can learn it I'm switching!! So sick of @Apple !!,Yo @Apple how do I still not have storage after deleting 90% of my apps?,@KendallkSchmitt @Apple Let‚Äôs both get the X!,"Does anyone know how to fix this 
IÔ∏è 
@Apple","RT @RoundSqrCupola: .@Apple fires Diversity Chief for suggesting that intellectual diversity is important too.

Wrongthink has no place in‚Ä¶",New @apple watch update finishes your workout automatically in less than 10 min even when locked. Better hustle,@Apple Only here for @LouisTheChild,@SkinnEE_317 @Apple I make up 1% of the world üôÑ,@Matt_Hollowell @Apple I read this conversation to start my day off right üòÇüòÇüëåüèΩ,@apple please fix my Apple ID so I can access my apps üò© this safari stuff isn‚Äôt cutting it üò≠,@MBrepsc @Apple Can you elaborate on exactly what‚Äôs worse in your opinion?,@Apple he‚Äôs gonna drop this,@walter_smith @dastels @Apple I don't think my jaw can drop any further! Innumerable thanks for preserving this artifact!,@Apple R.i.p. Steve Jobs...,@caraxc_ @Apple You will never have an iPhone x because you are not that type of girl,"I don‚Äôt like to go directly to nefarious, but between the interminable battery drain and how many times I‚Äôve had to‚Ä¶ https://t.co/DpSCm8WmJd","@HFishbackJr @Apple Ah, mine too.","RT @caraxc_: .@Apple stop fucking up my old ass iPhone every time a new one is released. I don't have an iPhone X, I've never had an iPhone‚Ä¶",Dear @Apple how come you guys phones are still so fragile?,@thehill @SenateMajLdr @realDonaldTrump @SecretService @SpeakerRyan @HouseGOP @SenateGOP @HouseDemocrats‚Ä¶ https://t.co/8pQ5hMHUDi,@RevJJackson @NOVELCITY @OnevaOfficial -focused on economic development-workers from Richmond to Silicon Valley w/‚Ä¶ https://t.co/tw4NMvN0eV,This is a serious petition for @Apple to return the #FadeEffect !!!!!! It was the best thing ever oh God how dare you?,"@Apple tells me there‚Äôs an update, I open it for details, then it says my phone is up to date. Come on, guys.",@angie_shatford @Apple Thankfully no damage done to my #ginadventcalendar document. Just the inability to edit via‚Ä¶ https://t.co/YDI8QABYfm,Hey @Apple give the people what they want!! https://t.co/Av5984HBQx,RT @SuperNerdLand: So lemme get this straight. Person on the left used to be @Apple VP of Diversity. Says that diversity of thought is impo‚Ä¶,"Hello @Apple, my iPhone 7 fell into the pool, stayed for 30 seconds inside, and when it came back, it was no longer working.",@Milo_Z @Apple Go to @Android  best thing I ever did. :),"@tmillsNC @Apple @JonyIveParody When you fork over  $1000 for a new one, ami right, mate?  #plannedobsolescenceapple",Yoooo @Apple you guys gotta make a 3 way FaceTime cus my friend is leaving to China and my best friend and I wanna FaceTime,@Apple Where was this commercial filmed?,@versacetie @kimspendalot69 @DannyMiami_ @Apple Yes I am üòâ,reasons to never update your phone: when you finally do @apple deletes all your photos okay i hate iOS 11.,@Apple The part where you can't dismiss the notification is the worst.,Apple's new 'town square' format arrives at Westfield UTC store https://t.co/0nDOCPkZRb @Apple @WestfieldUTC,On my 2nd @apple TV4k unit and this nonfuntioning auto-sleep feature is about to break me. My 4th gen unit works pe‚Ä¶ https://t.co/dqgDUhipMT,@Apple stop capitalizing the ‚Äúi‚Äù every time I type the word ‚ÄúIt‚Äù please ‚ùóÔ∏è,"You know, @Apple, I'd really like my machine to stop nagging me to upgrade to High Sierra - at least until I'm no l‚Ä¶ https://t.co/Y3cMjPDpPn",What is ‚Äúother‚Äù and how can I delete it? @Apple @AppleSupport https://t.co/edqANKuF0m,@AppleSupport @apple come me or my wife have had no October or November monthly challenges for the activity app for‚Ä¶ https://t.co/KqKpJKwzQT,"""what's a computer?"" 

Get bent @Apple.","Please use #medlibs , #librarians to vet information &amp; locate the #evidence -#EBM #thewholepantry @Apple  https://t.co/pUn2eJhV11","#iPhone
Helps me avoid traffic
Can buy anything in the world
Warns me of rain and tells me the minute when it will‚Ä¶ https://t.co/W69Yp66z6l","@Apple LOVE the X! Super intuitive loaded touch functions and ‚ù§Ô∏èFace ID, but SIRI- y u no grammatically correct?! https://t.co/K4DQE0wh9R",thank you iOS 11.1.2 @Apple https://t.co/EwpsdpSBOc,"My phones battery is acting up.. ironically, my 2 year contract is up this month too.. ü§î @Apple thoughts?","@Apple Why aren't these features baked in?
https://t.co/UTI1TDG74B
https://t.co/fbGNBwUkW3",@Apple way too many Apple updates gotta be honest I‚Äôm not really a fan&amp;seriously considering switching phones I don‚Äôt like constant change,RT @c_edavis: facetime voice mails should be the next come up @Apple,@thehill @SenateMajLdr @realDonaldTrump @SecretService @SpeakerRyan @HouseGOP @SenateGOP @HouseDemocrats‚Ä¶ https://t.co/wD09HMFDw2,"RT @RoundSqrCupola: .@Apple fires Diversity Chief for suggesting that intellectual diversity is important too.

Wrongthink has no place in‚Ä¶",I‚Äôm done with @Apple your software is garbage! Yet another upgrade that screwed up my phone. I‚Äôm not going to pay a‚Ä¶ https://t.co/RB1sOfHpsl,@linusgsebastian @ryanshrout I've had the same experience as @ryanshrout with FaceID. Most of the time it works gre‚Ä¶ https://t.co/fPgPefkh2W,@Apple @ios11apple the screen recording feature is good. But it needs a pause button. This is just common sense #ios11 @CNET,"RT @RoundSqrCupola: .@Apple fires Diversity Chief for suggesting that intellectual diversity is important too.

Wrongthink has no place in‚Ä¶","RT @caraxc_: .@Apple stop fucking up my old ass iPhone every time a new one is released. I don't have an iPhone X, I've never had an iPhone‚Ä¶","RT @LuxuryReport: .@Apple The 10 Most Uplifting #Songs In The World, According to Science https://t.co/bzlLN2kkML #Itunes #Abba #EyeOfTheTi‚Ä¶",@SMLawit @Apple @AppleSupport Hard drive failure üò±,@ileikmusic @Apple üòÇ @Apple  Fix ur emojis,It's been almost 10 years that @Apple has been selling their iPhones so one would think they have sorted out the de‚Ä¶ https://t.co/ZtwBhttA1v,"@CYankush @Apple No!!! I also switched to Android, but Matt and the kids all have Apple still.",.@apple @applesupport why do I have to keep rebooting my iPad Pro in order to use the Smart Keyboard? #Fail,RT @Apple: Say hello to the future. iPhone X available 24 November.,Lost count of the updates already üòÇ @Apple you need to tell your new #iosupdate handling employee that he sucks ass‚Ä¶ https://t.co/nb5kcgzXEZ,RT @JessaBahr: I‚Äôll be testing the @Apple iPhone X and @Google Pixel 2 for the next few weeks - thoughts will be threaded below ‚¨áÔ∏è‚¨áÔ∏è https:‚Ä¶,"RT @GraysonDolan: This video explains my last tweet üòë

https://t.co/gN5b4RzmZF

We just hacked the iPhone X @Apple",@Apple I fucking hate updating my phone. How do You fuck over every app on someone‚Äôs phone calling it an update. Ev‚Ä¶ https://t.co/0VPggcqLnd,@_admhzq @Apple Its an ads,facetime voice mails should be the next come up @Apple,"RT @caraxc_: .@Apple stop fucking up my old ass iPhone every time a new one is released. I don't have an iPhone X, I've never had an iPhone‚Ä¶",@Apple okay I‚Äôm already gonna drop bills BILLS OUT OF POCKET NOT A CREDIT CARD!! on an Apple Watch and y‚Äôall want t‚Ä¶ https://t.co/3cb3ZREYmX,"RT @RoundSqrCupola: .@Apple fires Diversity Chief for suggesting that intellectual diversity is important too.

Wrongthink has no place in‚Ä¶",RT @Apple: Say hello to the future. iPhone X available 24 November.,@nktgill @Apple @PayPalUK Insanity,@Apple needs to add a black girl with an Afro emoji,I'm in need of help what would you all recommend as I need new phone and really don't know if to stay with @Apple o‚Ä¶ https://t.co/jfuj3uhZIp,@surt_lab @Apple @illumina who? you??,@underweargasm @kimspendalot69 @DannyMiami_ @Apple Aren't you lucky one,"@Apple sooo getting rid of a black woman who said limiting diversity to a race/color is wrong, replacing her with a‚Ä¶ https://t.co/8FYRpc0oHf",But still no red head emoji??????? Ok @Apple https://t.co/iaMiNdrD8m,"Plz manufacture a single self-destruction edition of newest iPhone and ship direct to Paris, @Apple https://t.co/hjUNY55cgp",@Apple Will you be adding Future Bass Apple Loops To Logic Pro X? And if you do will they be new ones or the ones f‚Ä¶ https://t.co/ryItZowpyC,Dear @Apple can I be at the next meeting when y‚Äôall decide what to do with the iPhone üì±? Y‚Äôall done made too many c‚Ä¶ https://t.co/d6gEOx7unq,@its_shevi @Apple They said they're going to replace my entire display due to the speaker and ear speaker not worki‚Ä¶ https://t.co/aS0SAh3n1K,@apple im not updating this phone till y‚Äôall for sure fix these bugs and it‚Äôs fast again. Y‚Äôall been on some bs lately üôÑ,@Apple #deniseyoungsmith Did nothing wrong but say the truth. Every company gives this stupid ideology control over‚Ä¶ https://t.co/TJGxv8o1Ze,@nktgill @Apple @PayPalUK So much for a pencil??,@rupertevelyn @Apple I am more honoured to get a reply from an ITN bod ! #itwillneverbeITVNews,Stay ahead of the times with this @gleamapp giveaway for the new @Apple Watch Series 3 with GPS + Cellular üëá https://t.co/tTMYFyqBgp,No way Apple is topping that new Samsung commercial @Apple,"@SeeKjoto @Apple How About
PC -&gt; Linux and Windows
Laptop -&gt; Linux
mac -&gt; THROW THIS PIECE OF SHIT OUT OF THE WINDOWS","@Dae__B @Apple Like I said; I LOVE my 12.9"" Pro &amp; Apple pencil. 

An ad like that makes them look 100000000x more d‚Ä¶ https://t.co/sMi36zc00y",@Apple this is the first update i‚Äôm looking forward to. cheers to fixing your colossal fuck up,Ok @Apple  I haven't even had the 7 for a year yet stopppp slowing it down already  üò°üò°,RT @Apple: Say hello to the future. iPhone X available 24 November.,@Apple @AppleSupport @ApplePodcasts  podcasts on watch? ü§∑üèæ‚Äç‚ôÇÔ∏è,"RT @RoundSqrCupola: .@Apple fires Diversity Chief for suggesting that intellectual diversity is important too.

Wrongthink has no place in‚Ä¶","RT @DAAMoney12: @Apple Hmm if only @SamsungMobileUS  thought of this idea like 5 years ago ü§îü§îüòÇüòÇüòÇ
#GalaxyNote8",RT @shaynareid: I.T I.T I.T I.T see I‚Äôm trying to put it but autocorrect keeps changing I.T @Apple ily but get I.T together,@Apple @applesupport It would be really great if my new $1000 phone would stop doing this.  Thanks! #iPhoneX  #fail https://t.co/kI2j5PPkJi,@ashilajiwani @Apple THIS - I say this on a daily basis. I‚Äôm glad someone else agrees.,@kimspendalot69 @DannyMiami_ @Apple Oh whoehaaa ... üòÇüòÇ,"RT @walter_smith: @newtonscript @dastels @Apple I got Prota #newtonscript to compile and run on OS X, and pushed to GitHub. Not as capable‚Ä¶",y‚Äôall fucking up @Apple i might have to switch it up and get something other than an iphone,RT @Apple: iPad Pro + iOS 11. Use Apple Pencil to create expressive multimedia notes.,@Apple I hope he drops the IPAD,@ShadowAuthor @Apple I thought it was just me. That commercial makes me want to stomp on that girls iPad,I.T I.T I.T I.T see I‚Äôm trying to put it but autocorrect keeps changing I.T @Apple ily but get I.T together,Stay ahead of the times with this @gleamapp giveaway for the new @Apple Watch Series 3 with GPS + Cellular üëá https://t.co/TGgX3pofEI,@FellipeC @MrMaitra @EliVieira @RoundSqrCupola @Apple @clairlemon I do. Apparently Napa valley guys are no better than anyone else‚Äôs guys.,RT @Apple: iPad Pro + iOS 11. Use Apple Pencil to create expressive multimedia notes.,@SnazzyQ Had my @Apple #iPhoneX for about a week before getting rid of it. Went back the the #PixelXL2. Wasn't thri‚Ä¶ https://t.co/UIQFQVtTjb,@MrMaitra @WeGovernUSA @RoundSqrCupola @Apple @clairlemon You guys better get it. Women r on the move.,@Apple why do I have to wait on my pictures and videos to download? It‚Äôs irritating üòí,@Apple something like this https://t.co/8qfatKvJpu,@thx4bnu .@apple hire us,#Apple Park Visitor Center opens to the public - @Apple https://t.co/G7GZc0Z5fY,@alanswaggoner @Apple I wont unless @banana releases there first phone,@AppleSupport @Apple why can‚Äôt I see vdos and pics that have been synced via an iPhone to an iMac in iMovie. With a‚Ä¶ https://t.co/e8e1uvapqU,"I get what @Apple is trying to do with the iPad Pro commercials - I love mine. 

But ""What's a computer?"" Really?‚Ä¶ https://t.co/TpezTc3WSV","@Apple i have a great suggestion, the dot lock, it is nowhere near an original idea, but it is a great thing to have.",@Apple the X is above and beyond THANKYOU . https://t.co/1J3A2C6Dec,"Hey @Apple why do I have to ""verify my payment info"" to download a FREE app?","iOS 11 has taken all the horsepower out of my phone. @Apple, you evil cock jackers.",what‚Äôs a computer?‚Ä¶ what a smart ass commercial. even I don‚Äôt wanna be an @Apple user #gtfo,"@afterworks_uk @Apple Or, just do the logical thing and wait for the new Razer phone to come out, it‚Äôs pretty much‚Ä¶ https://t.co/o21ADDtDcB",@KenGoodwinITV @Apple You need noise cancelling headphones,#iOS11 update has destroyed the battery life and performance of my ‚Äúnot so old‚Äù @Apple #iPhone6 ! Charging my phone‚Ä¶ https://t.co/2UuftJWCEv,Apple Diversity Chief 'Steps Down' After Saying White People Can Be Diverse - Breitbart https://t.co/SWZdiPoKwW via‚Ä¶ https://t.co/qKcmaLQ0u9,@Apple can y'all hurry and send my X it's been 4 weeks and I lost a bet because of y'all come on now,@tim_cook should randomly fire every other @Apple employee and whisper to them...not...good...enough.,"RT @ValaAfshar: US tech companies founded by 1st and 2nd generation immigrants üá∫üá∏

@Apple
@Google
@Facebook
@Amazon
@Oracle
@IBM
@Uber
@Yah‚Ä¶",@ThisOldNerd @Keurig @Nordstrom @Starbucks @netflix @pepsi @AnheuserBusch @nabisco @Macys @amazon @benandjerrys‚Ä¶ https://t.co/qy7RNlMzcH,Not a fan of my phone dying on 70%  or just randomly freezingüôÑ (ive never dropped it or got water on it or anything‚Ä¶ https://t.co/9BUodcFzwP,Still tons of bugs with new @apple iOS on my phone. But the worst problem is that that the phone freezes all the ti‚Ä¶ https://t.co/pnpV4Bz69S,@spencerwestwood @Apple I was anticipating that problem. But after testing it was fine. Folder/File counts were cor‚Ä¶ https://t.co/IasrD3e5n2,RT @DariusMason1: @willtbh @shania_train I second this @Apple  @TiffanyPollard,"RT @ValaAfshar: US tech companies founded by 1st and 2nd generation immigrants üá∫üá∏

@Apple
@Google
@Facebook
@Amazon
@Oracle
@IBM
@Uber
@Yah‚Ä¶",@raluca3000 @laRossa05 @Apple @Google @facebook @amazon @Oracle @IBM @Uber @Yahoo @intel @YouTube @emc @eBay‚Ä¶ https://t.co/VVF6Cr4uo0,RT @pierrebri: Someone in Paris with a message for @Apple #PayYourTaxes https://t.co/9ljNomTLpV,RT @Apple: iPad Pro + iOS 11. Use Apple Pencil to create expressive multimedia notes.,@rupertevelyn @Apple Downside is it allows my daughter to plug in her iphone and subject me to a noise she calls mu‚Ä¶ https://t.co/ddfNtB1N6X,@mochachoca_ @Apple What exactly happened?,@Apple fuck you.,These could be grouped @apple. https://t.co/cwrdsH1wr9,"So my iTunes account is locked!!
Spent 40 mins w iTunes support b4 switched to voicemail on 866 number re alleged d‚Ä¶ https://t.co/XfPpm7s5Oj",@ah_xiou @Apple That‚Äôs not a bug it‚Äôs something in your settings you need to turn off,@Apple why do we get ripped off in the UK? Why is it costing nearly ¬£100 more in the UK than the US? Don‚Äôt say beca‚Ä¶ https://t.co/ajJWsaHQqF,@Apple and @amazon how do I download #amazon #alexa #ios app on my #iPhone if I live outside of U.S. (country where‚Ä¶ https://t.co/6IE3RqJ53r,"RT @ValaAfshar: US tech companies founded by 1st and 2nd generation immigrants üá∫üá∏

@Apple
@Google
@Facebook
@Amazon
@Oracle
@IBM
@Uber
@Yah‚Ä¶",@LifeSite @Apple doesn't care about anything other than what sells to make more money.,@algebra_hhs326 @Apple I started reading Big Little Lies this morning. Not math or education.,Who else has been wow‚Äôd by the London design museum? I absolutely love looking at the history of some well known br‚Ä¶ https://t.co/wr3rzQzneL,"RT @RoundSqrCupola: .@Apple fires Diversity Chief for suggesting that intellectual diversity is important too.

Wrongthink has no place in‚Ä¶",@AlonaDanger @Apple I‚Äôm an iPad user as well but her answer was assholish she knew what the hell a computer was,"@eliorivero @Apple @AppleSupport @tim_cook @iflymia Very! My wife is still crying. But yes, slowly coming back to normal.",@Apple tells me that I need to do the update so I do... then she says they can‚Äôt check the GPS... even tho @AppleSupport told me they would,@Apple i need you to pick up the pace with these X deliveries my dude!!,"RT @caraxc_: .@Apple stop fucking up my old ass iPhone every time a new one is released. I don't have an iPhone X, I've never had an iPhone‚Ä¶",Stay ahead of the times with this @gleamapp giveaway for the new @Apple Watch Series 3 with GPS + Cellular üëá https://t.co/Vgx0kc4MCc,"Trying to buy @Apple's AppleCare for Watch is the most infuriating, bug-ridden process. https://t.co/SVaPnzGmiR","So I‚Äôm at @Apple and the woman says she sees the notes from my calls and asks if I have a cell phone plan.... um, n‚Ä¶ https://t.co/3fHoM8uW2o",@Apple Apple trying to keep up with @Android like https://t.co/Vnc9Kg4oZk,@christerfrancis @Apple @AppleSupport @tim_cook @iflymia ah very clever! I can't imagine how stressful that must've‚Ä¶ https://t.co/NbhCHuJlDd,"@CINFITPDX @dexcom @Apple It won‚Äôt until Dexcom updates their G5 app and then gets FDA approval, rumored to be early 2018.",RT @Apple: iPad Pro + iOS 11. Use Apple Pencil to create expressive multimedia notes.,"Done ranting about @apple - but you guys are clowns. You can put the world at everyone's fingertips, but you can't‚Ä¶ https://t.co/Y2nBHrm3Rc",@crstn85 I got sucked into a book that an @apple trainer sent me called ‚ÄúMathematical Mindsets‚Äù and starting chapte‚Ä¶ https://t.co/OBo7kBhoOm,"I don‚Äôt know if I like the #iOS11 @AppStore. I mean, it certainly looks prettier then before, but the editorial sty‚Ä¶ https://t.co/UxNx2nU8k7",@Spotify any chance you doing an app compatible for the I watch?  @BestWatchApps @Apple,@KenGoodwinITV @Apple So does mine. Sort of. Trouble is it‚Äôs better without it,So I went to @Apple and waited... even with an appointment. Just to be told that they don‚Äôt know why I was told by‚Ä¶ https://t.co/5isYsit13C,New @Apple Face ID got me like https://t.co/qOF3fWT7gL,@jonblackford79 @Apple Not a patch on Waze,@eliorivero @Apple @AppleSupport @tim_cook @iflymia +/- 5 m. I got her close enough to start the alarm on the phone. Then it was easy.,"@Apple I took a few pictures using your IPHONE X- with these results, i suggest you start advertising me üòé https://t.co/ExJktBSrZM",When will @Apple release the update that improves battery life? ü§î,@christerfrancis @Apple @AppleSupport @tim_cook @iflymia wow is that precise? That's amazing man,I‚Äôm confused why my music randomly pauses on its own. üó£ Get it together @Apple,"RT @caraxc_: .@Apple stop fucking up my old ass iPhone every time a new one is released. I don't have an iPhone X, I've never had an iPhone‚Ä¶",In the spirit of #Christmas how about letting me try out a @Apple  #IphoneX so I could do a review about it? See ev‚Ä¶ https://t.co/vqILZXK0Sp,change faceid to keep trying to unlock instead of prompting me to enter my passcode @tim_cook @apple,@rupertevelyn @Apple Mine works. Sort of.,"20] @CenturyLINK @FBI @FTC @FCC: CenturyLINK scam ""tech support"" also tried to hijack a @tmobile ph of mine, my‚Ä¶ https://t.co/f1YOCqr2Bj",@rupertevelyn @Apple Mines always been pretty decent esp the navigation,"@Apple Seriously? ""What's a computer?"" Fuck off.","Thank you @Apple @AppleSupport @tim_cook for ""Find my iPhone"". I was just able to guide my wife through @iflymia to‚Ä¶ https://t.co/DhNH5KkysM",aye @Apple I‚Äôm trying to leave a message via facetime figure it out,"Hey @Apple, IÔ∏è know you worked hard but your new IOS sucks.",#Hypertension and #sleepapnea could be diagnosed by @Apple Watch and @fitbit https://t.co/KDCIuGBPpi https://t.co/H1lQXA1p8o,"RT @RoundSqrCupola: .@Apple fires Diversity Chief for suggesting that intellectual diversity is important too.

Wrongthink has no place in‚Ä¶",@Nasarog74 @Apple I have Samsung but sadly my family loves their iphones,"RT @kentnish: .@Apple i love my new #iPhoneX but how do you propose i use the headphones that come with it in the box, with my 13"" Macbook‚Ä¶",RT @anirbanmahanti: @apple totally comfortable ditching tech it made commonplace. Touch ID is a fantastic example. Just when fingerprints s‚Ä¶,@CynaminSweet @Apple They ain‚Äôt gonna send it till a few days üòê been there tried that. Have it text you the code or something instead,@RoundSqrCupola @tothur @Apple But isn't it automatically sexist and racist to fire a black woman?,"RT @RoundSqrCupola: .@Apple fires Diversity Chief for suggesting that intellectual diversity is important too.

Wrongthink has no place in‚Ä¶",RT @hungrymoney____: my phone just randomly restarted and turned back on for no reason. fuck y'all @apple I'm not upgrading my phone üñïüèΩ,@JohnLusher @AdeldMeyer @ShiCooks @paulatooths @DannyShookNews @muz4now @cliffping @Judy_Cockerton @dekebridges‚Ä¶ https://t.co/GD64p4MARs,"The font size for Tibetan in iOS 11 is too small. @Apple bungled this one.

#‡Ωñ‡Ωº‡Ωë‡ºã‡Ω°‡Ω≤‡ΩÇ",This emoji ‚Äúü§´‚Äù is by far the creepiest on the update @Apple.,".@Apple i love my new #iPhoneX but how do you propose i use the headphones that come with it in the box, with my 13"" Macbook Pro?","RT @ValaAfshar: US tech companies founded by 1st and 2nd generation immigrants üá∫üá∏

@Apple
@Google
@Facebook
@Amazon
@Oracle
@IBM
@Uber
@Yah‚Ä¶",Another ringtone review of a @vulfpeck tune. Still 5 stars @Apple however this tune is more of a text tone...not a‚Ä¶ https://t.co/jLChVRcYbG,Another time @Apple and @tim_cook ****ed up and made one of my help calls take 50x longer because of their stupid i‚Ä¶ https://t.co/PdU0shEvVQ,@jamiehammondd @Apple God damn it guys get your beef together,RT @azfamily: .@Apple #HomePod speaker delayed until next year https://t.co/V4oJaOOjOw https://t.co/d2GMUdiNV8,"Dear @Apple y'all need another store in Tucson, Arizona. Starting right now, if possible. With some comfy nap cots,‚Ä¶ https://t.co/88tVlCNhvb",Stay ahead of the times with this @gleamapp giveaway for the new @Apple Watch Series 3 with GPS + Cellular üëá https://t.co/Up8fQZv23a,@Apple keep the #genie #emojis and give me an #autocorrect that works with the next #update,Can we just agree that @apple #carplay is absolute rubbish?,.@apple iPhone page ignores white men completely. White men not a target market for Apple products? https://t.co/0sfhH7ouSk,"Hey, @Apple, since this recent update, the battery life is nonexistent, apps close or freeze, and screen gets stuck sideways. When‚Äôs the fix",@MarshaCollier @paulatooths @JohnLusher @ShiCooks @AdeldMeyer @DannyShookNews @muz4now @cliffping @Judy_Cockerton‚Ä¶ https://t.co/lmxCBawVGs,@Apple Waiting,@jamiehammondd @Apple The updates are sending my phone screwy too üôÑ,"RT @OhAkshat: @EricTopol @VisualDx @Apple @apapier18 @businessinsider With medical knowledge doubling every two years or so, the 'ground tr‚Ä¶",@Apple how come every update makes autocorrect worse? Now random words capitalize themselves...,my phone just randomly restarted and turned back on for no reason. fuck y'all @apple I'm not upgrading my phone üñïüèΩ,@shanboxer @tim_cook @Apple @realDonaldTrump @realDonaldTrump hire #deniseyoungsmith !,"SwiftBoard 1.3 has been approved by @Apple under the name ""SwiftBoard for iPhone"", expect it around December 15th.",RT @iPellot_inc: Sooo @Apple is making a breast feeding emoji BUT THERE STILL ISNT ONE WITH AN AFRO! This is ridiculous.,@ValaAfshar @Apple @Google @facebook @amazon @Oracle @IBM @Uber @Yahoo @intel @YouTube @emc @eBay @SpaceX @VMware‚Ä¶ https://t.co/Mh6ginFYjX,.@Apple #HomePod speaker delayed until next year https://t.co/V4oJaOOjOw https://t.co/d2GMUdiNV8,RT @CanadaJetlines: .@Apple Maps is trying to relieve airport confusion by updating its app to display the interior layout of airports: htt‚Ä¶,The podcast update from @Apple is driving me üçåüçåüçåüçåüçå. Why would you take away auto play for unlistened eps? Why??!,Hey @apple @AppleSupport is this a joke? Are you sitting on your hands? I pretty much am until this is resolved. https://t.co/PffVpnCWgC,@pastramimachine @Apple @illumina They do...,RT @asherrill55: Not a big conspiracy theorist but there is one I am starting to believe... @Apple intentionally adds bugs to software upda‚Ä¶,"RT @RoundSqrCupola: .@Apple fires Diversity Chief for suggesting that intellectual diversity is important too.

Wrongthink has no place in‚Ä¶","RT @RoundSqrCupola: .@Apple fires Diversity Chief for suggesting that intellectual diversity is important too.

Wrongthink has no place in‚Ä¶","@vitovalov @WallapopEng @AppleSupport @Apple If the app is using the standard photo picker in iOS 11, this is expec‚Ä¶ https://t.co/DDxaZ21jmQ",@Apple leading the way in crafting ethical supply chains https://t.co/nNzJxydQOD,"RT @caraxc_: .@Apple stop fucking up my old ass iPhone every time a new one is released. I don't have an iPhone X, I've never had an iPhone‚Ä¶",@Apple software update plz. I‚Äôm fed up with this https://t.co/2mZLVKTAuy,Ringtone review of @lcdsoundsystem @Apple 10/10 https://t.co/qCcCO4Zzf0,"#wisdom
End of Series I
@Apple https://t.co/x7Bb8rGTbH","RT @ValaAfshar: US tech companies founded by 1st and 2nd generation immigrants üá∫üá∏

@Apple
@Google
@Facebook
@Amazon
@Oracle
@IBM
@Uber
@Yah‚Ä¶","#PayPass and @Apple #Watch means payments take the time of a tap.

Once you experience this (100% adoption by retai‚Ä¶ https://t.co/1KtvXIPInV",Stay ahead of the times with this @gleamapp giveaway for the new @Apple Watch Series 3 with GPS + Cellular üëá https://t.co/F99AojGWAI,Sooo @Apple is making a breast feeding emoji BUT THERE STILL ISNT ONE WITH AN AFRO! This is ridiculous.,Why are all the videos in my @YouTube feed always anti @Apple ??? Hmm...... #cheaptricks,@Marceuxcroix @Apple That's the big iPhone glitch that's been pissing everyone off the past few weeks. Thing I like‚Ä¶ https://t.co/yyyLW04rKW,RT @pobrebruja: Why is there no skateboarding emoji @Apple,"@Apple give me a free iPhone X to restore my faith in you, because it‚Äôs extremely low right now.",Stay ahead of the times with this @gleamapp giveaway for the new @Apple Watch Series 3 with GPS + Cellular üëá https://t.co/wEJ6CJ9GEE,Stay ahead of the times with this @gleamapp giveaway for the new @Apple Watch Series 3 with GPS + Cellular üëá https://t.co/bWqbmOUGs0,"@APPLE, FIX YOUR SHIT AGAIN.","@Apple better get it together. The last thing I want is a Galaxy, but I just might have to ....... that‚Äôs how tired I am of your shit üôÑ",Wtf do mean my Apple ID has been disabled!? Y'all are shit @Apple,"With #ios11 in your hands, Windows ME and Vista suddenly seem like wonderful systems. How the f did this ever pass‚Ä¶ https://t.co/2efczaKz62",@khughes483 @apple did warn against letting evil twins near the iPhone X! Best keep it well away from @KarlPPHughes https://t.co/rN2K8rVJk7,@EdTechTV @Apple Do the expect you to buy Logic?,"Is #OSX becoming #Windows? Now I HAVE to restart the system to see the actual status of Time Machine backup, or to‚Ä¶ https://t.co/1x8W6XB7dV",I‚Äôm going to start leaving reviews on ringtones @Apple @leonbridges https://t.co/QL9SRPp2kh,Please everyone sign this petition for Apple Watch users everywhere getting screwed by @apple https://t.co/DrCcgsvItp,RT @kronkikker1: @tim_cook @Apple ‚Ä¶by sidewalk talking to another homeless woman BUT GUESS WHAT? THAT WOMAN WAS BLACK‚Ä¶Which takes us2Denise‚Ä¶,@TomHartleyjnr @Apple I‚Äôve one ordered but I‚Äôm still not sure about it,It‚Äôd be so nice if @Apple could finally fix the stupid bug that keeps messing around with my phone‚Äôs brightness.üôÑ,"Seriously, when is @Apple going to introduce the dogwhistle emoji? https://t.co/bepoRRtTNM","RT @RoundSqrCupola: .@Apple fires Diversity Chief for suggesting that intellectual diversity is important too.

Wrongthink has no place in‚Ä¶",New iPhone comes out and randomly selected people iPhones stared taking a crap. What‚Äôs going on? My wife‚Äôs iPhone 6‚Ä¶ https://t.co/PpjfScp50H,"RT @caraxc_: .@Apple stop fucking up my old ass iPhone every time a new one is released. I don't have an iPhone X, I've never had an iPhone‚Ä¶",RT @zeeshan_tagari: @Apple replenish iPhone X stocks @mapledti @RelianceDigital @cromaretail @IngramMicroInc @redingtonvalue @hcltech,"Fuck you @Apple updating my Apple ID passcode for the 10th time this year. Keychain, Google Passcodes, emailing mys‚Ä¶ https://t.co/gLd40uw6ey",Stay ahead of the times with this @gleamapp giveaway for the new @Apple Watch Series 3 with GPS + Cellular üëá https://t.co/gHsKD0YYxJ,"RT @caraxc_: .@Apple stop fucking up my old ass iPhone every time a new one is released. I don't have an iPhone X, I've never had an iPhone‚Ä¶","RT @RoundSqrCupola: .@Apple fires Diversity Chief for suggesting that intellectual diversity is important too.

Wrongthink has no place in‚Ä¶",@kandace_powell @Apple I‚Äôm really excited. üòú,@Marc100Prcnt @SamsungMobile @Apple I mean the aux adapter had to be the dumbest shit on earth,Stay ahead of the times with this @gleamapp giveaway for the new @Apple Watch Series 3 with GPS + Cellular üëá https://t.co/Zr6CSIFr78,"38% discount #bigsale #sale #save #blackfriday #apple @apple Apple iPad mini 4 (128GB, Wi-Fi, Space Gray)‚Ä¶ https://t.co/zW0PfISdi0","38% discount #bigsale #sale #save #blackfriday #apple @apple Apple iPad mini 4 (128GB, Wi-Fi, Space Gray)‚Ä¶ https://t.co/l28IkYUIBe","Just staying on top of the times @AppleSupport @Apple 
IÔ∏è IÔ∏è IÔ∏è https://t.co/iJ6Tf50sEF",IÔ∏è IÔ∏è IÔ∏è IÔ∏è IÔ∏è IÔ∏è IÔ∏è IÔ∏è IÔ∏è IÔ∏è &lt;&lt;‚Äî‚Äî @APPLE WHAT THE FUCK IS THIS SHIT?!,@AbuSamrah02 @SamsungMobile @Apple Ya I get it. But have you used a Samsung? Horrible,"@Marc100Prcnt @SamsungMobile @Apple Samsung still trash, but the commercial nailed it",@Walkeruser26 @Apple I missed it the first day they attempted to delivered and sat at home the next day for 12 hours. Worth it!,"FUCK YOU @APPLE , y‚Äôall dumbass update has my phone freezing, exiting off apps, glitches and other shit. Should hav‚Ä¶ https://t.co/vz1AbN03iR",@Marc100Prcnt @SamsungMobile @Apple The commercial runs all the way to the 7. And they hit it on the nose. The adap‚Ä¶ https://t.co/atiPB2RwHE,RT @pobrebruja: Why is there no skateboarding emoji @Apple,"RT @bznotes: This is an excellent post from @Apple. 
1) shows how neural nets can be implemented on edge devices
2) face detection can be s‚Ä¶","RT @RoundSqrCupola: .@Apple fires Diversity Chief for suggesting that intellectual diversity is important too.

Wrongthink has no place in‚Ä¶",Is anyone interested in this iMac?  I forgot this was still coming out from .@Apple . https://t.co/2dM3rxI7Qp,"It's a pricey phone, so is @Apple's new iPhone X worth it? I spent a weekend with it: my‚Ä¶ https://t.co/OwhXJJsHy7 https://t.co/7o9zaPHvqe","@boneclicks @Apple Don‚Äôt do it, it‚Äôs literally a flame pile of trash",@Apple you should make imessage conversations more customizable like giving is the option to change color and shape‚Ä¶ https://t.co/Et2M2qe19M,RT @pobrebruja: Why is there no skateboarding emoji @Apple,"Revenue Streams of the Big 5 Tech Companies

üîò @Apple [#iPhone] 
üîò @amazon [#eCommerce] 
üîò #Alphabet | @Google [‚Ä¶ https://t.co/2Etd3MDXe2",@MC_Cutler @LifeProof @Apple @OtterBox Sounds like a drop still knocked something loose!? https://t.co/c2Kskaa6VJ,"RT @RoundSqrCupola: .@Apple fires Diversity Chief for suggesting that intellectual diversity is important too.

Wrongthink has no place in‚Ä¶","@tim_cook @Apple ‚Ä¶PS‚Ä¶While U R SelfRighteous‚Ä¶As 1person said ""Political correctness will B death of humanity""‚Ä¶WELL‚Ä¶ https://t.co/tLBf4wGyfx","Congratulations to @Apple @tim_cook Brazil will have the most expensive iPhone X in the world, being sold at 2,300‚Ä¶ https://t.co/GR89DUhu3K",@socialmatt @LifeProof @Apple @OtterBox Oh no i don‚Äôt need a case my friend phone is pristine because I have a @LifeProof,Even the iOS 11 update screen has a bug. I can‚Äôt see the link FMI @Apple! How much UX stupidity do we have to toler‚Ä¶ https://t.co/y0k87l1lmV,If you had ppl line up for your üì± @SamsungMobile @Google you wouldn‚Äôt make fun of @Apple having them... https://t.co/7KWkt8mZxU,"What are all these weird characters, @Apple?!? üò°

IÔ∏è IÔ∏èt if","RT @RoundSqrCupola: .@Apple fires Diversity Chief for suggesting that intellectual diversity is important too.

Wrongthink has no place in‚Ä¶",When the view is bomb but the @Apple iPhone camera sucks and you just need to give up &amp; just go get the XüôÑ #SetLife https://t.co/qvLoc56hOF,How tf can I not upgrade my phone ? Fuck is a ‚Äú Apple Locked Device ‚Äú ?  @Apple @AppleSupport,"@winitonline @PrizeSquad @Apple Heavenly‚ù£Ô∏èWould be gorgeous, Thanks for the chance Xx",All #Apple everything üò¨üò¨ @Apple #teamiphone https://t.co/ciXFDGHJ3A,"@Apple can we get this new update to fix the "" I "" problem üôÑ","This is an excellent post from @Apple. 
1) shows how neural nets can be implemented on edge devices
2) face detecti‚Ä¶ https://t.co/lKkmun8vDv",I‚Äôve turned off the auto brightness but my phone keeps shifting brightness wtf @Apple,@QuincyA18 @ATT @Apple Would u ve interested in switching over to sprint,Why can‚Äôt we fix a typo in an #iMessage after we send it? We‚Äôre tired of typing asterisks @Apple . Instead of makin‚Ä¶ https://t.co/z60qbThBkA,@AbuSamrah02 @SamsungMobile @Apple Homie was using the iPhone 5 lol,Why is there no skateboarding emoji @Apple,@Apple I basically narrated our 20-minute one-sided love story as well as my future plans like how‚Äôs our wedding go‚Ä¶ https://t.co/wJBgk6Ar23,"@MattTaylorDraws @Apple @MattTaylorDraws @apple can't make it unfortunately, will the talk be available to watch anywhere online? Thanks","RT @RoundSqrCupola: .@Apple fires Diversity Chief for suggesting that intellectual diversity is important too.

Wrongthink has no place in‚Ä¶",@roon82 @Apple I‚Äôm also experiencing this issue,I have quite the @apple addiction #AppleLife #AppleWatch https://t.co/G5QkajGcED,this is actually terrifying @Apple WHY did u think this was a good idea? https://t.co/9cnwz0KToF,"The #samsunganyphone sucks, but that upgrade to a @SamsungMobile commercial shits on @Apple",@Apple It almost makes me want to turn auto-correct off (I already don't use auto-complete/suggest/whatever it is)‚Ä¶ https://t.co/Vm5ZNWQx18,More &amp; more I feel like an unofficial beta tester for @apple. My MBP randomly crashes. iOS 11 sucks. If not for 3rd party apps that I &lt;3..,Thanks for taking away the main function I used my watch for. Fuck you @Apple like seriously FUCK YOU,"@Apple Earlier this morning, my phone insisted on randomly capitalizing the word ""drive"" mid-sentence and I had to‚Ä¶ https://t.co/1ZTQyW3sP4",#Apple's #Diversity VP #DeniseYoungSmith To Step Down After #WrongThink Purge https://t.co/83YSA3Vhn7 @mundanematt‚Ä¶ https://t.co/YugzeDAXhN,"@deanneprins Our ATRT @pdsbAT team ‚ù§Ô∏ès RW4GC but when on an iPad, use built-in accessibility features @Apple Amazin‚Ä¶ https://t.co/VTN3ded1ww","@deanneprins Our ATRT @pdsbAT team ‚ù§Ô∏ès RW4GC but when on an iPad, use built-in accessibility features @Apple Amazin‚Ä¶ https://t.co/aMS5BFpP1P",@Apple Why don't you make sure you have stock of new phones before you make updates to ruin everyones current phone‚Ä¶ https://t.co/zpZCeJjcbU,"RT @RoundSqrCupola: .@Apple fires Diversity Chief for suggesting that intellectual diversity is important too.

Wrongthink has no place in‚Ä¶","@tim_cook @Apple ‚Ä¶Now posting it again as #SHADE 4Tim‚Ä¶DO NOT GET ME STARTED‚Ä¶U'LL NOT FIRE HER‚Ä¶UNDERSTAND ME?üòé‚Ä¶
‚Ä¶‚Ä¶ https://t.co/HaBvaetYz7","@SantinoB33 @Apple Had the same too, now i have to walk with 2 mobiles incase it will off again !",@TexasVC @AmericanExpress @Expedia @HiltonHonors @conradchicago @TheGwenChicago @Apple @BlackBerry Just desserts then,"My least favorite thing about having an iPhone is when @Apple's autocorrect feature changes my real, correctly spel‚Ä¶ https://t.co/21pVtuJPJT",RT @the_best_daily: 50% discount #sale #blackfriday #apple @apple #iWatch Apple Watch 42mm Stainless Steel Case with Sport Band https://t.c‚Ä¶,RT @the_best_offer: 50% discount #sale #blackfriday #apple @apple #iWatch Apple Watch 42mm Stainless Steel Case with Sport Band https://t.c‚Ä¶,RT @The_best_daily_: 50% discount #sale #blackfriday #apple @apple #iWatch Apple Watch 42mm Stainless Steel Case with Sport Band https://t.‚Ä¶,So I updated my @Apple watch to find I can no longer control the music on my phone. WHY!?!?!  Why would you remove‚Ä¶ https://t.co/47nkCdKO8O,@TheReal_AD @Apple Steve Jobs can rot in liberal hell for choosing to make everything difficult,"RT @caraxc_: .@Apple stop fucking up my old ass iPhone every time a new one is released. I don't have an iPhone X, I've never had an iPhone‚Ä¶",RT @the_best_offer: 50% discount #sale #blackfriday #apple @apple #iWatch Apple Watch 42mm Stainless Steel Case with Sport Band https://t.c‚Ä¶,50% discount #sale #blackfriday #apple @apple #iWatch Apple Watch 42mm Stainless Steel Case with Sport Band‚Ä¶ https://t.co/1VySULg8mk,RT @Vashishtrv: @manuelrivascruz @Apple Great journal with great articles. Hey Siri is good one too. Pl have a look https://t.co/LleLXk0Lbc,50% discount #sale #blackfriday #apple @apple #iWatch Apple Watch 42mm Stainless Steel Case with Sport Band‚Ä¶ https://t.co/gnv88Wo4sg,50% discount #sale #blackfriday #apple @apple #iWatch Apple Watch 42mm Stainless Steel Case with Sport Band‚Ä¶ https://t.co/b5vjkl4kFf,50% discount #sale #blackfriday #apple @apple #iWatch Apple Watch 42mm Stainless Steel Case with Sport Band‚Ä¶ https://t.co/RrEvHfrUBP,@ValaAfshar @Apple @Google @facebook @amazon @Oracle @IBM @Uber @Yahoo @intel @YouTube @emc @eBay @SpaceX @VMware‚Ä¶ https://t.co/cvCHtU49BX,@JVolpacchio @iAm_erica @Apple Keyboard and mouse support pretty much has always been supported on Android. Damn yo‚Ä¶ https://t.co/wjKVM10x9o,"Yes, you read it correctly. @Apple  Diversity Chief ‚ÄòSteps Down‚Äô After Saying White People Can Be Diverse‚Ä¶ https://t.co/bt0AmaLAxo",@evleaks @reneritchie This is why I buy @Apple everything. I know the company will support the products they make f‚Ä¶ https://t.co/Pu02l9fqvs,Any suggestions out there to painlessly migrate from @Apple to @SamsungMobile?,@Apple @iPhone_News @iphone new operating system causing my text messages and photos not to go through and slowing‚Ä¶ https://t.co/mpoidQ2T87,So I ask Siri what the price of the Ford GT and she gives me stock prices for Ford and Goodyear Tires... lol not ev‚Ä¶ https://t.co/8ykgLcYxIS,Stay ahead of the times with this @gleamapp giveaway for the new @Apple Watch Series 3 with GPS + Cellular üëá https://t.co/cetWYH1Kqa,"@Apple hey, can you not start fucking up my phone with the latest update to force me to buy a new one. Thanksss","@FellipeC @MrMaitra @EliVieira @RoundSqrCupola @Apple @clairlemon Yeah, the CEO of Apple clearly has no vision or o‚Ä¶ https://t.co/Tnxsado4FZ","RT @RoundSqrCupola: .@Apple fires Diversity Chief for suggesting that intellectual diversity is important too.

Wrongthink has no place in‚Ä¶","@tim_cook @Apple ‚Ä¶Tim DO NOT FREAKING GET ME STARTED‚Ä¶GIVE HER JOB BACK U OUTRAGEOUS SELF-RIGHTEOUS LOSER!
‚Ä¶AND‚Ä¶When‚Ä¶ https://t.co/NHjmtijgYO","It seems that in High Sierra, the Mac Finder cannot display artwork in mp3/AAC files. Let‚Äôs hope it‚Äôs a bug and not‚Ä¶ https://t.co/hMpcegKygy",@Apple is the bokeh supposed to be like this on my (albeit amazing) #iphoneX ? Not as buttery smooth as on my iPhon‚Ä¶ https://t.co/dBJs0tgX93,Having an #iphonex on #Verizon is like having a speed boat in the desert!!! Useless!!! worst lte network. I need to‚Ä¶ https://t.co/03hy5WRayk,"@Apple , phone just died on 98% let's get this free phone issue going","RT @caraxc_: .@Apple stop fucking up my old ass iPhone every time a new one is released. I don't have an iPhone X, I've never had an iPhone‚Ä¶",@manuelrivascruz @Apple Great journal with great articles. Hey Siri is good one too. Pl have a look https://t.co/LleLXk0Lbc,"@newtonscript @dastels @Apple I got Prota #newtonscript to compile and run on OS X, and pushed to GitHub. Not as ca‚Ä¶ https://t.co/DuVuW55ZUP","RT @raluca3000: Immigrants or their children founded these US tech companies

@Apple
@Google
@Facebook
@Amazon
@Oracle
@IBM
@Uber
@Yahoo
@I‚Ä¶","RT @RoundSqrCupola: .@Apple fires Diversity Chief for suggesting that intellectual diversity is important too.

Wrongthink has no place in‚Ä¶",It‚Äôs time for @apple to get rid of the iPhone mute switch. If you don‚Äôt have your phone on silent in 2017 you‚Äôre a sociopath.,@SamsungMobile 100% @Apple  5 years behind https://t.co/h04t5nGnty,.@crAppleSupport hey @Apple ios 11 sucks so hard I had to get a battery case just to restore phone life for a day,@chyleighdnvrs ME! @Apple FIX THIS,@Apple IÔ∏è think the iPhone 6s that was so sold to me was magical because IÔ∏è dropped IÔ∏èt in the toilet and it brough‚Ä¶ https://t.co/klJ4n4o3tC,"Ever since the latest update, my iPhone has been a useless piece of shit.I used to love this thing too. Sigh. @Apple","RT @ValaAfshar: US tech companies founded by 1st and 2nd generation immigrants üá∫üá∏

@Apple
@Google
@Facebook
@Amazon
@Oracle
@IBM
@Uber
@Yah‚Ä¶",Member when @AmazonVideo was coming sometime later this year to @Apple TV...good times... https://t.co/53qhunbPsZ,"RT @caraxc_: .@Apple stop fucking up my old ass iPhone every time a new one is released. I don't have an iPhone X, I've never had an iPhone‚Ä¶",@DexterC73 @iAm_erica @Apple So basically you want Android...,okay @Apple but can we get a little sassy snap emoji?????,Fascinating! Love @Apple's Machine Learning Journal. https://t.co/Ol785v3zQs,"@devonshiremall do you have someone lined up to fill the soon to be empty Sears spot? 

Hey @Apple we have an openi‚Ä¶ https://t.co/0Vn9x1iSTH",Win a chance to win @Apple iPod by just downloading Amazon app and signing in https://t.co/TXuaHBaXyA #AmazonIndia https://t.co/AGk2nqJGyJ,RT @SuperNerdLand: So lemme get this straight. Person on the left used to be @Apple VP of Diversity. Says that diversity of thought is impo‚Ä¶,@ATT and @Apple are terrible. Bought a new phone 2 days ago and my iMessage nor FaceTime works. And they act like t‚Ä¶ https://t.co/h6z1iAOzJ5,"RT @caraxc_: .@Apple stop fucking up my old ass iPhone every time a new one is released. I don't have an iPhone X, I've never had an iPhone‚Ä¶",Stay ahead of the times with this @gleamapp giveaway for the new @Apple Watch Series 3 with GPS + Cellular üëá https://t.co/4mKwdZJHJT,"@Apple I can't see my photos in my iCloud storage area, can you help me?","RT @MrMaitra: @RoundSqrCupola @Apple @clairlemon So firing a woman of colour who wants viewpoint diversity, and hiring a regular white libe‚Ä¶",Stay ahead of the times with this @gleamapp giveaway for the new @Apple Watch Series 3 with GPS + Cellular üëá https://t.co/T8C3jCeL6E,"RT @RoundSqrCupola: .@Apple fires Diversity Chief for suggesting that intellectual diversity is important too.

Wrongthink has no place in‚Ä¶",Only the passing yards one was you...my iMessages must be off today...hmmmmm @Apple ya wanna fix that? https://t.co/n7SlSRi26X,Finally in my hands.. It was quite difficult to get it here in South America thanks @tim_cook and @Apple I‚Äôm very e‚Ä¶ https://t.co/mRqHjrbpNp,@tim_cook @Apple ‚Ä¶by sidewalk talking to another homeless woman BUT GUESS WHAT? THAT WOMAN WAS BLACK‚Ä¶Which takes us‚Ä¶ https://t.co/Qsq27YQ7cs,"@JCTurnr @Apple Thanks, I‚Äôll check that out :)","I literally JUST figured out that if you hold down on the brightness thing, it allows you to turn on &amp; off night sh‚Ä¶ https://t.co/yk3acX71mn",Hopefully @Apple is able to fix my phone or give me a replacement since I've driven over 50 miles to get to this store üôåüèæ,@apple: your reminders are intrusive.,"RT @caraxc_: .@Apple stop fucking up my old ass iPhone every time a new one is released. I don't have an iPhone X, I've never had an iPhone‚Ä¶","@tim_cook @Apple ‚Ä¶So I put $100 bill by window &amp; she took it &amp; said ""GodBlessU""‚Ä¶She started crying‚Ä¶U think this wom‚Ä¶ https://t.co/rU0AmqI4c4",That new @Apple iPad commercial is BRU-TAL,"RT @RoundSqrCupola: .@Apple fires Diversity Chief for suggesting that intellectual diversity is important too.

Wrongthink has no place in‚Ä¶","@Apple Part 2. Btw, in the first video, he‚Äôs whipping his head around to try to wind me. He looked at me 10 seconds‚Ä¶ https://t.co/SGDCtovDBK","I‚Äôm on my way for the @Apple store, this isn‚Äôt acceptable #KEEPMECOMING https://t.co/XDsZ8UMwFl",@Apple Steve jobs is rolling in his grave with how bad ios11 is.,Need @Apple #macbook help! Flashing folder with ? How do IÔ∏è get it to recover my data??,Survived my first full marathon! Shoutout to @apple and the amazing iPhone X. Crashed 1 mile in and wouldn‚Äôt turn b‚Ä¶ https://t.co/6R8kubd9nn,"Immigrants or their children founded these US tech companies

@Apple
@Google
@Facebook
@Amazon
@Oracle
@IBM
@Uber‚Ä¶ https://t.co/FAzU0nfqiG",@tim_cook @Apple ‚Ä¶This was a WHITE HOMELESS WOMAN &amp; I was so shocked this is in CAPITAL OF USA so I took pic‚Ä¶She wa‚Ä¶ https://t.co/mqxVvMpRIK,@Apple a sad cowboy emoji? üòîü§†,"RT @caraxc_: .@Apple stop fucking up my old ass iPhone every time a new one is released. I don't have an iPhone X, I've never had an iPhone‚Ä¶",iPhone charger already broke üôÑ @Apple y‚Äôall need some better wires ü§¶üèæ‚Äç‚ôÇÔ∏è,Hey @Apple I want to handoff Now Playing from my iPhone to my Apple TV. Especially music. #implementplease,The @Apple iPhone X is more expensive than 2 humans from Libya. #Apple #Libya,"Oh FFS @Apple. 
Do better. https://t.co/mLglxE6rNU",Really @Apple ? Over a month after the reales of the IPhone 8 and we still have terrible glitches and a question ma‚Ä¶ https://t.co/gOjfZ054Hk,When your 1 year old phone is in ‚Äúimmaculate condition‚Äù thanks to @LifeProof but the rattle inside the @Apple is on‚Ä¶ https://t.co/KggXtguHjY,"Thanks @Apple No dongle, can‚Äôt workout. #Nomusic","@Apple Please, I need a free iPhone 8üò≠üò≠üò≠",RT @mollywatttrust: Thank you @MollyWattTalks for advocating for the #ushersyndrome #deafblind #blind #deaf communities at @apple HQ great‚Ä¶,@apple mail client classified their own email as junk. https://t.co/y2NpQ4zNzR,Don‚Äôt get the @Apple  iPhone X I have it and it‚Äôs trash. Actually might switch to Android.,Thanks @Apple for my free new iPhone y'all mfers really came through for the kid today üòèüòèüòè,ok @GoogleUK lets see what your #Pixel2XL is like now that @Apple have priced themselves out the market with #iPhoneX,@Apple So does that iPad Pro drain as fast as my iPhone and also take twice as long for all the apps to load with iOS11?,"@tim_cook @Apple ‚Ä¶Her behavior, answers2things‚Ä¶Decision-making skills will all be shaped by her background, life ex‚Ä¶ https://t.co/PRGUd1F2OU",@khughes483 @Apple Well u know me...here to help üëçüòÇüôà,"RT @caraxc_: .@Apple stop fucking up my old ass iPhone every time a new one is released. I don't have an iPhone X, I've never had an iPhone‚Ä¶",RT @AJVicens: Hey @Apple @AppleSupport I liked your phones a lot better when the camera worked without glitching out all the time. What the‚Ä¶,"Now that I have WiFi, here‚Äôs the video I took of Arty the albino deer. Also, shoutout to the iPhone 8 camera, becau‚Ä¶ https://t.co/mydurwaEu2","RT @caraxc_: .@Apple stop fucking up my old ass iPhone every time a new one is released. I don't have an iPhone X, I've never had an iPhone‚Ä¶","@SnazzyQ Hi Quinn .@SnazzyQ, I just finished watching ur video, it was quite funny, but also it's so true.  I borro‚Ä¶ https://t.co/S2Cl3OOjk2",I hate @Apple,"RT @RoundSqrCupola: .@Apple fires Diversity Chief for suggesting that intellectual diversity is important too.

Wrongthink has no place in‚Ä¶","@KarlPPHughes @Apple Damn you üòÇüòú nice to know that if I can‚Äôt to unlock my phone, I can always ask you üòÇüòÇ",@EliHurley @Apple @AppleSupport I just finally got back on to twitter thank you for posting this. Got a new compute‚Ä¶ https://t.co/Pg1rjgcF6Q,@Sam_breuer @iPhonedo @iOSNewsAndMore @MacRumors @Apple @Apple has done an amazing job taking our money for the pas‚Ä¶ https://t.co/F1jO35uluA,Sitting in the @Apple store..w an appointment waiting - is a living hell #ifitdoesntworkafterthis #switchingtodroid,@CdnCyclist41 @Apple Should have stuck with @BlackBerry!,‚Ä¶Back2this2ProveMy&amp;Others&amp; #DeniseYoungSmith' pointüòé‚Ä¶THIS PICTURE TAKEN IN DOWNTOWN WASHINGTON DC‚Ä¶Do @tim_cook‚Ä¶ https://t.co/7sOnV2GWKH,Hey @Apple my twin brothers new #iPhoneX is very sleek and easy to use...I know this as I can unlock and use his ph‚Ä¶ https://t.co/GU5o5w8LrF,@RoundSqrCupola @Apple And Apple further not understanding that you can have intellectual diversity AND diversity o‚Ä¶ https://t.co/cKE4dcJkhQ,RT @chrisshipitv: Why did @Apple create an update that turns a perfectly good iPhone into one that operates like a sleeping tortoise with b‚Ä¶,RT @crabpitt: @Apple that was one of the worst commercials I‚Äôve seen in a long time #ipad #whatsacomputer #fireyourcommercialmanager,"I wanna step on this ""not a computer"" so bad @Apple https://t.co/DIk2dtHQPd",RT @veronicaweibs: YO @Apple WAS SO STOKED ON YESTERDAYS @lost_lands ANNOUNCEMENT THEY RELEASED A TREX &amp; BRACHIOSAURUS EMOJI cc: @Excision‚Ä¶,@ValaAfshar @Apple @Google @facebook @amazon @Oracle @IBM @Uber @Yahoo @intel @YouTube @emc @eBay @SpaceX @VMware‚Ä¶ https://t.co/RyPHWkbBz5,Yet there‚Äôs still no option for red hair @Apple üôÑ I have to use the yellow version because there‚Äôs no option for me‚Ä¶ https://t.co/Ogi2Yszqyt,"Since the @Apple store in #TheGrove in Los Angeles, Ca treats it‚Äôs black customers like this, i may as well switch‚Ä¶ https://t.co/oQlCHNEKPD",@Apple that was one of the worst commercials I‚Äôve seen in a long time #ipad #whatsacomputer #fireyourcommercialmanager,@Apple just wondering when you‚Äôre going to add a ‚Äòno power off‚Äô feature when iPhones have lost mode enabled? Availa‚Ä¶ https://t.co/BgI2tVHZTP,"RT @caraxc_: .@Apple stop fucking up my old ass iPhone every time a new one is released. I don't have an iPhone X, I've never had an iPhone‚Ä¶","@vitovalov @WallapopEng @AppleSupport @Apple did you uninstall this app after granting Photos permission, then re-i‚Ä¶ https://t.co/F46Z9omSAq","The @Apple store in The Grove in Los Angeles, Ca clearly shows racial favortism towards its customers. I wish it wa‚Ä¶ https://t.co/9nmrAkLJTv","RT @RoundSqrCupola: .@Apple fires Diversity Chief for suggesting that intellectual diversity is important too.

Wrongthink has no place in‚Ä¶","RT @RoundSqrCupola: .@Apple fires Diversity Chief for suggesting that intellectual diversity is important too.

Wrongthink has no place in‚Ä¶","RT @RoundSqrCupola: .@Apple fires Diversity Chief for suggesting that intellectual diversity is important too.

Wrongthink has no place in‚Ä¶","RT @caraxc_: .@Apple stop fucking up my old ass iPhone every time a new one is released. I don't have an iPhone X, I've never had an iPhone‚Ä¶","RT @caraxc_: .@Apple stop fucking up my old ass iPhone every time a new one is released. I don't have an iPhone X, I've never had an iPhone‚Ä¶",it's so interesting how @Apple is supposed to be sooo innovative and great and yet still stuff disappears from your‚Ä¶ https://t.co/5LyOaTbm6J,"RT @caraxc_: .@Apple stop fucking up my old ass iPhone every time a new one is released. I don't have an iPhone X, I've never had an iPhone‚Ä¶",Any update on FaceTime support in Kingdom of Saudi Arabia ? @Mobily1100 @STCcare @Zain @ZainKSA @AppleSupport @Apple https://t.co/JxzCItg2OI,@RoundSqrCupola @RealWendyBelle @Apple No to diversify! Yes to excellence.,"RT @MrMaitra: @RoundSqrCupola @Apple @clairlemon So firing a woman of colour who wants viewpoint diversity, and hiring a regular white libe‚Ä¶",@Apple can give me iphone x üò™,RT @Apple: iPad Pro + iOS 11. Use Apple Pencil to create expressive multimedia notes.,"Hey @Apple, where are all my MP3s and WAVs I buy off @Beatport? Updated iTunes and they are all gone. Thanks for pissing me off.",RT @xpeesx: So strange that my @Apple iPhone would render it‚Äôs self almost useless after a new iPhone was released. ü§î,The @Apple store at #TheGrove has the worst customer service I‚Äôve EVER experienced in my life! I don‚Äôt like to make‚Ä¶ https://t.co/RnlkzgKF9p,Outstanding read on @facebook @Apple and the lessons of Peter Lynch via @LivewireMarkets https://t.co/fs6ztlPZyf really enjoyed this one,Wish @Apple could allow ‚Äúscreen mirroring‚Äù without limiting strictly to apple products.,@Apple can you explain to me how I spent $600.00 on an Iphone 6 and now my battery after these last two updates wil‚Ä¶ https://t.co/gCrmEQFBWF,"So, @Apple needs to make videomail so i can leave a video message when my friends don't answer my facetime","RT @caraxc_: .@Apple stop fucking up my old ass iPhone every time a new one is released. I don't have an iPhone X, I've never had an iPhone‚Ä¶",I am so fricken excited to go @Apple Park next week. I‚Äôm going to go ham and buy all of the merch.,Stay ahead of the times with this @gleamapp giveaway for the new @Apple Watch Series 3 with GPS + Cellular üëá https://t.co/WulWRdL9aq,"RT @RoundSqrCupola: .@Apple fires Diversity Chief for suggesting that intellectual diversity is important too.

Wrongthink has no place in‚Ä¶",RT @walter_smith: @newtonscript @dastels @Apple This is the best I can do. https://t.co/ceoQ0EgrRH,OMG! Why did I wait so long to get @apple #AirPods?!? These things are amazing!! @reneritchie @apollozac @imyke @ismh,@Apple It is not possible that my 5 iPhone screen has been damaged with only dropped about 20 cm. from the ground.‚Ä¶ https://t.co/uyh1CVoM56,Why the fuck haven't I got an email to reset my @Apple password yet if I've been trying to do it since this morning‚Ä¶ https://t.co/RjjDGvE4lY,"@RoundSqrCupola @JonHaidt @Apple Quick, someone who values true diversity, hire her quickly.","RT @aubrey_huff: .@Apple devices are destroying our kids ability to communicate face to face. And leading to massive anxiety, and depressio‚Ä¶",@apple we‚Äôre all waiting in line. what a dumpster fire of management. Why did I get a pickup appointment again? https://t.co/uWbAc39mYO,"RT @RoundSqrCupola: .@Apple fires Diversity Chief for suggesting that intellectual diversity is important too.

Wrongthink has no place in‚Ä¶","RT @RoundSqrCupola: .@Apple fires Diversity Chief for suggesting that intellectual diversity is important too.

Wrongthink has no place in‚Ä¶","RT @caraxc_: .@Apple stop fucking up my old ass iPhone every time a new one is released. I don't have an iPhone X, I've never had an iPhone‚Ä¶","@clairemangum @AppleSupport @Apple They can tell me I need to replace it over Twitter, then I‚Äôll make that drive","RT @PrizeSquad: FOLLOW &amp; RETWEET TO #WIN THIS @Apple iPhone X, 256GB. #GIVEAWAY
Ends: 24/11/17 #COMPETITION #iPhoneX https://t.co/BHTmtVp3qu",@AllySwift @Apple They need a flamingo too @AllySwift,@ThompsonMaryJ1 @Apple @Amex That's what you get for buying products for the snob appeal.,"Hand down the best feature of the #iPhoneX. It becomes an inoperable brick &amp; can't be revived.

#applesupport‚Ä¶ https://t.co/yvs93ghSLP",RT @xpeesx: So strange that my @Apple iPhone would render it‚Äôs self almost useless after a new iPhone was released. ü§î,Stay ahead of the times with this @gleamapp giveaway for the new @Apple Watch Series 3 with GPS + Cellular üëá https://t.co/6jXOFczMGh,"RT @SuperNerdLand: @Apple Former talks about how diversity isn't a box you should be ticking, how folks need to look at the long term patte‚Ä¶",@AirEuropa doesnt like @Apple https://t.co/qErUub1LEc,RT @SuperNerdLand: @Apple So I'm sitting here listening to what I can of these two. And I have to say that Dr. Smith (blond chick) is quite‚Ä¶,"RT @SuperNerdLand: @Apple I mean, I'm not saying they are racist. But that does look suspect AF https://t.co/7JJS2wtmXe",@RoundSqrCupola @Apple This should show how limited identity politics really is in practice. It's still the ideas t‚Ä¶ https://t.co/z1XSKHkz4M,RT @pierrebri: Someone in Paris with a message for @Apple #PayYourTaxes https://t.co/9ljNomTLpV,"Germany bans smartwatches for kids and asks parents to destroy them 
Please pay attention: @Google @Apple @LGUK‚Ä¶ https://t.co/ocah6lkbam","@idave2000 @Apple @Android No Dave. Not going to happen. Apple QA process aside, still sticking with @Apple ;-)",@ahoneycutt_23 @AppleSupport @Apple How they gonna replace the battery over Twitter???,Wow one step closer to being a Creative at @apple,@Apple @Microsoft Again new update is released,"@Apple #Apple Are you kidding me, So apparently according to this company, White Men cannot be diverse, we're all t‚Ä¶ https://t.co/kVQnDAnggG",@Apple @AppleSupport  how y‚Äôall fix one problem to give me another one ? Get yo life !! https://t.co/eW0eAcDpSn,@Apple y‚Äôall see this? y‚Äôall dumb af fix this shit,@Apple I should be able to shorten the time notifications appear at the top of the screen. They get in way often.,"RT @Apple: @Dwarfford Thanks for joining the #AppleEvent. Say hello to the future. iPhone X.
https://t.co/qtR0VeO3eI",RT @SuperNerdLand: So lemme get this straight. Person on the left used to be @Apple VP of Diversity. Says that diversity of thought is impo‚Ä¶,@lilbabyshubble @whydontwemusic @JonahMarais @jackaverymusic @corbynbesson @ImZachHerron @SeaveyDaniel @Apple YASSS‚Ä¶ https://t.co/urRjxWnUln,"Did @Apple just fire a black woman, Denise Young Smith, for not being black enough? https://t.co/i2H9h2noJQ",@nandrewc @Apple The answer? be an @Android sheep and not an @Apple sheep! BAAAAAAndroid!!!,RT @14PrestonQ22: this right here @Apple https://t.co/JaXv7gQ8fl,@khaleese @Apple Lmao what did they do?,Turns out @Apple wiped my laptop after I specifically talked with 2 different employees about not erasing the data.‚Ä¶ https://t.co/pGlSSmiL8Z,Hate to be generic but my iPhone has fully gone to shit since the release of the 8 and X @Apple we know your game,@Apple please bring and/or conditions to #Homekit automations in #iOS12 and a native #macOS app,@NicolaSturgeon What was the pretence you were sold lol might see a relative of boris eat kangaroo testicles üòÇyou s‚Ä¶ https://t.co/BtJDHnorBy,"RT @RoundSqrCupola: .@Apple fires Diversity Chief for suggesting that intellectual diversity is important too.

Wrongthink has no place in‚Ä¶",@TheRealRevK @Apple @monzo @LloydsBankBiz Never had an issue with monzo and apple,Hey @Apple if you could figure out your policies that would be great. I‚Äôve been dealing with trying to pick up a ph‚Ä¶ https://t.co/fj6VDhWS9Q,@Apple Works after restarting. Thanks @Apple,@nath_joya @whydontwemusic @JonahMarais @jackaverymusic @corbynbesson @ImZachHerron @SeaveyDaniel JOYA NEEDS A NEW PHONE @Apple,@Apple replenish iPhone X stocks @mapledti @RelianceDigital @cromaretail @IngramMicroInc @redingtonvalue @hcltech,"@Apple Hey Apple, can you turn me into an emoji. It‚Äôs good every year. It will get used very often. üò¢ https://t.co/tVKUhAvgAk","@Apple could you send me an iPhone X for tests. Get my address, DM me.","Why are these my only choices now with the settings, @Apple?? Old software v. New software https://t.co/iJGUiuGeD8",RT @CurlyHeadJackyy: Bitch Apple owe all of us a new phone period. RUN US OUR SHIT @apple,"RT @ValaAfshar: US tech companies founded by 1st and 2nd generation immigrants üá∫üá∏

@Apple
@Google
@Facebook
@Amazon
@Oracle
@IBM
@Uber
@Yah‚Ä¶","Seriously @apple, the sync of photos/video between devices is slower than molasses.",@Apple and the rest of the tech industries wokeness has reached peak stupid!  https://t.co/h9RS9HQLcZ,@Apple @tim_cook Safari websockets are broken. Can't run my @Cloud9IDE Take a look at Opera browser and see how others leaped forwards.,"@pastramimachine @Apple @illumina Other than things like packard fellowship, and other industry fellowships? Go to‚Ä¶ https://t.co/o7Iu3NqJDE",@Apple Pay your fucking taxes,"@yehandlemerahai @Apple Iphone 6, Sept. 17' main liya. Not able to tranfer my data from Android &amp; not getting authe‚Ä¶ https://t.co/UtMy03e6GI","RT @RoundSqrCupola: .@Apple fires Diversity Chief for suggesting that intellectual diversity is important too.

Wrongthink has no place in‚Ä¶",@mrkyledodson @Apple @AppleSupport then thats really fricken strange!,@pastramimachine @Apple @illumina I‚Äôd be more likely sponsored by @RoyalPeasantAth,"@Apple I have been on do not disturb for the last couple of days, so why am I receiving calls???!",RT @the_best_daily: 18% discount #sale #save #blackfriday @apple #apple #iPodTouch Apple iPod and Accessories 32GB‚Ä¶ https://t.co/Bji0UIZql2,RT @the_best_offer: 18% discount #sale #save #blackfriday @apple #apple #iPodTouch Apple iPod and Accessories 32GB‚Ä¶ https://t.co/3niTEKuzeY,@OliverLane96 @Apple @AppleSupport nah don‚Äôt have one,RT @The_best_daily_: 18% discount #sale #save #blackfriday @apple #apple #iPodTouch Apple iPod and Accessories 32GB‚Ä¶ https://t.co/ShFBnHICiS,The pain of waiting for an @Apple rep is worth the public humiliation of a cracked screen.,@jamesbrobinson @gavdixon75 @Spigen @Apple @ocvisuals @Delta_Nine I hope they make the battery case they have for t‚Ä¶ https://t.co/lU87MGzsFg,18% discount #sale #save #blackfriday @apple #apple #iPodTouch Apple iPod and Accessories 32GB Blue (6th Generation‚Ä¶ https://t.co/aUbZJvW6br,18% discount #sale #save #blackfriday @apple #apple #iPodTouch Apple iPod and Accessories 32GB Blue (6th Generation‚Ä¶ https://t.co/EN8mSsA7m6,18% discount #sale #save #blackfriday @apple #apple #iPodTouch Apple iPod and Accessories 32GB Blue (6th Generation‚Ä¶ https://t.co/anNJOIAmpc,18% discount #sale #save #blackfriday @apple #apple #iPodTouch Apple iPod and Accessories 32GB Blue (6th Generation‚Ä¶ https://t.co/jEzixpMi4o,"RT @JoshyMcB: FYI!!! #Iphone Users! @apple came up with an update to FIX the keyboard ""I"" issue! Thank the LORD!",Hey @Apple why is there no facemail? I can leave a voice mail but I can‚Äôt leave a facemail. Make it happen on the next update plz thnx,So far tech wise I think my old iPhone 5s is better than my new iPhone 6s. It‚Äôs nowhere near the quality I was expe‚Ä¶ https://t.co/516oqOEkJ2,"@iTunes   How much longer isl @Apple going to leave the Ponzi scheme app,  'BitConnect' which promises 1+% daily in‚Ä¶ https://t.co/Efr3dzcauS",Either my phone is hacked or ios11 is going crazy. I was in the other room and my phone started playing spotify mus‚Ä¶ https://t.co/3EweiqJQfx,I may or may not have made sure I worked 3rd shift tomorrow so I can be home when my IPhone X gets delivered.‚Ä¶ https://t.co/QCGEiCA8Al,@Apple nobody's taking an ipad pro up in a got damn tree,RT @pierrebri: Someone in Paris with a message for @Apple #PayYourTaxes https://t.co/9ljNomTLpV
