So if @facebook could just put the notification ribbon area thing back to the top where it belongs... and stop drai‚Ä¶ https://t.co/A4PRqnpmgN,"RT @vencafglobal: Dang...quite a day in #STL innovation community. @facebook and @google hanging in @CortexSTL. Mark Zuckerberg, you going‚Ä¶",RT @NICE_CX: Is @Facebook #FBMessenger the future of #customerservice? @CreaseyEd comments in @MyCustomer on the new plugin allowing brands‚Ä¶,Is @Facebook #FBMessenger the future of #customerservice? @CreaseyEd comments in @MyCustomer on the new plugin allo‚Ä¶ https://t.co/AxkvGJVBQL,Is @Facebook #FBMessenger the future of #customerservice? @CreaseyEd comments in @MyCustomer on the new plugin allo‚Ä¶ https://t.co/MD4g8PItKU,"https://t.co/9ZbBrn0jk6

New ep next week as we transition from Spooky to Comics. #ThorRagnarok &amp; #JusticeLeague  I‚Ä¶ https://t.co/UUdPP8r5JM","RT @AD_WHITMAN: The #HarveyWeinstein rehabilitation unit is apparently as an ELITE intern at @facebook.
üòÇüòÇüòÇüòÇüòÇüòÇüòÇüòÇüòÇüòÇüòÇüòÇüòÇüòÇ https://t.co/65tmA0s‚Ä¶",Anyone else check the amount of views on a video on #Facebook to get a rough idea if it‚Äôs going to be worth a watch üòÇ @facebook #videos,@RazorbackHockey I‚Äôll bribe a scratch to @facebook live the games this weekend! #D3,"@facebook why does your mobile app for android keep freezing? Tried reinstalling, no change.",#ImSoOldSchoolThat I remember what I how old &amp; what I was doing when the big 5 came into being. The big 5 is:‚Ä¶ https://t.co/4LKZz8gowJ,I honestly hate @facebook‚Äôs music policies when every video I make and upload is from @NocopySounds,CHECK IN AT THE TRUCK ON @facebook &amp; share your feedback w/ us we have a new #SOCAL PAGE at https://t.co/M02759I0R4 #sharingiscaring,WATCH the short film ‚ÄúA Shepherd‚Äôs Story‚Äù 1999. Re-released. #faithbasedfilms @facebook #movies  https://t.co/VaI04QKTe2,RT @6BillionPeople: Headed to @facebook Headquarters,@facebook @fbanalytics @fbsecurity I have once again been banned for NO REASON. Please contact me as I am losing mo‚Ä¶ https://t.co/IRkT2LCBtb,What? Looking askance at this one - @Facebook asks users for nude photos in project to combat revenge porn. https://t.co/GwXuOldGRR,"@marksandlin @FBPurity does it, but only on a desktop browser. @Facebook needs to make it work everywhere.",@MCClubOfficial @facebook Ready and waiting........,"RT @AD_WHITMAN: The #HarveyWeinstein rehabilitation unit is apparently as an ELITE intern at @facebook.
üòÇüòÇüòÇüòÇüòÇüòÇüòÇüòÇüòÇüòÇüòÇüòÇüòÇüòÇ https://t.co/65tmA0s‚Ä¶","RT @unicefturk: #foreverychild, right to education
@facebook and UNICEF have jointly presented the #HackforGood award to @4129Grey followin‚Ä¶",RT @slpng_giants: üö®NEW ACTION: @facebook‚Äôs Carolyn Everson was nice enough to answer your emails regarding FB serving ads on Breitbart desp‚Ä¶,RT @UNFCCC: Join the astronaut @thom_astro at 13:00 CET at #COP23 on @Facebook Live https://t.co/UEnsSfgzkb https://t.co/m7g0HLYYAU,RT @gatewaypundit: Hey @Facebook you can lift the boot off our neck now... Is it just conservative news sites you continue to target?,Aaaand another one @facebook (11) #facebookVideoAds,"@TheoSuch @BarackObama @facebook Um, Facebook‚Äôs CEO, as he has repeatedly admitted",@EA bring back @superherocity  to @facebook,@jeffersonpooley Is @BarackObama wrong or is @Facebook's CEO wrong?  #russia #hysteria #LiberalLogic https://t.co/WKwWfI08wS,"RT @slpng_giants: So the question is why @Google @facebook &amp; @taboola continue to help them monetize this shit. 

Another example of tech p‚Ä¶","RT @VegNews: Have you checked out our @Facebook Live broadcasts? Don't miss out on this one, where we explore the best of #vegan at @Target‚Ä¶","RT @nominetwork: ""On @facebook webpages there are 8,000 pages on how to rape women,"" @patmitchell #powertochange #LetsEndIt #UWWSummit #uta‚Ä¶",RT @KUProvostNeeli: What a great event with @facebook CEO Mark Zuckerberg!!!  I truly enjoyed the experience and being able to host him at‚Ä¶,"RT @MLconf: @facebook Rushin Shah, engineer leader speaking on Natural Language Understanding @ Facebook Scale #mlconfsf https://t.co/6xAut‚Ä¶",Twitterverse we need to have @Mr_Camron album trending on @Twitter @instagram @facebook @Snapchat @AppleMusic‚Ä¶ https://t.co/B3KjYE4a3B,Lauren Westbrook from @facebook BluePrint walksthru best practices for Facebook &amp; Instagram marketing #AfroTech17 https://t.co/VXthHCiWUy,"RT @StudentLoanHero: 5 easy ways to make money on @YouTube, @Facebook, @Instagram, and @Twitter https://t.co/lVtWxuq71X #socialmedia via @D‚Ä¶",@facebook @haneyca12 Please follow me. I urgently need to DM you about an ongoing issue I can‚Äôt get resolved,@newtgingrich @facebook Better question would what would America look like if Newt was never born? Yea or nay?,"RT @4sqSUde: ""The @Facebook Local #app could become a legitimate alternative to Yelp or #Foursquare. By bundling these with local business‚Ä¶","RT @newtgingrich: Watch the latest episode of my @facebook show, What If? History that Could've Been here: https://t.co/u164UWKQxs https://‚Ä¶","@facebook your captcha doesnt work, I cant successfully delete my account.","RT @thinkmariya: ‚ÄúPeople keep finding ways to mess up our language models,‚Äù says Rushin Shah, head of @Facebook #NLU group. Model thought S‚Ä¶","RT @4sqSUde: ""Still a little unclear on why #Local needs to exist as a standalone #app ‚Äî other than the fact that the @Facebook app is so c‚Ä¶","""On @facebook webpages there are 8,000 pages on how to rape women,"" @patmitchell #powertochange #LetsEndIt #UWWSummit #utahwonderwomen","RT @newtgingrich: Watch the latest episode of my @facebook show, What If? History that Could've Been here: https://t.co/u164UWKQxs https://‚Ä¶","@facebook I messaged you a few days ago about an issue my wife‚Äôs having and nobody has bothered replying, can expla‚Ä¶ https://t.co/NBAjguXFvz",Huh. Is @facebook selling fish and chips now? https://t.co/jPJAuAMDty,This is why people are leaving @facebook to use #FutureNet instead to get paid #Bitcoin! :) https://t.co/6YLBSArX0B‚Ä¶ https://t.co/g6Lnm7v61X,@facebookedu @facebook @make @thenerdyteacher Very cool !  More companies should do this,"""The @Facebook Local #app could become a legitimate alternative to Yelp or #Foursquare. By bundling these with loca‚Ä¶ https://t.co/ndRJQdjzt6",RT @KUProvostNeeli: What a great event with @facebook CEO Mark Zuckerberg!!!  I truly enjoyed the experience and being able to host him at‚Ä¶,"RT @facebookedu: Did you know that @facebook HQ has its very own #MakerSpace for employees to explore, design and MAKE? Check out the Faceb‚Ä¶",@taylorswift13 @facebook Nevermind @facebook - after 5 minutes the profile pictures randomly all re-appeared! I sha‚Ä¶ https://t.co/8k7Ct9Wb0K,@facebook I would like to permanently delete my account...I do not want to to have to wait until I actually die for‚Ä¶ https://t.co/3QPXtoL0Qp,"@facebook Still suspended for a post from 6 mths ago, that you term as recently. Tell me why are you ignoring my at‚Ä¶ https://t.co/dmN5ry7nG3","While, in her incisive &amp; valiant missive, @EllenPage acknowledges that her audience/platform/reach is larger than o‚Ä¶ https://t.co/IrDJUXMwaj","Have you checked out our @Facebook Live broadcasts? Don't miss out on this one, where we explore the best of #vegan‚Ä¶ https://t.co/Tv2VUe89jJ","just spent 30 amazing minutes on @facebook 
My friends prepared for me the bunch of entertainment - Art, Dance and‚Ä¶ https://t.co/h9I1kurocm",RT @Humanisingbirth: @JennytheM @facebook @all4maternity @hallmum5 @lauren28petrie @ACBmidwife @corden1326 @TinaSouth3 @AnnaMarshMW @Sagefe‚Ä¶,@mohawk3841 @MCClubOfficial @facebook Don‚Äôt encourage him lol,Top Dutch regulator moves to @facebook - https://t.co/yAFReCc89p,@facebook Help us change the verification process here in Australia for Facebook users. We are sick of scams and fa‚Ä¶ https://t.co/ExDmdowSyV,@MCClubOfficial @facebook Yes pleaseeeeeeeeeeeeeeeeeeeeeeeeeeeeeeeeeeeeeeeeeeeeeeeeeeeeeee,"5 easy ways to make money on @YouTube, @Facebook, @Instagram, and @Twitter https://t.co/lVtWxuq71X #socialmedia via @DearDebtBlog",RT @mohawk3841: @MCClubOfficial @facebook Yes!!!  We need the second instalment of ‚ÄúEva‚Äôs Drawers!‚Äù,RT @MCClubOfficial: Is anyone wanting me to do @facebook LIVE tonight?,RT @TruNews: Sean Parker: @Facebook Exploits Psychological Weakness https://t.co/Lp7chkaWi2 https://t.co/M7N45nyebH,RT @ceedee72: Outing a #bully on @facebook by publicly posting the nasty messages they sent to your inbox gets you a 7 day ban for harassme‚Ä¶,RT @6BillionPeople: Headed to @facebook Headquarters,"RT @A4A_Internet: .@Telefonica and @facebook are collaborating to tackle rural #connectivity in #Peru by combining network #tech, improving‚Ä¶","RT @Informatica: ‚ÄúWe wanted to make work communication as simple as commenting on a @facebook post‚Äù‚Äî@btaylor 

#DF17 https://t.co/F4HeGTAQkT",Sean Parker: @Facebook Exploits Psychological Weakness https://t.co/Lp7chkaWi2 https://t.co/M7N45nyebH,RT @Humanisingbirth: @JennytheM @facebook @all4maternity @hallmum5 @lauren28petrie @ACBmidwife @corden1326 @TinaSouth3 @AnnaMarshMW @Sagefe‚Ä¶,"RT @DangTechNickel: Rushin Shah @MLconf sharing @facebook #NPU #deeptext to improve recommendations with text classification, Word classifi‚Ä¶",@foxandfriends @kilmeade @ainsleyearhardt I like how today all these @FoxNews entertainers are going on @facebook t‚Ä¶ https://t.co/vjYrlmjBFw,"@PledgeMusic The New Red Beat Album ""Change and Phoenix"" is Out Now. @RoughTradeRecs @cdbaby @facebook‚Ä¶ https://t.co/2zDcaHSZbu",RT @6BillionPeople: Headed to @facebook Headquarters,RT @6BillionPeople: Headed to @facebook Headquarters,RT @ratribose: Breaking news: Hindu homes torched in attack by Muslim mob today after Jumu'ah prayer for alleged blasphemy over @facebook p‚Ä¶,@disqus @Twitter @facebook Left Wing Trolls. You post FACTS about Clintons.  TROLL pretending to be a Womanoid Left‚Ä¶ https://t.co/p9HOwdigDH,@TurnbullMalcolm @facebook @sherylsandberg Lord Waffle.... Please Malcolm give us an early Christmas present snd RE‚Ä¶ https://t.co/wMLWmwGSWD,"Hey @facebook, what‚Äôs the point of letting me opt-out of sharing my email address when authorizing 3rd party apps i‚Ä¶ https://t.co/pREKmc4yAH","RT @facebookedu: Did you know that @facebook HQ has its very own #MakerSpace for employees to explore, design and MAKE? Check out the Faceb‚Ä¶",@fox5dc @facebook is Catphishing,@MCClubOfficial @facebook but make it soon please,"RT @MLconf: @facebook Rushin Shah, engineer leader speaking on Natural Language Understanding @ Facebook Scale #mlconfsf https://t.co/6xAut‚Ä¶","@JournalStarNews @OWHnews @facebook Is Mark Zulkerberg a hypocrite? His charity position ""human advancement"" ""Our s‚Ä¶ https://t.co/RlFsbjjdJq",@MCClubOfficial @facebook please am waiting  for it,Intriguing development - @facebook is doing a nation-wide training for the unemployed. Check out this article.‚Ä¶ https://t.co/i9pFznbR2x,@MCClubOfficial @facebook Yes of course only if you are not too tired Mike! xx,RT @6BillionPeople: Headed to @facebook Headquarters,"Did you know that @facebook HQ has its very own #MakerSpace for employees to explore, design and MAKE? Check out th‚Ä¶ https://t.co/8hSmFagNIc",@Djmagidelic @reidmylipsxxx @rileyreidx3 @L1LDebbie @brookecandy @MileyCyrus @mellealizee @facebook‚Ä¶ https://t.co/w1w0gHlMHN,"@MCClubOfficial @facebook Er, YES! I wanted one last night as well!",@TurnbullMalcolm @facebook @sherylsandberg ASK HER ABOUT MANUS,"RT @Dazeinfo: Facebook Advertising: Better ROI for Investment
Read: https://t.co/D20P1se0O7 
@facebook #Facebook #Socialmedia #ReadToLead h‚Ä¶",@MCClubOfficial @facebook Yes!!!  We need the second instalment of ‚ÄúEva‚Äôs Drawers!‚Äù,@TurnbullMalcolm @facebook @sherylsandberg You should resign. Never mind tech,"Rushin Shah @MLconf sharing @facebook #NPU #deeptext to improve recommendations with text classification, Word clas‚Ä¶ https://t.co/oIQu5ySrPL",@MCClubOfficial @facebook Yes please we're awake üòÉüòÑ,@IanDunt @emcmillanscott Why indeed? It's also been deleting some of the functions I use a lot. @facebook,RT @ratribose: Breaking news: Hindu homes torched in attack by Muslim mob today after Jumu'ah prayer for alleged blasphemy over @facebook p‚Ä¶,RT @ratribose: Breaking news: Hindu homes torched in attack by Muslim mob today after Jumu'ah prayer for alleged blasphemy over @facebook p‚Ä¶,Is anyone wanting me to do @facebook LIVE tonight?,@facebook ...so zuckerberg does his ‚Äúgetting out of the bubble‚Äù tour with a stop At Kansas university which is the‚Ä¶ https://t.co/IoMjyrTVyZ,RT @6BillionPeople: Headed to @facebook Headquarters,"From a UX Design student's perspective, am I the only one that thinks @Facebook should get a UI revamp? It just see‚Ä¶ https://t.co/I6Rflm7HFG","RT @MSCloud: Microsoft and @Facebook's open AI ecosystem gains increasing support from more companies in the #AI field. Read:
https://t.co/‚Ä¶","The New Red Beat Album ""Change and Phoenix"" is Out Now. @RoughTradeRecs @cdbaby @roybakerjones @facebook üòéüé©ü§†üòç https://t.co/3dHAvNzrQC","@ruddycove @AdamHoge @Twitter @facebook Probably not, unfortunately, since people have dumbed themselves down and use that as common speak.",RT @AdamHoge: All this negative reaction to @Twitter‚Äôs 280-character limit reminds me of the first time @facebook changed its design. Peopl‚Ä¶,@Snapchat @facebook @Twitter @instagram I can‚Äôt stress enough how stupid it is to not have post in chronological order..,@TurnbullMalcolm @facebook @sherylsandberg Good chat. Agree 100%. Also need to take lessons from the initiative to speed up gov.,@Djmagidelic @reidmylipsxxx @rileyreidx3 @L1LDebbie @brookecandy @MileyCyrus @mellealizee @facebook‚Ä¶ https://t.co/X2giixNBlV,@RentsTweets @AdamHoge @Twitter @facebook You and I are showing our age by saying we first had Facebook when it was‚Ä¶ https://t.co/JDXXyGwqNo,RT @onedroptoday: @knowbetterfoods GOTTA make it @facebook Official üòç https://t.co/LI4CAyeIbZ,Don‚Äôt do it @Snapchat. @facebook @Twitter and @instagram really fucked up when they did this ‚ò†Ô∏è HATE my stuff not b‚Ä¶ https://t.co/Bz9bO4234b,"RT @thinkmariya: Two-tower model enables comparison of semantic similarity between content, not just syntactic similarity @Facebook @mlconf‚Ä¶",I tried to make my profile picture have the @taylorswift13 reputation filter and it deleted all my profile pics whi‚Ä¶ https://t.co/1nZVNkfxSi,"@BBCR1 
The New Red Beat Album ""Change and Phoenix"" is out Now. Available @RoughTrade @cdbaby @facebook https://t.co/pFmTCHQWou",@6BillionPeople @facebook Hope all is well bro?,The new @facebook algorithms mean having to produce more engaging posts @B2Community has tips here https://t.co/D37TfqAoBx #tips,RT @thinkmariya: Using CNN for document classification enables faster parallelization &amp; superior results. But recent @Facebook FastText mod‚Ä¶,"RT @newtgingrich: Watch the latest episode of my @facebook show, What If? History that Could've Been here: https://t.co/u164UWKQxs https://‚Ä¶",@facebook Ihave a business page and personal. But my business page disappear?? Is not there anymore I get this Help‚Ä¶ https://t.co/X72KkfYUCO,"#Feminine &amp; fashion-forwarded, gentle #pink Leaf Shaped #RoseQuartz #SterlingSilver #Bracelet.

#shopsmall‚Ä¶ https://t.co/Aum1haPcf2","@6BillionPeople @facebook don't do it, they will make you one of the collective",RT @facebook: @tahannisays @KelseyChank @aimafidon Thanks for visiting. We hope you enjoyed the offices! -EB,Thanks @facebook for forcing crappy experiences on users with no way to disable them! Stories are horrible. ü§¶üèª‚Äç‚ôÄÔ∏è #socialmedia #facebook,Can you let me back into Facebook now thanks @facebook üñï,RT @SpliffyPanda420: I‚Äôm happy to see that @facebook is actually watching ‚ù§Ô∏è not sure if it‚Äôs because of the impact @Logic301 has had in th‚Ä¶,RT @6BillionPeople: Headed to @facebook Headquarters,Headed to @facebook Headquarters,@kylegriffin1 @pennyw503 ‚ÄúI like the think I‚Äôm channeling my inner Trump‚Äù. This is THE crazy woman who was Trump‚Äôs‚Ä¶ https://t.co/2G858gK786,RT @UNFCCC: Join the astronaut @thom_astro at 13:00 CET at #COP23 on @Facebook Live https://t.co/UEnsSfgzkb https://t.co/m7g0HLYYAU,"Two-tower model enables comparison of semantic similarity between content, not just syntactic similarity @Facebook‚Ä¶ https://t.co/izYoUVG723",@facebook  FUCK your community standards as I use your competitor providing them revenue from their advertisers. #discrimination #censorship,Using CNN for document classification enables faster parallelization &amp; superior results. But recent @Facebook FastT‚Ä¶ https://t.co/XB0DpN9q97,RT @KUProvostNeeli: What a great event with @facebook CEO Mark Zuckerberg!!!  I truly enjoyed the experience and being able to host him at‚Ä¶,RT @slpng_giants: üö®NEW ACTION: @facebook‚Äôs Carolyn Everson was nice enough to answer your emails regarding FB serving ads on Breitbart desp‚Ä¶,Why doesn't @facebook just ask @hunterwasdead to help out with their new project? He literally has an entire generation of nudes,RT @AdamHoge: All this negative reaction to @Twitter‚Äôs 280-character limit reminds me of the first time @facebook changed its design. Peopl‚Ä¶,@facebook please contact me ASAP. I have been banned AGAIN for no reason. This time for 30 days. This is the fourth‚Ä¶ https://t.co/HPcoFYfqR7,"RT @meowbox: Maybe if all salads looked like this, our diets would be a lot better (via Cat Memes on @facebook) https://t.co/vXMwgTbfQU",RT @AdamHoge: All this negative reaction to @Twitter‚Äôs 280-character limit reminds me of the first time @facebook changed its design. Peopl‚Ä¶,"@facebook
Me: doesn't change pw
Fb: incorrect pw
Me: changes pw
Fb: pw reset successful
Me: logs in w new pw
Fb: in‚Ä¶ https://t.co/Drp0ontwhZ",@facebook I guess they NEVER Photoshop anything. üòÇüòÇ,"@joerogan Look, either you are incompetent or not, figure it out @facebook 2/2","@facebook Rushin Shah, engineer leader speaking on Natural Language Understanding @ Facebook Scale #mlconfsf https://t.co/6xAutfOS6O","How @facebook understands what we care about: DeepText, FB‚Äôs natural language processing platform - Rushin Shah at @MLconf 
#MachineLearning","Does anyone understand @facebook's #community #standards? 
@finkd https://t.co/P4e0CGnsw3","RT @newtgingrich: Watch the latest episode of my @facebook show, What If? History that Could've Been here: https://t.co/u164UWKQxs https://‚Ä¶",RT @shrout_david: This is nudity according to @facebook &amp; get you a 24 hour time out. https://t.co/dSAJWBlqpE,Omdz I have a Facebook notification that won't go away !! Help üôÑ @facebook,This is nudity according to @facebook &amp; get you a 24 hour time out. https://t.co/dSAJWBlqpE,If at first you don't succeed: @Facebook relaunches #Events app under a new name‚Äîintroducing #Local. https://t.co/ImtvS7UvRM,@facebook and @Apple just gave you a really easy way to split the tab @Tom_Stears @HuffPostUKTech https://t.co/kOeyJNlabH,@facebook on text and visual recognition #naturallanguageprocessing  #MLconfSF https://t.co/KUO0dP9WzJ,RT @UlrichJvV: Hello Cape Town! Humbled to be hosted in the Mother City by @facebook. I'm here to expand solutions on using digital technol‚Ä¶,"#Facebook are you spying on us? 
@facebook","RT @MissingKids: Thanks to a @facebook tip to the National Center, a Los Angeles man who was arrested when he flew across the country to ha‚Ä¶",@facebook Please add Arabic to Facebook to apply to iOS because we do not understand the application settings so th‚Ä¶ https://t.co/lN5R8ilrwG,"RT @newtgingrich: Watch the latest episode of my @facebook show, What If? History that Could've Been here: https://t.co/u164UWKQxs https://‚Ä¶","RT @tscheine: .@Facebook, @instagram and Messenger don't just offer content - they control how we use the rest of the internet https://t.co‚Ä¶",@facebook handling of comments in large threads is a disaster. Half the time you click the notification it complete‚Ä¶ https://t.co/eOAV7mNGBm,"‚ÄúPeople keep finding ways to mess up our language models,‚Äù says Rushin Shah, head of @Facebook #NLU group. Model th‚Ä¶ https://t.co/0cVe3gWALn","@facebook Why is there no option that forbids people from adding you, was there not an option where only the user c‚Ä¶ https://t.co/JynkqqlAeZ",@newtgingrich @facebook Interesting theory. I agree that Eastern Europe could have rapidly descended into either re‚Ä¶ https://t.co/ufL30mzvSt,"Showing us various topics we care about, or don‚Äôt, on @facebook Engineering Leader, Rushin Shah has us laughing‚Ä¶ https://t.co/pPBMlH0HsF","RT @UNFCCC: At 13:15 Bonn time today: Tune in to @facebook live event on Energy, Agriculture &amp; Water Day at #COP23 https://t.co/UEnsSfgzkb‚Ä¶","Maybe if all salads looked like this, our diets would be a lot better (via Cat Memes on @facebook) https://t.co/vXMwgTbfQU","@facebook Can anyone count at FB. Account blocked for 24 hours, now 48hours and still blocked, same message.","*Elsie's caf. #Northampton's Real Junk Food Project*

#feedbelliesnotbins 

@facebook page: https://t.co/K2LALPJ0AZ‚Ä¶ https://t.co/FP2UvRaQ42",Watch: #Marketing experts from @facebook @Microsoft and @marketo share their #demandgen secrets https://t.co/18k4HUlZlZ,RT @FoxBusiness: Former @facebook exec Sean Parker says 'God only knows what it's doing to our children's brains' https://t.co/j3X44ibTrp h‚Ä¶,And another @facebook (10) #facebookVideoAds,"RT @digitalmagazin_: Follow us on : 
@FACEBOOK :¬†https://t.co/mOuudpRE0I
@BLOGADD:¬† ¬†https://t.co/1RpMaBeYvW
#digitalmagazine #digitalmagaz‚Ä¶","Follow us on : 
@FACEBOOK :¬†https://t.co/mOuudpRE0I
@BLOGADD:¬† ¬†https://t.co/1RpMaBeYvW
#digitalmagazine‚Ä¶ https://t.co/0wu0En9mxP",RT @raisinganchor: The three way arm bridge installed by @ADELTE at the new Islamabad International Airport. Photos via @facebook First air‚Ä¶,RT @davidhalldavid: @Djmagidelic @reidmylipsxxx @rileyreidx3 @L1LDebbie @brookecandy @MileyCyrus @mellealizee @facebook @_FemaleRappers_ @T‚Ä¶,@Djmagidelic @reidmylipsxxx @rileyreidx3 @L1LDebbie @brookecandy @MileyCyrus @mellealizee @facebook‚Ä¶ https://t.co/niLzwQTRRI,"@AdamHoge @Twitter @facebook In my day, Facebook was limited to those who had a college email address, and we didn‚Äô‚Ä¶ https://t.co/gyl1ncXkuY",Outing a #bully on @facebook by publicly posting the nasty messages they sent to your inbox gets you a 7 day ban fo‚Ä¶ https://t.co/OTeWNHXsT9,"RT @GolanSh: Francophone Fighter in #Syria, Speaking Live on @Facebook, Calls for #Muslims to Join the @Jihad | @MEMRIReports 
#Violence #T‚Ä¶","@facebook @finkd @Apple Hey @twitter, get in the fucking line, also. No way to edit the tweet, still!!! FUCK! So no‚Ä¶ https://t.co/L9A4tgJfiE","""Steve! You have more friends on @facebook than you think..."" 
No. No, I don't.",And another one @Facebook (9) #facebookVideoAds,"@LouieTheRed1 @Suzyiam @nzlabour @Hydraponica @facebook @sherylsandberg @jacindaardern Lol same, first time I've be‚Ä¶ https://t.co/AmiaLOhsF9","""Still a little unclear on why #Local needs to exist as a standalone #app ‚Äî other than the fact that the @Facebook‚Ä¶ https://t.co/xEGog7R7DM",@_Danielle97 @Suzyiam @nzlabour @Hydraponica @facebook @sherylsandberg @jacindaardern Sad to say Miss Betsy has now‚Ä¶ https://t.co/9L1tfhffTq,"Hey @facebook, hey @finkd, seriously, hit me up. I can help you with your #ux hell. Let's see who's first, you or‚Ä¶ https://t.co/kZ5tt8kfps",And another one @facebook (8) #facebookVideoAds,"@willoremus @facebook No, it is not ok, and yes, it is evil. I have always thought Facebook was not the best thing.. https://t.co/TilEftNfMb","RT @TeamShaneRichie: #FF @realshanerichie 
Give the man a follow today of all days! TV/theatre legend, now Country star! RT
@facebook: http‚Ä¶","Hey @facebook here's some fun info for you, when someone 'goes live' on facebook, NOBODY cares. Please stop sending‚Ä¶ https://t.co/Xr3QxYGJ8d","RT @digitalmagazin_: Follow us on : 
@FACEBOOK :¬†https://t.co/mOuudpRE0I
@BLOGADD:¬† ¬†https://t.co/1RpMaBeYvW
#digitalmagazine #digitalmagaz‚Ä¶","RT @digitalmagazin_: Follow us on : 
@FACEBOOK :¬†https://t.co/mOuudpRE0I
@BLOGADD:¬† ¬†https://t.co/1RpMaBeYvW
#digitalmagazine #digitalmagaz‚Ä¶",@AdamHoge @Twitter @facebook design change is much different than this,"Follow us on : 
@FACEBOOK :¬†https://t.co/mOuudpRE0I
@BLOGADD:¬† ¬†https://t.co/1RpMaBeYvW
#digitalmagazine‚Ä¶ https://t.co/I5iJ8psdb9",@TheBowman @facebook That‚Äôs basically my read of him.,i love it when some random guy shows up in my email @facebook notifications at a late hour he would be up at...üôÑ #somethingsneverchange,@_Danielle97 @nzlabour @Hydraponica @facebook @sherylsandberg @jacindaardern @LouieTheRed1 The ignorant will never‚Ä¶ https://t.co/GpsW2BuwGc,@Suzyiam @nzlabour @Hydraponica @facebook @sherylsandberg @jacindaardern No point in reiterating what @LouieTheRed1‚Ä¶ https://t.co/XnSKziQKA0,"RT @ryancrawcour: @facebook Also, this video is not just about ""one Facebook user who experienced some improbable event"".... I have persona‚Ä¶","@facebook Just in my small confined circle of 1:1 relationships I know this has happened to @dmakogon, @chrisrisner‚Ä¶ https://t.co/B4RBMh36cV",How @Facebook Figures Out Everyone You've Ever Met... scary https://t.co/MV84MHkZJq via @Gizmodo,RT @slpng_giants: üö®NEW ACTION: @facebook‚Äôs Carolyn Everson was nice enough to answer your emails regarding FB serving ads on Breitbart desp‚Ä¶,"@facebook There is no in-store purchase, no loyalty card, no email, no phone number, linking this up for Facebook,‚Ä¶ https://t.co/XeUyGfOaXu","RT @BourseetTrading: üî¥Dear Followers, you will find more details on my profile üòâ
@Twitter&lt;&gt; @BourseetTrading üíØ
@Facebook : https://t.co/Veu‚Ä¶",RT @ryancrawcour: People who say this video is a hoax need to explain to me then how @facebook is able to target ads to me about things I s‚Ä¶,"RT @MarchForTruth17: Excellent letter by @SenBlumenthal to @facebook: ""you have a clear ongoing obligation"" to individually notify users ho‚Ä¶",RT @UNFCCC: Join the astronaut @thom_astro at 13:00 CET at #COP23 on @Facebook Live https://t.co/UEnsSfgzkb https://t.co/m7g0HLYYAU,@TeodroseFikre @facebook @SenSanders @MarkWarner @LeeCamp @saneprogressive @HAGOODMANAUTHOR @zachhaller @timkaine‚Ä¶ https://t.co/tCabMBFO3j,".@IMSEOG Twitter family: Are you following us on @facebook yet?

Head over to our page, give us a ""like"" and stay u‚Ä¶ https://t.co/9MyaWKxJqC","@AdamHoge @Twitter @facebook Hopefully less ""OMG. STFU. WTF. GTFO!"" now.",@facebook This is NOT a correlation-means-causation confusion ... there is no possible correlation between certain‚Ä¶ https://t.co/hMiKtGLUdc,"RT @newtgingrich: Watch the latest episode of my @facebook show, What If? History that Could've Been here: https://t.co/u164UWKQxs https://‚Ä¶",@AdamHoge @Twitter @facebook Yep. 280 characers means something more akin to actual discussions rather than a gratu‚Ä¶ https://t.co/u5X5jhMBzz,"@facebook please can u help me?Locked out acc due to resetting email&amp;password,have done trusted contacts but not getting the email with link",@newtgingrich @facebook What if.... Newt wasn't a hypocrite ?,RT @AlisonBrindle: @JennytheM @facebook @all4maternity @hallmum5 @Humanisingbirth @lauren28petrie @ACBmidwife @corden1326 @TinaSouth3 @Anna‚Ä¶,RT @hannahdahlen: @JennytheM @mrslouiseharris @facebook @all4maternity @hallmum5 @Humanisingbirth @lauren28petrie @ACBmidwife @corden1326 @‚Ä¶,RT @JennytheM: @CharleneSTMW @facebook @all4maternity @hallmum5 @Humanisingbirth @lauren28petrie @ACBmidwife @corden1326 @TinaSouth3 @AnnaM‚Ä¶,RT @darnskippy: @deplorableMilt @DerekUtleyCEO @seanhannity @TuckerCarlson @facebook AMEN! But not much better on here!!!!!,RT @CharleneSTMW: @JennytheM @facebook @all4maternity @hallmum5 @Humanisingbirth @lauren28petrie @ACBmidwife @corden1326 @TinaSouth3 @AnnaM‚Ä¶,RT @SagefemmeSB: @JennytheM @facebook @all4maternity @hallmum5 @Humanisingbirth @lauren28petrie @ACBmidwife @corden1326 @TinaSouth3 @AnnaMa‚Ä¶,RT @Humanisingbirth: @JennytheM @facebook @all4maternity @hallmum5 @lauren28petrie @ACBmidwife @corden1326 @TinaSouth3 @AnnaMarshMW @Sagefe‚Ä¶,RT @JennytheM: @Humanisingbirth @facebook @all4maternity @hallmum5 @lauren28petrie @ACBmidwife @corden1326 @TinaSouth3 @AnnaMarshMW @Sagefe‚Ä¶,RT @Humanisingbirth: @JennytheM @facebook @all4maternity @hallmum5 @lauren28petrie @ACBmidwife @corden1326 @TinaSouth3 @AnnaMarshMW @Sagefe‚Ä¶,RT @JennytheM: Rearranged to 13.11.17 MONDAY - me talking #SkinToSkin @facebook LIVE with @all4maternity - please join us @hallmum5 @Humani‚Ä¶,Where is all the flower now human people I saw one but heard some things made me ask @NatEnquirer @facebook @USNavy,"@facebook And finally, after disabling microphone access to Facebook (why on earth would this ever be needed in the‚Ä¶ https://t.co/GONo3ed3k2","@snowdenlit I read her full post on @Facebook. Bret Ratner is a predatory, entitled piece of shit.",Follow me on Facebook for additional #Truth content and commentary + much more!!üòéhttps://t.co/bZhlP9MQ3y  @facebook‚Ä¶ https://t.co/q4HQ5AL5gH,"RT @TurnbullMalcolm: Women in the tech sector, jobs &amp; growth and an exciting launch of @facebook's Community Boost with @sherylsandberg. Wa‚Ä¶","@newtgingrich @facebook if soviet union was still there, probably this pope Francis would have been a high rank member of the politburo",".@Facebook, @instagram and Messenger don't just offer content - they control how we use the rest of the internet https://t.co/sqiHsj7O70",.@facebook Will Tour 30 Cities to Boost Job Skills and Small Businesses: https://t.co/sFduGthfkW #smlbiz,"@_Danielle97 @nzlabour @Hydraponica @facebook @sherylsandberg @jacindaardern and I'm sorry, but judging by the emai‚Ä¶ https://t.co/P02WHMivwQ",TF  @facebook got goin on askin for nudes?,@Snapchat @snapchatsupport please do not use algorithms. It's made @Twitter @instagram and @facebook worse,"@facebook Also, this video is not just about ""one Facebook user who experienced some improbable event"".... I have p‚Ä¶ https://t.co/bRHPPEER7q",RT @UNFCCC: What is the link between the @GlobalGoalsUN agenda and #climateaction? Find out in our @Facebook live video https://t.co/dpfdjo‚Ä¶,We‚Äôve currently got two @facebook pages and want to merge into one. I have attempted to contact them but keep getti‚Ä¶ https://t.co/4Y7Ng3UOYZ,"RT @GlobalGiving: Our friends at @Facebook share our values of supporting locally driven, long-term recovery in times of crisis. That's why‚Ä¶","@AdamHoge @Twitter @facebook You know The people that are NOT complaining?
Folks who have to decipher the abbreviat‚Ä¶ https://t.co/m5LpuBrEpw",RT @ryancrawcour: People who say this video is a hoax need to explain to me then how @facebook is able to target ads to me about things I s‚Ä¶,RT @mediacause: .@facebook lookalike audiences can help you dramatically reduce your ad costs and boost your results. Here's why. https://t‚Ä¶,@_Danielle97 @nzlabour @Hydraponica @facebook @sherylsandberg @jacindaardern Really?  In just two weeks you can tel‚Ä¶ https://t.co/MbV1O329Vz,"@facebook And no, this post doesn't prove they're not doing it, just admits they don't know how they are doing it. 

https://t.co/vMTGd668m0","RT @TheBowieCat: Hey, @facebook it is very lame of you to not let me post my article on period sex I wrote for @MensHealthMag, there's noth‚Ä¶",@AdamHoge @Twitter @facebook or when myspace was going to get rid of the homepage song,"RT @GolanSh: Francophone Fighter in #Syria, Speaking Live on @Facebook, Calls for #Muslims to Join the @Jihad | @MEMRIReports 
#Violence #T‚Ä¶",@AdamHoge @Twitter @facebook remember how pissed people were when twitter changed favorites to likes?,@AdamHoge @Twitter @facebook Not really outrage but brevity is better here. It just is. A website that continually‚Ä¶ https://t.co/WZODPMqzF0,"digging @facebook split tests for ads.  #featurerequest: let me pick multiple variables to test, supply multiple va‚Ä¶ https://t.co/De3KASMpsb",People who say this video is a hoax need to explain to me then how @facebook is able to target ads to me about thin‚Ä¶ https://t.co/5HMlbqBo1k,RT @mediacause: .@facebook lookalike audiences can help you dramatically reduce your ad costs and boost your results. Here's why. https://t‚Ä¶,RT @aledonetti: US voters segmentation done by @Facebook: masterful piece of work that demonstrates great targeting capabilities https://t.‚Ä¶,"RT @facebook: @__nocturnale Hey there. If you're experiencing issues logging in, please report it to us: https://t.co/57O7bEUMgJ. -EB","Francophone Fighter in #Syria, Speaking Live on @Facebook, Calls for #Muslims to Join the @Jihad | @MEMRIReports‚Ä¶ https://t.co/RiSDaieynm",All this negative reaction to @Twitter‚Äôs 280-character limit reminds me of the first time @facebook changed its des‚Ä¶ https://t.co/UXPw9lgIgM,RT @TefPublicPolicy: .@Telefonica and @facebook partner to connect the unconnected to the #Internet using innovative technologies: https://‚Ä¶,"@_Iskarous @TheDuran_com @facebook @JulianAssange They weren't reading the scriptures either, or living it.",@arimue @netzpolitik_org @facebook Fair enough: they're accusing facebook of intransparency in the mysterious unfri‚Ä¶ https://t.co/7jB3rCs316,@SmithWessonCorp @CrimsonTrace I don't use @facebook anymore! Can you please still enter me to win? üòÜ,RT @MW_MBB: NEWS: @MountainWest and @WatchStadium partner to bring @TheRunninRebels‚Äô season opener to @Facebook! https://t.co/YXcP9ndQgj #s‚Ä¶,@Suzyiam @nzlabour @Hydraponica @facebook @sherylsandberg @jacindaardern Yes we are maybe you are just finding this‚Ä¶ https://t.co/LhJzonrAD9,RT @UNFCCC: Join the astronaut @thom_astro at 13:00 CET at #COP23 on @Facebook Live https://t.co/UEnsSfgzkb https://t.co/m7g0HLYYAU,In last 12 mths @Shakira lost about 3M #like on @Facebook https://t.co/4PKS7peovK - #socialmedia,@facebook why does your app use so much of our battery...only been using for 1.5 hours and already down to 85%. https://t.co/RzWOFpaPTl,"RT @nzlabour: ""We're all cheering you on!"", @facebook COO @sherylsandberg to Prime Minister @jacindaardern at APEC this afternoon. https://‚Ä¶","RT @pewjournalism: In 2016, @Facebook and @Google make up about half of all digital display advertising revenue https://t.co/n98xt1f87V htt‚Ä¶",RT @ratribose: Breaking news: Hindu homes torched in attack by Muslim mob today after Jumu'ah prayer for alleged blasphemy over @facebook p‚Ä¶,"RT @MSCloud: Microsoft and @Facebook's open AI ecosystem gains increasing support from more companies in the #AI field. Read:
https://t.co/‚Ä¶",I have no sympathy for @facebook ; when I permanently deleted my account they refused to honor it and harassed me w‚Ä¶ https://t.co/qRhyZJZDmq,RT @UNFCCC: Join the astronaut @thom_astro at 13:00 CET at #COP23 on @Facebook Live https://t.co/UEnsSfgzkb https://t.co/m7g0HLYYAU,"#Isitjustme, or does it seem #dishonest to paid #sponsors for @facebook to run a commercial in the middle of a paid‚Ä¶ https://t.co/EZfM5y0IH3",@justintrevett @facebook You knew this was a possibility when you decided to associate with #AntifaSuperSoldiers,RT @LMC17diversity: Inspiration from @JenDulski of @facebook at the 5th anniversary party for @TheCLUBSV https://t.co/WovlhbCjqP,@facebook can i appeal a block?,"@newtgingrich @facebook Interesting. You mentioned it was inevitable, and I agree. A similar situation is the Korea‚Ä¶ https://t.co/lwYXXy2yBm","RT @WideFocusCo: When it comes to #livestreaming, @facebook takes the cake. @Poynter explains how they can make it even better. https://t.c‚Ä¶","RT @newtgingrich: Watch the latest episode of my @facebook show, What If? History that Could've Been here: https://t.co/u164UWKQxs https://‚Ä¶","When it comes to #livestreaming, @facebook takes the cake. @Poynter explains how they can make it even better. https://t.co/uW6BgY0RT9","@Mhdisabato @facebook @OhioStLicensing @OSU_AD @Nike John Brockington, Jack wore 32",RT @UNFCCC: Join the astronaut @thom_astro at 13:00 CET at #COP23 on @Facebook Live https://t.co/UEnsSfgzkb https://t.co/m7g0HLYYAU,RT @el_skootro: The active number of monthly users to @facebook is equal to the total population of all the countries in blue. https://t.co‚Ä¶,Download Your @Facebook Live Videos 4 Easy Steps https://t.co/K8eCsJ3oVg,"https://t.co/0cFPjbcJYm
Wholeheartedly agree with everything in this clip.  My anxiety has dramatically dropped aft‚Ä¶ https://t.co/aGq2MpJGoP","@DonJGump @mmpadellan Thank you for the list, many companies on it I do business with and no longer will. @PayPal‚Ä¶ https://t.co/wt1JLzckOx","Dear @Disney @WDWToday , why am I reading on @facebook that @yehaabob alledgely sexually assaulted someone.  Then y‚Ä¶ https://t.co/5XgI2szD0j",@facebook your messenger app is not user friendly anymore. It's annoying.,RT @FoxBusiness: Former @facebook exec Sean Parker says 'God only knows what it's doing to our children's brains' https://t.co/j3X44ibTrp h‚Ä¶,RT @MariSmith: Facebook Updates Their Advertising Transparency and Authenticity Efforts for All Ads https://t.co/lDp8UvaPsq via @facebook |‚Ä¶,RT @SpliffyPanda420: I‚Äôm happy to see that @facebook is actually watching ‚ù§Ô∏è not sure if it‚Äôs because of the impact @Logic301 has had in th‚Ä¶,"RT @SiouxweetNSauer: Yo @facebook I got a lot of issues with you right now.
Explain to me how MY debit card was phished but after it's been‚Ä¶",Fook @facebook anyway. https://t.co/UNnftjBuNG,"Yo @facebook I got a lot of issues with you right now.
Explain to me how MY debit card was phished but after it's b‚Ä¶ https://t.co/k1kfmdhllP",@facebook No matter what I do I get logged out of my account and asked to confirm my identity. What gives? No explanation!?,@Darth_VaderNo1 shared on this @facebook page: https://t.co/eZUlybAEL0 https://t.co/pGEXXlxMg6,"RT @TurnbullMalcolm: Women in the tech sector, jobs &amp; growth and an exciting launch of @facebook's Community Boost with @sherylsandberg. Wa‚Ä¶","This was a fucking stupid idea by @facebook in the first place, and this story just shows how fucking stupid it rea‚Ä¶ https://t.co/F7pZUKNo0T",RT @TheZeinabBadawi: About to go live with @UNESCO on @Facebook to speak about #TheHistoryofAfrica. https://t.co/ai7EX44bgY,@Djmagidelic @reidmylipsxxx @rileyreidx3 @L1LDebbie @brookecandy @MileyCyrus @mellealizee @facebook‚Ä¶ https://t.co/vwb6nBtihC,@facebook I did try this yesterday also did the one with sending I.D also and nobody has got back to me yet ?,RT @ratribose: Breaking news: Hindu homes torched in attack by Muslim mob today after Jumu'ah prayer for alleged blasphemy over @facebook p‚Ä¶,"So @facebook and your phone probably aren‚Äôt listening to you, but what about devices that definitely are?‚Ä¶ https://t.co/czYe6Y3mWb",@newstapa @OhmyNews_Korea @Chosun @TheHeraldBiz @yonhaptweet @maekyungsns @joongangilbo @hanitweet @JTBC_news‚Ä¶ https://t.co/TFeEdasSO8,@Djmagidelic George Clinton P-Funk All-Stars band first promoted @reidmylipsxxx. As musician @rileyreidx3. With‚Ä¶ https://t.co/yHn89ajeuk,.@Facebook tests Live Video Producer Tool with multi-camera support and GFX features https://t.co/wJlzIz9d2R via‚Ä¶ https://t.co/VuOgiYS2YM,.@Facebook tests Live Video Producer Tool with multi-camera support and GFX features https://t.co/9MqSjyqvMF via‚Ä¶ https://t.co/ljId3WeROu,"RT @pewjournalism: In 2016, @Facebook and @Google make up about half of all digital display advertising revenue https://t.co/n98xt1f87V htt‚Ä¶",RT @kennychesney: Spent some time with @DarinOlien founder of @SuperLifeLiving on @facebook live. Watch - https://t.co/1TuGN44HSH https://t‚Ä¶,"Facebook relaunches Events as a Foursquare-like app called Local 

https://t.co/E1plBbToCG

@Facebook #Facebook‚Ä¶ https://t.co/L0a7MYVX5j",RT @el_skootro: The active number of monthly users to @facebook is equal to the total population of all the countries in blue. https://t.co‚Ä¶,"RT @MarchForTruth17: Excellent letter by @SenBlumenthal to @facebook: ""you have a clear ongoing obligation"" to individually notify users ho‚Ä¶",@facebook can someone please tell me why my facebook is disabled and how long will it be this way.,@Facebook ramps up customer service offerings to brands via messenger https://t.co/FPoDLqyfxL #innovation #digitalmarketing #socialmedia,RT @AHAA: Proud to add three new directors from @webelieversnow @facebook and @Nielsen to our board of directors https://t.co/BStEZbofv6 ht‚Ä¶,Does anyone want to help me explain to @facebook that reverse racism is not a thing and how wrong them banning me f‚Ä¶ https://t.co/GYVDTCWmHL,RT @AcmatixJoshi: @facebook Please make it simpler to get profile verified to heads of companies having identity proof issued by respective‚Ä¶,RT @monaalami: #Bahaahariri @facebook page was activated 6 hours ago after 5 years of no activity #Lebanon https://t.co/GvZn0gZETr,RT @JennytheM: Rearranged to 13.11.17 MONDAY - me talking #SkinToSkin @facebook LIVE with @all4maternity - please join us @hallmum5 @Humani‚Ä¶,.@facebook someone is targeting my social media accounts and reporting content that is not offensive except to say‚Ä¶ https://t.co/zQAhUojvb9,"@coogi_doogi is a well-known Public Figure, Fashion Designer &amp; Record Label CEO &amp; FOUNDER from #ChaTennessee check‚Ä¶ https://t.co/9OwullI4Mo",.@facebook Just Made a Move That's Terrifying for #Brands https://t.co/S5E7n6xT11 via @mastheadmedia,@facebook I have tried them all it is saying ALL of my information has been changed,"""@facebook blocks right to #life group‚Äôs advertising, reactivates after media reports"". @LifeSite #ReligiousLiberty

https://t.co/4jcy9TNHCX",#fbadsuccess Learn about 4 ways to get the most out of Lead Ads with @facebook https://t.co/749xhXcYr3 https://t.co/v7F3QgxI0Z,#fbadsuccess Learn about 4 ways to get the most out of Lead Ads with @facebook https://t.co/2kz2yPUse4 https://t.co/8kVU7cPk9g,#fbadsuccess Learn about 4 ways to get the most out of Lead Ads with @facebook https://t.co/y98ceHyu1x https://t.co/VET7HF1I3K,We and lots of other have been reporting posts from Paul Golding/Jayda Fransen today where they are seeking informa‚Ä¶ https://t.co/crJzdBF82G,"RT @newtgingrich: Watch the latest episode of my @facebook show, What If? History that Could've Been here: https://t.co/u164UWKQxs https://‚Ä¶",RT @comporta: #Wecompelyou to join the #Family @facebook https://t.co/lOAJS3CalY #TheExorcist  @TheExorcistFOX,RT @choox75: Picture one is courtesy of @jimball1000 @facebook https://t.co/ftEuEYYgpn,RT @choox75: Picture one is courtesy of @jimball1000 @facebook https://t.co/ftEuEYYgpn,@facebook Its not letting me change it bc it says I changed it too many times. I don't think I did.,RT @JennytheM: Rearranged to 13.11.17 MONDAY - me talking #SkinToSkin @facebook LIVE with @all4maternity - please join us @hallmum5 @Humani‚Ä¶,"Hey @facebook I posted that the biggest threat of terrorism in the United States was white men, a statistical fact,‚Ä¶ https://t.co/P7OVytSWFQ","RT @SEYOUMAGEX: 6909 languages 
&gt; 400 of it have million users each

# of L Social Media Servers Filters for Abusive Content ???

@facebook‚Ä¶",RT @choox75: Picture one is courtesy of @jimball1000 @facebook https://t.co/ftEuEYYgpn,"RT @Kulpreetyadav: New spy novel #MurderinPaharganj launched @facebook live. Thank you, @BloomsburyIndia &amp; @hileher.
Order @amazonIN -&gt; htt‚Ä¶",RT @JoeRoddy: @CIC_StLouis @facebook More good news for @CortexSTL Next week we begin the process of fixing the last of the historic buildi‚Ä¶,RT @choox75: Picture one is courtesy of @jimball1000 @facebook https://t.co/ftEuEYYgpn,RT @UNFCCC: Join the astronaut @thom_astro at 13:00 CET at #COP23 on @Facebook Live https://t.co/UEnsSfgzkb https://t.co/m7g0HLYYAU,@MichelleSimer Yah!  More @facebook zombies,@TurnbullMalcolm @facebook @sherylsandberg I already sent you dating program in my impression. üíïüíï,"RT @Kulpreetyadav: New spy novel #MurderinPaharganj launched @facebook live. Thank you, @BloomsburyIndia &amp; @hileher.
Order @amazonIN -&gt; htt‚Ä¶",@TurnbullMalcolm @facebook @sherylsandberg In the evenings of Saturday/Sunday.,@facebook I‚Äôve been having problems with my friends reaching me via #facebook #Messenger,"In a @Facebook post, @AntMan's new costume from #AntManAndTheWasp is revealed in a @ZoeSaldana and @MarvelStudios v‚Ä¶ https://t.co/bQZlNd2U7y",@facebook sucks ass so hard!!! Instead of allowing me to post my video like everyone else and say I don‚Äôt own the r‚Ä¶ https://t.co/XAVZlKYWTP,"@TurnbullMalcolm @facebook @sherylsandberg Talk something cheerful! Dating is good, with flowers and wine, forward to seeing you","RT @Kulpreetyadav: New spy novel #MurderinPaharganj launched @facebook live. Thank you, @BloomsburyIndia &amp; @hileher.
Order @amazonIN -&gt; htt‚Ä¶",#Philadelphia police officers take to .@Facebook to post violent threats against DA candidate. #Philadelphia lets t‚Ä¶ https://t.co/s4ddRr9C7s,RT @UNFCCC: Join the astronaut @thom_astro at 13:00 CET at #COP23 on @Facebook Live https://t.co/UEnsSfgzkb https://t.co/m7g0HLYYAU,"@TurnbullMalcolm @facebook @sherylsandberg Thousands of years feudalism wrapped thickly, stinks, decayed inside, re‚Ä¶ https://t.co/EHJALRndwn",A disturbing warning about @facebook: ‚ÄúGod only knows what it‚Äôs doing to our children‚Äôs brains...thought process th‚Ä¶ https://t.co/FSlmEwBbhU,RT @CleanAirLondon: #ThePutinCartoons | Last week @TheEconomist revealed LEAVE sent one billion targeted ads (mainly on @facebook) during t‚Ä¶,"tbh PERFECT ad targeting, @facebook https://t.co/PKFhzmiN8W",RT @YvonneCorcoranN: When it comes to @Facebook its misogynistic support of derogatory materials re women with impunity is part of its modu‚Ä¶,"In a @Facebook post, @AntMan's new costume from #AntManAndTheWasp is revealed in a @ZoeSaldana and @MarvelStudios v‚Ä¶ https://t.co/E2tXCaquqo",@washingtonpost she should apply for this @facebook inquiry about nude videos....,"@facebook it doesn't go against one of our specific Community Standards, you did the right thing by letting us know‚Ä¶ https://t.co/zxMLYKXP1o","RT @RepRichHudson: I was proud to team up with @BlueStarFamily, the Fayetteville Chamber, and @facebook to host a veteran small business ev‚Ä¶",@TurnbullMalcolm @facebook @sherylsandberg Non believers?,@facebook I reported a video on a user's page that showed women clearly performing oral sex on men. Genitals were v‚Ä¶ https://t.co/ASob4pCePM,"@TurnbullMalcolm @facebook @sherylsandberg Who got names in so doing! Shameless think of them as living God, but th‚Ä¶ https://t.co/HRqpSzzBXH",@jessachin @GlobalGiving @facebook Thanks Jessa!,"RT @RepRichHudson: I was proud to team up with @BlueStarFamily, the Fayetteville Chamber, and @facebook to host a veteran small business ev‚Ä¶","@facebook asks users for nude photos in project to combat revenge porn... good intent, bad execution. https://t.co/BPgPA1P1ZM via @guardian",Picture one is courtesy of @jimball1000 @facebook https://t.co/ftEuEYYgpn,"In a @Facebook post, @AntMan's new costume from #AntManAndTheWasp is shown in a @ZoeSaldana &amp; @MarvelStudios video! https://t.co/CAsGp3wLzL","RT @Kulpreetyadav: New spy novel #MurderinPaharganj launched @facebook live. Thank you, @BloomsburyIndia &amp; @hileher.
Order @amazonIN -&gt; htt‚Ä¶",RT @UNFCCC: Join the astronaut @thom_astro at 13:00 CET at #COP23 on @Facebook Live https://t.co/UEnsSfgzkb https://t.co/m7g0HLYYAU,@facebook I read over that. The page has been reported but it‚Äôs still up.,"@TurnbullMalcolm @facebook @sherylsandberg Manmade law, can be changed from time to time according to the will of t‚Ä¶ https://t.co/Ckji9CN8kZ","Cops use .@Facebook to post violent threats against Philly DA candidate
#Facebook lets them keep their accounts https://t.co/EdlDU8dV8M",@devichechi @MelissaAFrancis @facebook @FoxBusiness @AftertheBell I do think screen time does affect children's men‚Ä¶ https://t.co/RBR4IcNSkE,"@facebook keeps your ads away from my messaging app, it's a fine line and you've crossed it. Efficiency application‚Ä¶ https://t.co/tQoeQ7Nlih","RT @newtgingrich: Watch the latest episode of my @facebook show, What If? History that Could've Been here: https://t.co/u164UWKQxs https://‚Ä¶","@TurnbullMalcolm @facebook @sherylsandberg Autocracy regime officials are all thieves, no any supervising mechanism‚Ä¶ https://t.co/0k9YPgNLgC",Is @facebook down for you?  Won‚Äôt open in Chrome or Safari.,"@TurnbullMalcolm @facebook @sherylsandberg Especially top one, who play model role for lower levels, team of thieve‚Ä¶ https://t.co/LMYqu5Aqsb","RT @slpng_giants: So the question is why @Google @facebook &amp; @taboola continue to help them monetize this shit. 

Another example of tech p‚Ä¶",RT @dave_daves: #phishing @facebook h[tt]ps://facebook.com-g-online.site/marketplace/item/8276847532785463284.html @phishingalert https://t‚Ä¶,@CR I proudly don‚Äôt @facebook.,"RT @newtgingrich: Watch the latest episode of my @facebook show, What If? History that Could've Been here: https://t.co/u164UWKQxs https://‚Ä¶","@devichechi @MelissaAFrancis @facebook @FoxBusiness @AftertheBell Great interview,  Melissa is right with the vitro‚Ä¶ https://t.co/CWnvOBGipK",RT @ratribose: Breaking news: Hindu homes torched in attack by Muslim mob today after Jumu'ah prayer for alleged blasphemy over @facebook p‚Ä¶,RT @UNFCCC: Join the astronaut @thom_astro at 13:00 CET at #COP23 on @Facebook Live https://t.co/UEnsSfgzkb https://t.co/m7g0HLYYAU,RT @CES: This feature from @facebook could change how people watch video content https://t.co/G29eLBZGOH https://t.co/cZOb6RculF,@cityatlas @facebook @kzhill @_rospearce @mims @Revkin Check the comedy/news thing out if you have access from abro‚Ä¶ https://t.co/XuF0XYpy1S,Hey @facebook where can I counter report my post? I need to talk to a human.,".@Facebook Local Relaunches, Makes It Easier To Browse Events, Listings https://t.co/TMLm1qDkxY",".@Facebook Local Relaunches, Makes It Easier To Browse Events, Listings https://t.co/n3fLb6rIPf @mp_gavin",RT @UNFCCC: Join the astronaut @thom_astro at 13:00 CET at #COP23 on @Facebook Live https://t.co/UEnsSfgzkb https://t.co/m7g0HLYYAU,RT @DhakaTribune: One #killed as #angry on go berserk on #Rangpur hindu village over @facebook status https://t.co/PIqfLg5xz3,"@TurnbullMalcolm @facebook @sherylsandberg In the field of being bribery, you did excellent job, clean hands are mo‚Ä¶ https://t.co/zXskDHrNt8","Reid Hoffman uncut interview with Mark Zuckerberg re: culture, scaling, hiring, future of AI...@reidhoffman‚Ä¶ https://t.co/CTIW21sF3G",@newtgingrich @facebook What if the USA had not dropped the the A Bomb on Japan. To take Japan on land would have c‚Ä¶ https://t.co/k8lr1Lx2RF,@FoxNews @facebook Insanity and disparity is only a small consequence of what internet is doing to young minds and‚Ä¶ https://t.co/3h2ykwKBNU,"RT @XanderGibb: @facebook should be called #FascistBook. They don't have Social Media site, they have a fucking Police State, rigged to att‚Ä¶","RT @GWSEASCareers: Oh hey there, @facebook ! @gwcareercenter 

SEH Lobby today until 3:30pm
Sophomores &amp; Juniors. https://t.co/CoR87BWekU",#ThePutinCartoons | Last week @TheEconomist revealed LEAVE sent one billion targeted ads (mainly on @facebook) duri‚Ä¶ https://t.co/HlepWy27Vl,Get your shit together @facebook &amp; stop fucking with people unnecessarily! https://t.co/ctULNhoSAp,"@morgainmcgovern @oneunderscore__ @facebook @FoxNews so someone took your picture, then (according to you) asked yo‚Ä¶ https://t.co/yPMHhU2ZZz",RT @UNFCCC: Join the astronaut @thom_astro at 13:00 CET at #COP23 on @Facebook Live https://t.co/UEnsSfgzkb https://t.co/m7g0HLYYAU,"RT @slpng_giants: So the question is why @Google @facebook &amp; @taboola continue to help them monetize this shit. 

Another example of tech p‚Ä¶","@AD_WHITMAN @GeorgiaDirtRoad @facebook Reminds me of Wiley Coyote, when he ends up holding an explosive too long...",@facebook Like at least do it in the beginning like the fuck,"RT @newtgingrich: Watch the latest episode of my @facebook show, What If? History that Could've Been here: https://t.co/u164UWKQxs https://‚Ä¶",@MarkWarner please introduce legislation to require @facebook advertisers to list who is paying for them. We can't‚Ä¶ https://t.co/cYOgFV2j6O,"@martinmocker @netzpolitik_org @facebook That's not right. They are not accusing facebook, they only describe what‚Ä¶ https://t.co/nh7KtPxPRm",Six times @Facebook ignored their own community standards when removing content https://t.co/Nf6Lc3G8W7,@HeyILikeCookies @em76y @facebook How did they do that? It‚Äôs terrible it makes me not want to have a fan page anymore that‚Äôs so scary.,"Another client ‚Äúover the moon!‚Äù

‚ÄúThank you so much.

I cannot stop crying.

Thank you to
Manager Dave Vasoodaven,‚Ä¶ https://t.co/qAOWZ8UDGK","@facebook Hello,since 24th Oct.my account is disabled,I dont know why,but how long does it take to get it back please? I did nothing wrong!",@AD_WHITMAN @GeorgiaDirtRoad @facebook ...say WHAT!!??.....geez,@facebook Only Facebook would allow Russian political ads but prohibit Veteran's Day video tributes that utilize Th‚Ä¶ https://t.co/FaseEHAq04,RT @jgpatriotmedia: #FreePatriotMedia from @facebook jail. #zucked https://t.co/UUx7CPuxqU,RT @jgpatriotmedia: #FreePatriotMedia from @facebook jail. #zucked https://t.co/UUx7CPuxqU,"RT @slpng_giants: So the question is why @Google @facebook &amp; @taboola continue to help them monetize this shit. 

Another example of tech p‚Ä¶",@SorchaRichardsn Dearest @facebook y r u name-shaming my best friend Sorcha Circus Circle‚Ñ¢Ô∏è??,@cityatlas @facebook @kzhill @_rospearce @mims @Revkin Its nothing fancier than all kinds of people talking about i‚Ä¶ https://t.co/JuAam3Sm2u,@newtgingrich @facebook it's time for the GLOVES TO COME OFF.....fire sessions and rosenstien IMMEDIATELY and repla‚Ä¶ https://t.co/us2RoKRnaS,RT @ratribose: Breaking news: Hindu homes torched in attack by Muslim mob today after Jumu'ah prayer for alleged blasphemy over @facebook p‚Ä¶,"RT @nassaraf: .@facebook to teach #socialmedia skills to the unemployed by @joshconstine via @TechCrunch RT @2morrowknight

https://t.co/lG‚Ä¶",RT @ratribose: Breaking news: Hindu homes torched in attack by Muslim mob today after Jumu'ah prayer for alleged blasphemy over @facebook p‚Ä¶,RT @AnthroPunk: How is this even legal? FFS @facebook get some #ethics. Hire anthropologists (if you can find any who would want to help yo‚Ä¶,This feature from @facebook could change how people watch video content https://t.co/G29eLBZGOH https://t.co/cZOb6RculF,"@facebook relaunches Events app as #FacebookLocal: 

https://t.co/EquJ9F6XJy","@facebook relaunches Events app as #FacebookLocal: 

https://t.co/uMwRux98e7",Getting real fucking tired of @facebook ads popping up IN THE MIDDLE of the video,@cityatlas @facebook @kzhill @_rospearce @mims @Revkin We just had a brilliant Finnish comedy piece on climate. Tot‚Ä¶ https://t.co/1L3kwtb3Ks,@newtgingrich @facebook What if GOP wasn't home to pedophiles like #RoyMooreChildMolester or ur old friend Dennis H‚Ä¶ https://t.co/izWXbiGR7t,RT @slpng_giants: üö®NEW ACTION: @facebook‚Äôs Carolyn Everson was nice enough to answer your emails regarding FB serving ads on Breitbart desp‚Ä¶,"@j082298 @TheDuran_com @facebook @JulianAssange Ok, what r those jews which put Jesus to death?!
Matthew 21:33-46","I've created a monster! Thanks for all your support over the last 48 hours (yes, the project is really only that ol‚Ä¶ https://t.co/4fvSQNtsyg",I‚Äôm am now completely locked out of of my @facebook account. Because of an old @Yahoo account that has no options f‚Ä¶ https://t.co/ldIpt5fmQ3,"RT @nassaraf: .@facebook to teach #socialmedia skills to the unemployed by @joshconstine via @TechCrunch RT @2morrowknight

https://t.co/lG‚Ä¶",@Facebook should connect the attendees at events. Increase connections/friends https://t.co/4jmT4tYilN,.@facebook to teach #socialmedia skills to the unemployed by @joshconstine via @TechCrunch...‚Ä¶ https://t.co/xZXlBVW4yc,RT @UNFCCC: Join the astronaut @thom_astro at 13:00 CET at #COP23 on @Facebook Live https://t.co/UEnsSfgzkb https://t.co/m7g0HLYYAU,"I heard about that movie on @facebook from a friend I've never met."" - sounds familiar?","@newtgingrich @facebook What if you hadn't committed serial adultery?
God wants you to explore that question in you‚Ä¶ https://t.co/qzVt1FOT0j",@cityatlas @facebook @kzhill @_rospearce @mims @Revkin When I got interested in this I began from the science basis‚Ä¶ https://t.co/DGPYIebw7M,@facebook stop trying to make stories happening!!!! The camera swipe to the left is annoying af!,"RT @nassaraf: .@facebook to teach #socialmedia skills to the unemployed by @joshconstine via @TechCrunch RT @2morrowknight

https://t.co/lG‚Ä¶",@cityatlas @facebook @kzhill @_rospearce @mims @Revkin Closing the gap between assumed future impact and distinct l‚Ä¶ https://t.co/i9MYDxfcBf,"Dear @facebook,
I am requesting you update your ads manager interface. Giving me this error with no real explanatio‚Ä¶ https://t.co/vYOZMhiSom","I'm at @Facebook HQ in Menlo Park, CA https://t.co/1Z244dsk9h",@facebook @Apple @Google are you going to correctly pay your UK taxes,"@facebook 3 fucking perfis mano
vsf",@devichechi @MelissaAFrancis @facebook @FoxBusiness @AftertheBell Even after hearing what Mark Zuckerberg said abou‚Ä¶ https://t.co/NYZu1SmOaf,@TeodroseFikre @facebook @SenSanders @MarkWarner @LeeCamp @saneprogressive @HAGOODMANAUTHOR @zachhaller @timkaine‚Ä¶ https://t.co/fBXuFXUMEG,@cityatlas @facebook @kzhill @_rospearce @mims @Revkin I've managed to engage some people with T anomaly reanalysis‚Ä¶ https://t.co/mejPXVdPaZ,RT @gwcareercenter: This guy. From @facebook. He's baaaaack! &amp; he's chatting w/ #GWU sophs/jrs about comp sci internships! Say hi to Robby‚Ä¶,"Looks like #STL was tapped to be the first face-to-face by ""the"" face of @facebook. https://t.co/43uEaWACBM ‚Ä¶ say t‚Ä¶ https://t.co/b60AkqJoCa",I'm unable to access @facebook due to it wanting me to confirm my identity. The code is not coming through.,RT @cityatlas: @facebook @kzhill @_rospearce @mims 3 years. The freakish thing: FB *users* are on the same planet as the *shareholders* and‚Ä¶,RT @UNFCCC: Join the astronaut @thom_astro at 13:00 CET at #COP23 on @Facebook Live https://t.co/UEnsSfgzkb https://t.co/m7g0HLYYAU,"Some piece of shit has hacked my step mums account and changed everything on her page, hope @facebook can get this‚Ä¶ https://t.co/w02XoAWao6","RT @Bodybuildingcom: Join us for a live Q&amp;A with the International Society of Sports Nutrition at 2pm MST.
@facebook @YouTube &amp; @Twitch htt‚Ä¶","Great to see @GlobalGiving and @facebook collaborate to provide more opportunities for people to give back, especia‚Ä¶ https://t.co/1D4wQrQeXM",@granlund_aarne @facebook @kzhill @_rospearce @mims Pink. https://t.co/uTrlL350vU Via @revkin.,RT @ratribose: Breaking news: Hindu homes torched in attack by Muslim mob today after Jumu'ah prayer for alleged blasphemy over @facebook p‚Ä¶,"Follow us on @facebook for more! https://t.co/KEXr8jNMhG
Exciting announcement coming soon! https://t.co/XG3N7vqQHK",@hatter324 @Lennar @facebook @Twitter they're just trying to subtly tell you that the porch is the best place to be,"RT @MarchForTruth17: Excellent letter by @SenBlumenthal to @facebook: ""you have a clear ongoing obligation"" to individually notify users ho‚Ä¶","RT @unicefturk: #foreverychild, right to education
@facebook and UNICEF have jointly presented the #HackforGood award to @4129Grey followin‚Ä¶",Wtf - who thought this was a good idea? @facebook  https://t.co/QedCBkybdu,RT @UNFCCC: Join the astronaut @thom_astro at 13:00 CET at #COP23 on @Facebook Live https://t.co/UEnsSfgzkb https://t.co/m7g0HLYYAU,RT @ratribose: Breaking news: Hindu homes torched in attack by Muslim mob today after Jumu'ah prayer for alleged blasphemy over @facebook p‚Ä¶,@cityatlas @facebook @kzhill @_rospearce @mims GHGs are invisible and atmosphere looks massive and transparent. Ima‚Ä¶ https://t.co/uGehZ4xPVT,"""while real-world social networks were positively associated with overall  well-being, the use of @facebook was neg‚Ä¶ https://t.co/HooFPilHpS",@BOYBLACKBOX @facebook @deepu_nalluri Just to the general page,"RT @Bodybuildingcom: Join us for a live Q&amp;A with the International Society of Sports Nutrition at 2pm MST.
@facebook @YouTube &amp; @Twitch htt‚Ä¶",$P @pandoramusic -- sharing this with no comments -- @facebook @YouTube https://t.co/egLIS5UkbN,"RT @newtgingrich: Watch the latest episode of my @facebook show, What If? History that Could've Been here: https://t.co/u164UWKQxs https://‚Ä¶","How a small business generated 1,200% ROI on a $50 @facebook ad https://t.co/WUbSxlOiZu #casestudy","#FF #shoutout goes to the wonderful cosplayer @OJeniferAnn! Support her work on @facebook, and on @Twitter! https://t.co/RCwklweQP9",@newtgingrich @facebook Maybe you should focus on reality?,RT @UlrichJvV: Hello Cape Town! Humbled to be hosted in the Mother City by @facebook. I'm here to expand solutions on using digital technol‚Ä¶,@facebook @kzhill @_rospearce @mims 3 years. The freakish thing: FB *users* are on the same planet as the *sharehol‚Ä¶ https://t.co/dtCpQmfAOv,"@facebook not only expects you to be Psychic now, but is also Trawling your Old Posts
By @XanderGibb on‚Ä¶ https://t.co/DScItm1fi5",I unfriended everyone on #Facebook -- just leaving groups on there -- and Facebook is throwing a fit by sending me‚Ä¶ https://t.co/RbX4UJ8Hl7,.@Facebook teams up with Bay Area companies to challenge @Craigslist on #rental listings https://t.co/G87f9Uk3le,RT @UNFCCC: Join the astronaut @thom_astro at 13:00 CET at #COP23 on @Facebook Live https://t.co/UEnsSfgzkb https://t.co/m7g0HLYYAU,RT @devichechi: .@facebook &amp; #markzuckerberg attacked for putting kids‚Äô mental health at risk. I disagree. Joining @MelissaAFrancis @FoxBus‚Ä¶,"#FF goes to the gorgeous cosplayer @Lie_chee! Support her work on @facebook, and on @Twitter! https://t.co/z4D8eT6Lnh",Someone who knows the ins and outs well please lend a hand. Because clearly @facebook feels they're too good to have a proper help line.,RT @Hoosi3r: Throwback pic on @facebook 4 years ago @bradyn_douglas @kayylaaa12 @Kristin51976 @trdouglas1221 @sydneylayne__ https://t.co/KW‚Ä¶,"Here's a radical thought: If @facebook had the genuine desire to regain social value, they'd put this on everyone's‚Ä¶ https://t.co/rZ3JuqQVRW",Available now on @YouTube &amp; @facebook https://t.co/O6gelpIJZj,RT @UNFCCC: Join the astronaut @thom_astro at 13:00 CET at #COP23 on @Facebook Live https://t.co/UEnsSfgzkb https://t.co/m7g0HLYYAU,This is the message I get. @facebook tells me to contact them. BUT HOW?! No number with any human or real informati‚Ä¶ https://t.co/FxnB4brBBB,RT @DerekUtleyCEO: .@seanhannity .@TuckerCarlson SOS!!! .@facebook Just deleted a whole bunch of Trump Fan and Conservative Facebook pages.‚Ä¶,"Why there is no share button on facebook post?  i look for solution but there is no solution.
@facebook‚Ä¶ https://t.co/MZlVgrTg4t","RT @newtgingrich: Watch the latest episode of my @facebook show, What If? History that Could've Been here: https://t.co/u164UWKQxs https://‚Ä¶",RT @UNFCCC: What is the link between the @GlobalGoalsUN agenda and #climateaction? Find out in our @Facebook live video https://t.co/dpfdjo‚Ä¶,"RT @DrDenaGrayson: üî•@facebook Founder admits, ‚ÄúYou're exploiting a vulnerability in human psychology. The inventors, creators ‚Äî me, Mark [Z‚Ä¶",@Medium @Mike_K_Spencer Mostly because the @facebook owned @instagram essentially took @Snapchat's full feature set a long time ago.,"@facebook Hi FB, I need help w something privacy related. Is there a way someone could please DM me?","Reminder that @facebook doesn‚Äôt give a shit about queer people, fuck their rainbow filter performatism https://t.co/5jyRDCNwQW",@newtgingrich @facebook What if Roy Moore was not a pedophile?,.@netzpolitik_org accuses @facebook of unfriending followers frm certain accts w/o their knowledge #PowerofPlatforms https://t.co/tNwFK8YRI3,RT @jgpatriotmedia: #FreePatriotMedia from @facebook jail. #zucked https://t.co/UUx7CPuxqU,RT @holbertonschool: .@holbertonschool students giving their end of the year presentations! Head on over to our @facebook page to check out‚Ä¶,"RT @FoxNews: Former @facebook exec Sean Parker says 'God only knows what it's doing to our children's brains'
 https://t.co/HFSqWTBES6",RT @jgpatriotmedia: #FreePatriotMedia from @facebook jail. #zucked https://t.co/UUx7CPuxqU,RT @UNFCCC: Join the astronaut @thom_astro at 13:00 CET at #COP23 on @Facebook Live https://t.co/UEnsSfgzkb https://t.co/m7g0HLYYAU,"Good read. ""No amount of feature-copying will ever let @facebook kill @Snapchat"". #socialmedia #millennials 

https://t.co/AjEPLTetMK","#FF #shoutout goes to the lovely cosplayer, gorgeous prop maker, and wonderful gamer @Artyfakes! Support her work o‚Ä¶ https://t.co/XHMPTFhMxR",#FreePatriotMedia from @facebook jail. #zucked https://t.co/UUx7CPuxqU,Does @Facebook Have a #Liberal or #Conservative Bias? And Answers to Other Big Social Media Questions‚Ä¶ https://t.co/qwyUQDBv7W,"RT @newtgingrich: Watch the latest episode of my @facebook show, What If? History that Could've Been here: https://t.co/u164UWKQxs https://‚Ä¶","https://t.co/apFKqVRn4x
@facebook sent me this story I posted 2015. How did @realDonaldTrump miss appointing this guy for Bureau of Prisons?",@RepFredUpton @ChicagosMayor #RESIGN2 #DQRahmballet0 torched you in #TO #YAS [You Ain't ?] @pastordudley Remember p‚Ä¶ https://t.co/TIv85oOMUG,.@facebook &amp; #markzuckerberg attacked for putting kids‚Äô mental health at risk. I disagree. Joining @MelissaAFrancis‚Ä¶ https://t.co/PID9osSLw6,@facebook website slow as shit yall should be able to load on a 15mbps conection. Fuck off with all the ads,@newtgingrich @facebook That's clever so your saying build a $39 billion and then just tear it down..,RT @KUProvostNeeli: What a great event with @facebook CEO Mark Zuckerberg!!!  I truly enjoyed the experience and being able to host him at‚Ä¶,RT @KUProvostNeeli: What a great event with @facebook CEO Mark Zuckerberg!!!  I truly enjoyed the experience and being able to host him at‚Ä¶,"""Introducing Facebook Community Boost"" via @facebook https://t.co/WHeoK4BzCl",#Smallbiz run by veterans twice as likely to build #biz on @facebook according to study! https://t.co/SeQEGFXyEg #VeteransDay,"RT @nzlabour: ""We're all cheering you on!"", @facebook COO @sherylsandberg to Prime Minister @jacindaardern at APEC this afternoon. https://‚Ä¶",Is Social Media A Threat to Democracy? https://t.co/9dGdzKXhbY #democracy #socialmedia @Facebook @Instagram @Twitter,LIKE our @facebook page: https://t.co/aKgh8nHDcY,"#FF #shoutout goes to the gorgeous cosplayer @CalypsenCosplay! Support her work on @facebook, and on @Twitter! https://t.co/lJcI5rY2xT",@JohnRHornbuckle @11AliveNews Then onward with your buck neked pics to @Facebook! You'll probably sleep better beca‚Ä¶ https://t.co/zmZdgjwrMo,American companies either at war or being used as a tool of war against the United States and it's citizens in a co‚Ä¶ https://t.co/53UjXV5GVv,"#FF #shoutout goes to the gorgeous cosplayer @kristenlanae! Support her work on @facebook, @Twitter, subscribe to h‚Ä¶ https://t.co/u6pVf4fPQu","""The new app, #FacebookLocal, helps you easily find what to do, where to go, where to eat, or what you need‚Äî all re‚Ä¶ https://t.co/cP0DNPqwMk",@TurnbullMalcolm @facebook @sherylsandberg Go away Malcolm! Facebook...are you kidding me!,RT @KUProvostNeeli: What a great event with @facebook CEO Mark Zuckerberg!!!  I truly enjoyed the experience and being able to host him at‚Ä¶,RT @KUProvostNeeli: What a great event with @facebook CEO Mark Zuckerberg!!!  I truly enjoyed the experience and being able to host him at‚Ä¶,"@PLSpokesman @stonewalluk Hi @premierleague üëã Why is this not featured on your @facebook page? C‚Äòmon, show us your‚Ä¶ https://t.co/aX6QuPofX1",RT @onedroptoday: @knowbetterfoods GOTTA make it @facebook Official üòç https://t.co/LI4CAyeIbZ,"RT @newtgingrich: Watch the latest episode of my @facebook show, What If? History that Could've Been here: https://t.co/u164UWKQxs https://‚Ä¶",RT @DerekUtleyCEO: .@seanhannity .@TuckerCarlson SOS!!! .@facebook Just deleted a whole bunch of Trump Fan and Conservative Facebook pages.‚Ä¶,Have decided to make @Twitter the social media space where I express my day-to-day frustrations. Can't do it on‚Ä¶ https://t.co/xQWGBgAOji,RT @ratribose: Breaking news: Hindu homes torched in attack by Muslim mob today after Jumu'ah prayer for alleged blasphemy over @facebook p‚Ä¶,"RT @newtgingrich: Watch the latest episode of my @facebook show, What If? History that Could've Been here: https://t.co/u164UWKQxs https://‚Ä¶",@newtgingrich @facebook Do you think the GOP should now stand for Grand Old Pedophiles?,@CardNotPresent: Facebook Launches P2P Payments in UK and France https://t.co/aNwC3XrX2I @facebook @fbnewsroom #p‚Ä¶ https://t.co/tcjrNrDfJh,"#FF #shoutout to the lovely cosplayer @jutsukino! Support her work on @facebook, @Twitter, and on @Patreon! https://t.co/77HqRTwjxk",@TurnbullMalcolm @facebook @sherylsandberg The NBN and its corrupted rollout is symptomatic of your governments fai‚Ä¶ https://t.co/hSw2m8k0iB,RT @UNFCCC: What is the link between the @GlobalGoalsUN agenda and #climateaction? Find out in our @Facebook live video https://t.co/dpfdjo‚Ä¶,.@Facebook teams up with #BayArea companies to challenge @Craigslist on #apartment #rental listings‚Ä¶ https://t.co/mtkpnPMcbQ,@swaymotorsports @facebook hi! Is it selfrighting with no rider? How is it possible? :),RT @DerekUtleyCEO: .@seanhannity .@TuckerCarlson SOS!!! .@facebook Just deleted a whole bunch of Trump Fan and Conservative Facebook pages.‚Ä¶,#Facebook can make your #profilepic wink &amp; scowl https://t.co/b16HsEsHDU @newscientist @facebook https://t.co/Ig1UM9LAY2 #animation,"RT @TeamShaneRichie: #FF @realshanerichie 
Give the man a follow today of all days! TV/theatre legend, now Country star! RT
@facebook: http‚Ä¶","Hey, @MarkZuckerbergF @facebook: don't you guys answer customers questions? I sent you an email about @FacebookAds‚Ä¶ https://t.co/FjddLKPzfE",RT @brightstrangely: @MuslimIQ All our platforms have a Nazi problem. @facebook https://t.co/7b9tlAf6i9,RT @KUProvostNeeli: What a great event with @facebook CEO Mark Zuckerberg!!!  I truly enjoyed the experience and being able to host him at‚Ä¶,"RT @TeamShaneRichie: #FF @realshanerichie 
Give the man a follow today of all days! TV/theatre legend, now Country star! RT
@facebook: http‚Ä¶",RT @KUProvostNeeli: What a great event with @facebook CEO Mark Zuckerberg!!!  I truly enjoyed the experience and being able to host him at‚Ä¶,"RT @MarchForTruth17: Excellent letter by @SenBlumenthal to @facebook: ""you have a clear ongoing obligation"" to individually notify users ho‚Ä¶","Hey @facebook, don't you guys answer customers questions? I sent you an email about @FacebookAds and nobody gave it‚Ä¶ https://t.co/fzKEjoEC3h",RT @morgainmcgovern: @oneunderscore__ @facebook @FoxNews Thanks @harrysiegel I grew up watching him on TV wondering when the cops were goin‚Ä¶,"In an unexpected shift for @Facebook #messenger, the #tech giant steers its messaging platform into the enterprise‚Ä¶ https://t.co/2ZibKPCW0D","RT @AD_WHITMAN: The #HarveyWeinstein rehabilitation unit is apparently as an ELITE intern at @facebook.
üòÇüòÇüòÇüòÇüòÇüòÇüòÇüòÇüòÇüòÇüòÇüòÇüòÇüòÇ https://t.co/65tmA0s‚Ä¶","RT @newtgingrich: Watch the latest episode of my @facebook show, What If? History that Could've Been here: https://t.co/u164UWKQxs https://‚Ä¶",Can she sue for harassment? This is just f*cking outrageous @twitter @facebook https://t.co/Le3fKgLUNB,RT @J_Ryan_Conley: This is why people need to leave @facebook for #FutureNet! https://t.co/lm9MNl2uxE #Facebook #Bitcoin,On @facebook? Like PillowTalkTV https://t.co/vFQlKb00JJ  #Comedy #WebSeries Lots original content coming! #Marijuana #Humor,"This is a horrible, horrible, horrible idea. Stupid, too. But mostly horrible. https://t.co/Zi62y1Chc0 cc @facebook",Great talking to you @teach42 about using @facebook in schools at the @MASB conference today! #MASBALC,"RT @newtgingrich: Watch the latest episode of my @facebook show, What If? History that Could've Been here: https://t.co/u164UWKQxs https://‚Ä¶",RT @KUProvostNeeli: What a great event with @facebook CEO Mark Zuckerberg!!!  I truly enjoyed the experience and being able to host him at‚Ä¶,"RT @newtgingrich: Watch the latest episode of my @facebook show, What If? History that Could've Been here: https://t.co/u164UWKQxs https://‚Ä¶","RT @newtgingrich: Watch the latest episode of my @facebook show, What If? History that Could've Been here: https://t.co/u164UWKQxs https://‚Ä¶","RT @ValaAfshar: Born in the last 15 years:

@Apple iPhone üì±
@Facebook
@Twitter
@YouTube
@SpaceX 
@awscloud 
@AlibabaGroup
@Uber
@Lyft
@Airb‚Ä¶","#FF @TeamShaneRichie Official @realshanerichie Fan Club
Working hard 2 keep u all up-2-date with Shane‚Äôs amazin car‚Ä¶ https://t.co/EdAfoUZZUg",RT @UNFCCC: Join the astronaut @thom_astro at 13:00 CET at #COP23 on @Facebook Live https://t.co/UEnsSfgzkb https://t.co/m7g0HLYYAU,Job satisfaction! Just another‚òùÔ∏èof many examples that makes me feel proud as a DJ/Presenter. Creating positive acti‚Ä¶ https://t.co/2OKGn69PXF,@snuggsi @facebook @react you're really taking advantage of this 250 character limit.,"RT @TurnbullMalcolm: Women in the tech sector, jobs &amp; growth and an exciting launch of @facebook's Community Boost with @sherylsandberg. Wa‚Ä¶","Now that @Twitter has increased the character limit to 280, I wish they introduced an ‚Äòedit tweet‚Äô feature where ya‚Ä¶ https://t.co/t0A1iNLOuC",@newtgingrich @facebook offs,"To Fight Revenge Porn, @Facebook Is Asking to See Your Nudes https://t.co/tStqDQ3IMw #socialmedia #facebook #revengeporn","RT @IntizarZaidi: With #ISIS targeting him &amp; @Facebook suspension, @TarekFatah takes to @Twitter to 'express' himself - @Times-Mumbai https‚Ä¶",@RepAdamSchiff @Susan_Hennessey @sacbee_news ... Adam ... are you implying that @facebook. @Google and @Twitter are‚Ä¶ https://t.co/CPI9BPbek4,"RT @NatalieZfat: Lights, camera, action. Great article about the value of @facebook Live in business, via @Entrepreneur: https://t.co/mme7c‚Ä¶",Proud to add three new directors from @webelieversnow @facebook and @Nielsen to our board of directors‚Ä¶ https://t.co/V4NO86aG9X,"RT @newtgingrich: Watch the latest episode of my @facebook show, What If? History that Could've Been here: https://t.co/u164UWKQxs https://‚Ä¶","RT @caseweatherhead: THURS 11/16, 1pm EST: Watch @MGCleve talk to @instagram COO Marne Levine on @cwru's FB page LIVE from @facebook HQ : h‚Ä¶","RT @slpng_giants: So the question is why @Google @facebook &amp; @taboola continue to help them monetize this shit. 

Another example of tech p‚Ä¶","@TurnbullMalcolm @facebook @sherylsandberg Next month with salary I will rent apartment, that's fine.",RT @KUProvostNeeli: What a great event with @facebook CEO Mark Zuckerberg!!!  I truly enjoyed the experience and being able to host him at‚Ä¶,"@facebook want‚Äôs nude pictures from people üòÇüòÇüòÇüòÇüòÇüòÇüòÇüòÇüòÇüòÇüòÇ WHAT? LMFAO!!!! Holy shit. Hey, FB... what the fuck are you doing? üòÇ",@pwnallthethings @facebook @jack are you listening??????? so much this^^^^^ this is your opportunity to start unfucking the world,"RT @newtgingrich: Watch the latest episode of my @facebook show, What If? History that Could've Been here: https://t.co/u164UWKQxs https://‚Ä¶","RT @OSDDallasISD: Be sure to check out, like, and follow our @Facebook Page

https://t.co/ZM139hSRq6 https://t.co/WpcZZjdQWH",@twitter add an option to limit character count to 140. why are you all trying to be @facebook.   We all love twitt‚Ä¶ https://t.co/vg4g5c2YGV,@inetsoho @newtgingrich @facebook He likes to wait until the current wife is sick...then he leaves her for wife number 7...or 8.,"#HowTo see how many times a #Hashtag was used on @twitter, @instagram and @facebook. 

https://t.co/hG4DQMaDc7 https://t.co/9mTiRbuo29"
