RT @Cassandraoid: üí•¬†Thrilled to announce that I will be joining @Google's open source strategy team on Monday as the Dev Rel Program Manage‚Ä¶,"im not getting the @google pixel 2 solely because there is no headphone jack. samsung galaxy s8+ it is.

fuck you iphone, ur shit","After 6 months, and about a dozen support calls later my #nexus6p (known battery issues) is now disfunctional AND o‚Ä¶ https://t.co/NJNBAjF0I8",@qhardy @sarbjeetjohal @matteastwood @furrier @npandey25 @Microsoft @evankirstel @awscloud @Google @Rackspace MyPOV‚Ä¶ https://t.co/S1nGyb0qA8,"Thanks for completely breaking custom color settings in Calendar, @Google. Super neat that setting a hex code is ju‚Ä¶ https://t.co/hFB8Kv6vxE",RT @qhardy: @sarbjeetjohal @rwang0 @matteastwood @furrier @npandey25 @Microsoft @evankirstel @awscloud @Google @Rackspace Note the picture‚Ä¶,HEY @YOUTUBE @GOOGLE NOT A GOOD LOOK! https://t.co/wnP9XcA1ZG,@Memmons13 @WaltMD @beeby0420 @CarrollBryant I don't think he is. He has a https://t.co/veESUkHmHI blog. Please rep‚Ä¶ https://t.co/jdiseMLTXt,@LynnLynniepoo @dramaQkarri @elanajoy1982 @KeithOlbermann @chrislhayes @maddow @MalcolmNance @JoeNBC @CNN‚Ä¶ https://t.co/TC5RSmrnpS,"RT @vencafglobal: Dang...quite a day in #STL innovation community. @facebook and @google hanging in @CortexSTL. Mark Zuckerberg, you going‚Ä¶","RT @tailosivetech: @Google @YouTube the AI is not learning. It‚Äôs not improving, it‚Äôs literally getting dumber. https://t.co/pK2Fy4daTg","RT @SenDonnelly: Joe participated in #GrowWithGoogle kickoff in Indy. 2,500 Hoosier will learn new digital skills from @Google experts to h‚Ä¶",RT @AutoGravity: AutoGravity partners with @Google to reach car buyers looking to save hours on the car shopping journey! https://t.co/LXt9‚Ä¶,"RT @gsuite: .@awagonfeld, CMO of Google Cloud, shares how @Google &amp; @Salesforce used #gsuite to prepare for their partnership announcement‚Ä¶","RT @gsuite: .@awagonfeld, CMO of Google Cloud, shares how @Google &amp; @Salesforce used #gsuite to prepare for their partnership announcement‚Ä¶",".@awagonfeld, CMO of Google Cloud, shares how @Google &amp; @Salesforce used #gsuite to prepare for their partnership a‚Ä¶ https://t.co/vfjd4v2CFx",@FordIndia teams up with @Google for #FordEcoSport digital campaign https://t.co/o27fM2TE9C @Ford,Parents need to tell Google to https://t.co/l1YwJFLd5t-Kids-App. Down https://t.co/O93VwIgbLn @Google,"RT @tailosivetech: @Google @YouTube the AI is not learning. It‚Äôs not improving, it‚Äôs literally getting dumber. https://t.co/pK2Fy4daTg",RT @eatQuickr: Hi guys &amp; welcome to the show!üòÄ  RT &amp; FOLLOW &amp; FB LIKE 2 #win our @Google #chromecast #free #giveaway #thursdaymotivation #c‚Ä¶,@Google now shows restaurants' average wait times. @foodandwine https://t.co/twXKg2Sszw,@annewoj23 Always makes me happy when your company @23andMe pulls its ads from someone like Sean Hannity who goes o‚Ä¶ https://t.co/4DIxYVRdtw,RT @Cassandraoid: üí•¬†Thrilled to announce that I will be joining @Google's open source strategy team on Monday as the Dev Rel Program Manage‚Ä¶,"@MSliwinski @Google True, but as a counterpoint Microsoft apps are astonishingly excellent, OneNote especially.",RT @qhardy: @matteastwood @sarbjeetjohal @rwang0 @furrier @npandey25 @Microsoft @evankirstel @awscloud @Google @Rackspace @NetApp Yep. Clou‚Ä¶,RT @SANDROANDRINE RT @BourseetTrading: üî¥.@Google‚Äôs #AI guru predicts humans and machines will merge within 20 years‚Ä¶ https://t.co/Wt3ILZUGRm,"My favorite @Google recruiter is apparently leaving the team and now I will continue to not work at @Google, but to a greater degree.",We can't wait to hear Kate Brandt @Google speak at #RBSWest next week on technology for the environment,"@SenDonnelly @Google Too bad all those corps hire #H1B's instead of Americans. Sure, lots of jobs, at the expense of The American Worker.",@LynnLynniepoo @dramaQkarri @elanajoy1982 @KeithOlbermann @chrislhayes @maddow @MalcolmNance @JoeNBC @CNN‚Ä¶ https://t.co/9aPHuDDpBm,RT @mkl: The #future of #travel: New consumer behavior and the technology giving it flight | by @Google @ThinkwithGoogle  https://t.co/jhoE‚Ä¶,@tailosivetech @Google @YouTube That‚Äôs some serious BS man. This is your and many other people‚Äôs livelihoods and in‚Ä¶ https://t.co/GlCXHyP8u3,Boy @Apple #iphone sucks ! Update caused phone battery not to last long . Spend most time on charger.   looks like need a  @Google phone,@sarbjeetjohal @rwang0 @matteastwood @furrier @npandey25 @Microsoft @evankirstel @awscloud @Google @Rackspace Note‚Ä¶ https://t.co/DzVeMP5hIX,"@SenDonnelly @Google Please note: preparing for jobs is training; important, but so is education.",Thank you @Google for listening to the users and releasing the Pixel 2XL update for the display. I'm a much happier‚Ä¶ https://t.co/8yo0ST9JP5,"580k points.

I think this can be confirmed as the most amount of points in @Google @atari Breakout.

Letting it run till 1m+!","@Google @YouTube the AI is not learning. It‚Äôs not improving, it‚Äôs literally getting dumber. https://t.co/pK2Fy4daTg","@Google @googledevs  @USMC  No picture, drawing, etc. for  #MarineCorpsBirthday ?  HOW VERY VERY UNAMERICAN OF YOU
#NoLove  #AntiMarineCorps",@A1000Truths The @google pixel God's bless you,RT @eatQuickr: Hi guys &amp; welcome to the show!üòÄ  RT &amp; FOLLOW &amp; FB LIKE 2 #win our @Google #chromecast #free #giveaway #thursdaymotivation #c‚Ä¶,"RT @AjitPaiFCC: Following @FCC's grant of experimental license, Alphabet/@Google's #ProjectLoon has delivered Internet access to 100K @ATT/‚Ä¶",RT @Cassandraoid: üí•¬†Thrilled to announce that I will be joining @Google's open source strategy team on Monday as the Dev Rel Program Manage‚Ä¶,RT @shilpa_vaze: Very disappointing &amp; sad that the technology giant @Google is promoting such games. Their technical geniuses &amp; creative mi‚Ä¶,"@SenDonnelly @Google No b.s. here, I appreciate that you guys make it clear that this accnt represents Joe, rather‚Ä¶ https://t.co/Wd7hXFKj2t",@DamnPOPS @CJoeBlack @UcancallmeLA @Google I watched the NBC news video earlier that‚Äôs crazy,"RT @prageru: .@Google will not allow us to promote our latest video that says there are only two genders because it is ""dangerous/derogator‚Ä¶",@CaseyNeistat don't you dare do that camera comparison without a @Google Pixel XL 2.,"RT @slpng_giants: So the question is why @Google @facebook &amp; @taboola continue to help them monetize this shit. 

Another example of tech p‚Ä¶",RT @loudnessfete: WHO IS THIS @google https://t.co/FNhSfZXrlr,This is a pretty great read for anyone interested in how @google got the #Pixel2's stabilization so good: https://t.co/EksufG2UK3,"Tech experts from @Twitter, @Google and @Pinterest on the skills future ready students need 
via @EdTech_K12‚Ä¶ https://t.co/GeA0SIdDxJ",RT @Otros20Pesos: JOIN ME FOR THE #LATINAS #ENTREPRENEURSHIP #SUCCESS PANEL AND #WORKSHOP HOSTED BY @GOOGLE  AND @latinasenny  RSVP -&gt; http‚Ä¶,So @Google Home is the most infuriating ‚Äúsmart‚Äù home product. I‚Äôve had to completely remove and relink my‚Ä¶ https://t.co/9Z8vaLbIBb,"RT @BourseetTrading: üî¥.@Google‚Äôs #AI guru predicts humans and machines will merge within 20 years.

https://t.co/cvniXIkT9g @TheNextWeb 
#M‚Ä¶","@CJoeBlack @UcancallmeLA @Google This is great, was introduced to her story through Viral Status back in the day. Keep up the great work","@snapchatsupport No worries, I figured it out thanks to @Google üëçüèæ.
Plus, the problem was that I wasn't receiving t‚Ä¶ https://t.co/GqB85UgYTz",@Google Find your forever home in #Siliconbeach ! #googlepeeps #foreverhomes #closetomainstreet #venice #lahomes https://t.co/JGOqYi8DXQ,@Google Find your forever home in #Siliconbeach ! #googlepeeps #foreverhomes #closetomainstreet #venice #lahomes https://t.co/FvrUxgshNq,"RT @lightsailvr: Is there something wrong with my eyes?! https://t.co/Q2uXftdQAk Coming this fall...to your VR device! 

@googlevr @Google‚Ä¶","RT @SenDonnelly: Joe participated in #GrowWithGoogle kickoff in Indy. 2,500 Hoosier will learn new digital skills from @Google experts to h‚Ä¶","@dougkrug @Apple @Windows @dougkrug, as soon as @Adobe Photoshop and Illustrator + @sketchapp runs on a @Google  Chromebook... I'm gone. #ux",@Google  Dear GOOG:  THANK YOU PRAISE THE GODS OH YES !!!Thank YOU SOSO much for scrapping the old 6SECOND you tube‚Ä¶ https://t.co/ssgoAmEJfU,@jeffjarvis The way @Google has screwed its paying GSuite customers is an abomination.,RT @contently: Here are 3 ways @Google can have more credible search rankings: https://t.co/QentzIw0cB https://t.co/UIXd8nCBYr,@jordanadair333 @Google üòÇ this made my day,@LynnLynniepoo @dramaQkarri @elanajoy1982 @KeithOlbermann @chrislhayes @maddow @MalcolmNance @JoeNBC @CNN‚Ä¶ https://t.co/qqfan5eG8D,"So. Much. #Hangouts. Spam. 

@Google",So excited for my 3rd year using this program and Scratch.  The students make some pretty creative projects!‚Ä¶ https://t.co/eKGdXUMmKL,"Hey @amazon and @Google, fix this no YouTube on the echo show BS.  It's both of your faults, now fix it.","RT @GerryDick: This weekend on @IIB 
@Indiana_EDC 
@Google 
@IvyTechCC 
@IndianaChamber 
@peashley 
@FirstPersonBA 
@ymcaindy 
@davidhummel‚Ä¶",@Krommsan @intelOverwatch @7SealsOfTheEnd @IBM @Google @dwavesys @intel So if 90 microseconds is big deal then i ca‚Ä¶ https://t.co/dFqf01rSZe,RT @Google: Focus on doing what you do best - capturing inspiring images. We‚Äôll help you with the rest. https://t.co/uPc9LlJwpF,RT @MensHealthMag: .@LEVIS and @Google joined forces to create the perfect jacket for your commute. #MHRecRoom https://t.co/OhAd1XXirz,"RT @eatQuickr: #Netflix &amp; #Takeaway fans know whats up ‚úåüèΩ

RT &amp; FOLLOW &amp; FB LIKE 2 #win our @Google #Chromecast #Gadget #giveaway #FridayFe‚Ä¶","Security release from @Google patched the Android #KRACKvulnerability, but leaves users unsure if they are safe. https://t.co/AzoFpYtBqA",Congratulations @HiddenGeniusPro! $1M invested from @Google for #Oakland‚Äôs young black men in #tech: https://t.co/amqMNHrx3a,RT @ASUgreen: .@Google's Sustainability Lead Kate Brandt concludes Q&amp;A w/ #Sustainability Dean @cgboone to a standing ovation #WrigleyLectu‚Ä¶,@AjitPaiFCC @FCC @Google @ATT @TMobile Are you excited about helping them build up their network so you can bend th‚Ä¶ https://t.co/xZtmdHvKMc,@Google y'all are out of total control https://t.co/Gbfpto2GkN,"I've long supported efforts to address the skills gap &amp; train Hoosiers for in-demand jobs. Hoosier educators, jobse‚Ä¶ https://t.co/JuaoQi49Ff",RT @helpnetsecurity: Phishing is a greater threat to users than keyloggers and third-party breaches - https://t.co/G7ujpXIP1q - @Google @UC‚Ä¶,"RT @SenDonnelly: Joe participated in #GrowWithGoogle kickoff in Indy. 2,500 Hoosier will learn new digital skills from @Google experts to h‚Ä¶","RT @SenDonnelly: Joe participated in #GrowWithGoogle kickoff in Indy. 2,500 Hoosier will learn new digital skills from @Google experts to h‚Ä¶","Joe participated in #GrowWithGoogle kickoff in Indy. 2,500 Hoosier will learn new digital skills from @Google exper‚Ä¶ https://t.co/OAVjuAKZL1","@elonmusk @Google ‚Äú...Up was down, down was up. The models were operating in reverse. The Truth wasn‚Äôt the Truth an‚Ä¶ https://t.co/bIoLdZnVvD",@Krommsan @intelOverwatch @7SealsOfTheEnd @IBM @Google @dwavesys @intel Yeah i know. Do u think @amazon have a secr‚Ä¶ https://t.co/P3uCEviQ40,@draginol @Google Defamation?,@ScotGaymer @Google For what?,"@elonmusk @Google ‚Äú...and five of the biggest losers were stocks PDT had bought, expecting them to rise. It was Biz‚Ä¶ https://t.co/kvQ0DmBkqq","Pumped to finally have my ""panda"" pixel 2 XL in hand. Well done @Google. https://t.co/pB6d1UbgIh",@loudnessfete @Google Kewl dude.,@LynnLynniepoo @dramaQkarri @elanajoy1982 @KeithOlbermann @chrislhayes @maddow @MalcolmNance @JoeNBC @CNN‚Ä¶ https://t.co/2ZzygQVJ3t,@6BillionPeople @Google Bag secured!,"@elonmusk @Google ‚Äú...The previous Friday, five of the biggest gainers on the Nasdaq were stocks that PDT had sold‚Ä¶ https://t.co/YkYN5Bgpmb",RT @Krommsan: @EndTimeTuber @intelOverwatch @7SealsOfTheEnd @IBM @Google @dwavesys @intel We will never know the real numbers as the Chines‚Ä¶,@elonmusk @Google ‚Äú..The unusual behavior of stocks PDT tracked had begun to slip sometime in mid-July &amp; had gotten‚Ä¶ https://t.co/JQQXQEGNrB,RT @Google: ‚ÄúWe want to go from thousands of organizations solving machine learning problems to millions.‚Äù - Google Senior Fellow Jeff Dean‚Ä¶,Very disappointing &amp; sad that the technology giant @Google is promoting such games. Their technical geniuses &amp; crea‚Ä¶ https://t.co/dZJIbyGI5h,"RT @eatQuickr: #Netflix &amp; #Takeaway fans know whats up ‚úåüèΩ

RT &amp; FOLLOW &amp; FB LIKE 2 #win our @Google #Chromecast #Gadget #giveaway #FridayFe‚Ä¶",@EndTimeTuber @intelOverwatch @7SealsOfTheEnd @IBM @Google @dwavesys @intel We will never know the real numbers as‚Ä¶ https://t.co/BcPa1AqNLb,RT @TheSetrocGroup: BIG thank you to the @HHFoundation for inviting our president @CortesLatino to speak at @Google yesterday for #Leaderso‚Ä¶,"RT @eatQuickr: #Netflix &amp; #Takeaway fans know whats up ‚úåüèΩ

RT &amp; FOLLOW &amp; FB LIKE 2 #win our @Google #Chromecast #Gadget #giveaway #FridayFe‚Ä¶","RT @thalesians: @thalesians with colleagues at @Global_Derivs in Chicago, with @saeedamenfx @mfrdixon @LuisCota  colleagues from @Google Mo‚Ä¶",RT @eatQuickr: Hi guys &amp; welcome to the show!üòÄ  RT &amp; FOLLOW &amp; FB LIKE 2 #win our @Google #chromecast #free #giveaway #thursdaymotivation #c‚Ä¶,@elonmusk @Google ‚Äú... [It] was beginning to look like possibly the biggest short squeeze in history...‚Äù (7/n),RT @IndyWiD: We are hanging with @Google today! #GrowWithGoogle #Indy https://t.co/Vg6QIBoLwS,RT @6BillionPeople: Leaving @Google,"RT @WhitefieldPS: Using our Computing knowledge to research our history learning challenge &amp; record on @Google &amp; @PicCollage, then share to‚Ä¶",@Fola_dada @Google Wave went hard. The problem was they were looking for mass adoption and weren't satisfied with t‚Ä¶ https://t.co/Re83t4NIZS,"Always listen to your soul.
@gabrielbeerwritings.com @FriesenPress @amazon @BNBuzz @chaptersindigo @Google @Whizbuzz https://t.co/OssAiNjF4Q",RT @bmiles2000: @RealMattCouch @YouTube @FTC You really need to look at @YouTube and @Google. They are in violation of our antitrust laws.‚Ä¶,Happy 10th Birthday @Android! ü•ÇüéÇüòÉ @Google https://t.co/jxHXRwZ4Ae,@elonmusk @Google ‚Äú... His greatest fear was that there was nothing he could do...‚Äù(6/n),Look what I found on Mercari! Brand New Pixel XL 1‚Ä¶ posted by Lovedeep23 https://t.co/TyAwRjdMgi @mercari_app‚Ä¶ https://t.co/ebiDCkiF92,"@elonmusk @Google ‚Äú... Inside his office, [he] again stared grimly at his computer screen. Red numbers washed acros‚Ä¶ https://t.co/f5KLPyDUju",Thanks so much to @Google for supporting our troops tonight! #TurkeysforTroops #VeteransDay https://t.co/f5eyUewm4f,"Hey @madebygoogle / @Google / @googlephotos, when are we getting the IO thing where you will remove the netting fro‚Ä¶ https://t.co/5dUT3Vt7rQ","@thalesians with colleagues at @Global_Derivs in Chicago, with @saeedamenfx @mfrdixon @LuisCota  colleagues from‚Ä¶ https://t.co/TeyRBbMR30","RT @Ukraine: Recently @baekdal started an important discussion on emoji burgers. We want to go further: @Google &amp; @Apple, time to have a bo‚Ä¶","@elonmusk @Google ‚Äú... Trading dried up, and pricing for CDOs became nearly impossible due to the complex, misused‚Ä¶ https://t.co/Tiw8b36KE7","and finally, the app is up and running   
a snapshot of my first steps in @Google's Challenge on @udacity üòÄ https://t.co/tj3pwQh80t","If I have to live again, I would live again for Him.
@FriesenPress @chaptersindigo @amazon @Google @Whizbuzz‚Ä¶ https://t.co/Vk1qEG168z","RT @eatQuickr: #Netflix &amp; #Takeaway fans know whats up ‚úåüèΩ

RT &amp; FOLLOW &amp; FB LIKE 2 #win our @Google #Chromecast #Gadget #giveaway #FridayFe‚Ä¶","@elonmusk @Google ‚Äú... The CDO machine, and the highly leveraged house of cards built upon it, cascaded into a black hole...‚Äù (3/n)","RT @BourseetTrading: üî¥.@Google‚Äôs #AI guru predicts humans and machines will merge within 20 years.

https://t.co/cvniXIkT9g @TheNextWeb 
#M‚Ä¶",@Google  I am really impressed with this pixel 2! It is amazing! So happy I got it! Great job!,"RT @eatQuickr: #Netflix &amp; #Takeaway fans know whats up ‚úåüèΩ

RT &amp; FOLLOW &amp; FB LIKE 2 #win our @Google #Chromecast #Gadget #giveaway #FridayFe‚Ä¶",RT @6BillionPeople: Leaving @Google,@elonmusk @Google ‚Äú... and were a primary cause of the credit meltdown that swept the financial system starting that summer...‚Äù (2/n),@UcancallmeLA @Google ‚ù§Ô∏è‚ù§Ô∏è‚ù§Ô∏è‚ù§Ô∏è‚ù§Ô∏è‚ù§Ô∏è‚ù§Ô∏è‚ù§Ô∏è‚ù§Ô∏è love this so much. So proud of how far you‚Äôve come,@digitalmaverick @royalsociety @Microsoft @Google @GoogleForEdu @getintoteaching @TeachingSTEM @bcs @techUK‚Ä¶ https://t.co/yjnNi4RZ3m,@elonmusk @Google ‚ÄúThe losses in high-rated tranches of CDOs devastated the balance sheets of banks in the United S‚Ä¶ https://t.co/nTmvVsxAH1,RT @6BillionPeople: Leaving @Google,@Google Says It's Cut #Cloud #SDN Andromeda's Latency by 40 Percent https://t.co/gnjfT8vmzh,RT @holgermu: And now @salesforce and @google are pals again. @ron_miller reports @rwang0 comments at #DF17 https://t.co/iHSvIArm5P #CMO #C‚Ä¶,RT @sarbjeetjohal: @qhardy @rwang0 @matteastwood @furrier @npandey25 @Microsoft @evankirstel @awscloud @Google @Rackspace Conveying intent‚Ä¶,RT @qhardy: @matteastwood @sarbjeetjohal @rwang0 @furrier @npandey25 @Microsoft @evankirstel @awscloud @Google @Rackspace @NetApp Yep. Clou‚Ä¶,"RT @laparisa: Cool work by @inwyrd &amp; team to get at the root cause of hijacked @Google accounts: https://t.co/ig2lMAZAkU

tl;dr: 3rd party‚Ä¶",@eatQuickr @Google nice one :) #FreebieFriday,Legitimately curious: at which temperature is it appropriate to wear a fur coat? @Google didn‚Äôt know.,"RT @eatQuickr: #Netflix &amp; #Takeaway fans know whats up ‚úåüèΩ

RT &amp; FOLLOW &amp; FB LIKE 2 #win our @Google #Chromecast #Gadget #giveaway #FridayFe‚Ä¶",RT @IamVanessaVale: Bridgewater County steaminess continues! HOLD ME CLOSE Double the cowboys! #westernromance #mustread @Google https://t.‚Ä¶,"Hey @Google please DO SOMETHING
https://t.co/wRhzNPI47y",RT @eatQuickr: Hi guys &amp; welcome to the show!üòÄ  RT &amp; FOLLOW &amp; FB LIKE 2 #win our @Google #chromecast #free #giveaway #thursdaymotivation #c‚Ä¶,@kevinpalmer Yep. @amazon and @Google,"RT @prageru: ""I used to be a Senior Software Engineer at @Google...until they fired me for doing something so unforgivable, so controversia‚Ä¶",Leaving @Google,I‚Äôm really considering switching from iPhone after all these years. I‚Äôm hella interested in the @Google pixel.,THE MOST AWESOME IMAGES ON THE INTERNET: @AdrianQuarless and Vogue Magazine editor Anna Wintour.‚Ä¶ https://t.co/FD3UUeP0h5,"Hi @Google,
Why am I directed to troll accounts spreading disinformation on @Twitter when I search ""Roy Moore"" on‚Ä¶ https://t.co/VmCdTsGKiG","RT @prageru: ""@Google routinely censors views it doesn't like.""
Former Google Software Engineer @JamesADamore 

Google/YouTube continue to‚Ä¶",What we‚Äôre doing to support veterans @google https://t.co/hEXLn3bPVE,"RT @TechNexus: .@Google is changing the way they handle an evolving industry by using new
technology, such as AV/VR technology, to develop‚Ä¶","@Google oh look, this autofills just fine. literally just need an 'i' after trump to get impeachment https://t.co/9NCbWiPZfx","with @Google home mini, the call log is not available on the phone call log...also can't make international calls f‚Ä¶ https://t.co/EYdYKfIIwv",@adamsager81 @Google It would be awesome to have completely custom activation phrases.,RT @IamVanessaVale: Bridgewater County steaminess continues! HOLD ME CLOSE Double the cowboys! #westernromance #mustread @Google https://t.‚Ä¶,.@Google introduces a new mentorship program tailored to support #AI and #machinelearning #startups‚Ä¶ https://t.co/C74pcphGLy,Bridgewater County steaminess continues! HOLD ME CLOSE Double the cowboys! #westernromance #mustread @Google https://t.co/Nr7WU318Rn,@AjitPaiFCC @christinawilkie @FCC @Google @ATT @TMobile Too bad after 51 days THEY DON'T HAVE ELECTRICITY in their‚Ä¶ https://t.co/qJI3fdIsDt,@LynnLynniepoo @dramaQkarri @elanajoy1982 @KeithOlbermann @chrislhayes @maddow @MalcolmNance @JoeNBC @CNN‚Ä¶ https://t.co/2TrkYWmPZh,@MSliwinski @Google So true...,RT @DanPinnington: Google #Chrome users: Protect Your @Google Accounts With This Official Extension: https://t.co/pN0HjpF2Ka #infosec,"@ChikaUmeadi Remember Wave, @Google  Wave was my thing until they started pimping it out and ruin it for us all.",@LynnLynniepoo @dramaQkarri @elanajoy1982 @KeithOlbermann @chrislhayes @maddow @MalcolmNance @JoeNBC @CNN‚Ä¶ https://t.co/ek8k0hnhGS,@sullivanradio @realDonaldTrump @Google hates Veterans and ignores #VeteransDay No #GoogleDoodle for #VeteransDay.‚Ä¶ https://t.co/cHeorSCAjh,"Retweeted Google (@Google):

Go from a sandstone palace in India to a pink staircase in Singapore with some of our.‚Ä¶ https://t.co/TcF68SokBb",RT @Google: Go from a sandstone palace in India to a pink staircase in Singapore with some of our favorite #teampixel finds from this week‚Ä¶,@CobraBitcoin @WeathermanIam @Google I really love hearing you twist in the wind with all your corruption.,"RT @eatQuickr: #Netflix &amp; #Takeaway fans know whats up ‚úåüèΩ

RT &amp; FOLLOW &amp; FB LIKE 2 #win our @Google #Chromecast #Gadget #giveaway #FridayFe‚Ä¶",@eatQuickr @Google Amazing prize yes Please I would really love one in my home please count me in I have F&amp;rt thank‚Ä¶ https://t.co/yAiNXvwS9u,"RT @AjitPaiFCC: Following @FCC's grant of experimental license, Alphabet/@Google's #ProjectLoon has delivered Internet access to 100K @ATT/‚Ä¶","RT @jhealydesign: Why isn't @Adobe leading the #AugmentedReality/#VirtualReality #creative #software space? Instead, @Google Is Becoming Th‚Ä¶","@nestsupport So I love your @nest products, but to be honest, I hate @Google Assistant. I want to buy the IQ camera‚Ä¶ https://t.co/Hbv068xfWN",RT @royalsociety: @Microsoft @Google @GoogleForEdu @getintoteaching @TeachingSTEM @bcs @techUK @CodeClub @MicrosoftUK How does your local a‚Ä¶,"RT @InfoNebeus: Big Thank You to our team at @Google who help us with building up our ad campaign, their team partners with a select group‚Ä¶","@Google I really wish Google assistant would give me back my home button on my phone, it seems to have taken over without any permission",@LynnLynniepoo @dramaQkarri @elanajoy1982 @KeithOlbermann @chrislhayes @maddow @MalcolmNance @JoeNBC @CNN‚Ä¶ https://t.co/BAXHaacXw3,"@Google today if I say ""Play X by Y"" to my #GoogleHome it will just play that artist using @Spotify this is simply sub-optimal.","RT @AjitPaiFCC: Following @FCC's grant of experimental license, Alphabet/@Google's #ProjectLoon has delivered Internet access to 100K @ATT/‚Ä¶","RT @IndyMayorJoe: Thank you to @Google for bringing #GrowWithGoogle to #Indy, and we look forward to 2 days of learning, collaboration, and‚Ä¶",@GirlScoutsWW from around the Seattle area showed the robots they created at the @google campus in #Fremont today.‚Ä¶ https://t.co/G17ECX8lIo,@Google how do I drown in music,"@darkpixel @Google Is one a normal pixel, and the other a dark pixel?","RT @dontcallmepoc: Very interesting @Google.

What's up? https://t.co/5n0BnMSMdh","RT @Google: From urban art adventures to ancient exploration, here's how we're playing in the leaves this week with #teampixel ‚Üí https://t.‚Ä¶",@WCLordRay @Google omg XD,ICYMI Claes`s #Photoblog: double exposure experiment https://t.co/LQ2IQeqTMx #blogger #blogging #blog #photography‚Ä¶ https://t.co/o92cQ7oPat,RT @Google: Focus on doing what you do best - creating awesome designs. We‚Äôll help you with the rest. https://t.co/cI7uPgL2ph,RT @syd_viciously: @dontcallmepoc @Google really? Not gonna autofill Juanita? https://t.co/ACSCQe0ONL,"RT @dontcallmepoc: Very interesting @Google.

What's up? https://t.co/5n0BnMSMdh",ok @Google thanks for the gCal view update.  Nice try on the 'responsive to your screen' information density featur‚Ä¶ https://t.co/kYzCO7Cl8O,@adamsager81 @Google The irony...,RT @syd_viciously: @dontcallmepoc @Google really? Not gonna autofill Juanita? https://t.co/ACSCQe0ONL,"Why isn't @Adobe leading the #AugmentedReality/#VirtualReality #creative #software space? Instead, @Google Is Becom‚Ä¶ https://t.co/fX1v1rkaJA","RT @eatQuickr: #Netflix &amp; #Takeaway fans know whats up ‚úåüèΩ

RT &amp; FOLLOW &amp; FB LIKE 2 #win our @Google #Chromecast #Gadget #giveaway #FridayFe‚Ä¶",@Google #Tez sees early success in #India - @businessinsider https://t.co/uV99ud354x #tech #Asia,@dontcallmepoc @Google really? Not gonna autofill Juanita? https://t.co/ACSCQe0ONL,"For adding #StructuredData in a #WebDesign project, the @Google  validation tool will come in handy https://t.co/BehkQk6Msb",RT @bfeefamily: Can you say #appsmash!?! What a great tech day in ELA!! We used @CanvasLMS @nearpod @Google @H5PTechnology and QR codes! Th‚Ä¶,"On my way to @DOES_USA. Looking forward to amazing presentations, catch-ups with old and new friends. See you there‚Ä¶ https://t.co/GA3FScCjEM","Dear @Google @madebygoogle @sundarpichai #teampixel:
I have enough money for a Pixel 2 xl.
But I don't know if anyo‚Ä¶ https://t.co/g2ASWaatcK",RT @loudnessfete: WHO IS THIS @google https://t.co/FNhSfZXrlr,@KaySawbridge @royalsociety @Microsoft @Google @GoogleForEdu @getintoteaching @TeachingSTEM @bcs @techUK @CodeClub‚Ä¶ https://t.co/z91xIDg80n,RT @contently: Here are 3 ways @Google can have more credible search rankings: https://t.co/QentzIw0cB https://t.co/UIXd8nCBYr,"RT @InfoNebeus: Big Thank You to our team at @Google who help us with building up our ad campaign, their team partners with a select group‚Ä¶",@Jon_Torbitt @RendcombCollege @Google @WiredUK @pcpro @Razer your forgetting the sleek @msitweets in the background too!,"RT @dontcallmepoc: Very interesting @Google.

What's up? https://t.co/5n0BnMSMdh","@Google 
#France2023 #Paris2024 2023 Rugby World Cup in France and 2024 Summer Games in Paris.",Here are 3 ways @Google can have more credible search rankings: https://t.co/QentzIw0cB https://t.co/UIXd8nCBYr,RT @Google: Go from a sandstone palace in India to a pink staircase in Singapore with some of our favorite #teampixel finds from this week‚Ä¶,@Google how do I go back to the old style feed I had in my Nexus on that was primarily my own cards not news items‚Ä¶ https://t.co/HDqgRagEWv,@MarshMiddleton @Firebase @Google @angular @typescriptlang @FlamelinkCMS I have recently checked it out. Good job!‚Ä¶ https://t.co/zAzRFhBry6,"RT @AjitPaiFCC: Following @FCC's grant of experimental license, Alphabet/@Google's #ProjectLoon has delivered Internet access to 100K @ATT/‚Ä¶",Cool shot from @google SF https://t.co/LJSWFlOxHZ,"Very interesting @Google.

What's up? https://t.co/5n0BnMSMdh",@Caren43303569 @farmville2 @AppStore @GooglePlay @Google Play play,"RT @eatQuickr: #Netflix &amp; #Takeaway fans know whats up ‚úåüèΩ

RT &amp; FOLLOW &amp; FB LIKE 2 #win our @Google #Chromecast #Gadget #giveaway #FridayFe‚Ä¶",@LynnLynniepoo @dramaQkarri @elanajoy1982 @KeithOlbermann @chrislhayes @maddow @MalcolmNance @JoeNBC @CNN‚Ä¶ https://t.co/802UcZKA0g,"RT @BourseetTrading: üî¥.@Google‚Äôs #AI guru predicts humans and machines will merge within 20 years.

https://t.co/cvniXIkT9g @TheNextWeb 
#M‚Ä¶","@Glassbreakersco JUST AWESOME, @hopeworkscamden! @subaru_usa @njamwater @NBCUniversal @NationSwell @Tech_Impact‚Ä¶ https://t.co/orOhWwjpPm",@Google @AndroidDev I'm serious bums! We've been waiting since 4.4.1. Quit fscking with the UI and implement missing features please,"RT @IndyMayorJoe: Thank you to @Google for bringing #GrowWithGoogle to #Indy, and we look forward to 2 days of learning, collaboration, and‚Ä¶","@sonos @amazon integration more ""M"" than ""MVP"". Room selection is poor, unable to easily control volume, shabby rec‚Ä¶ https://t.co/gwTcJW5TMz",@Google @googlechrome why do you have ‚Äúdarkie‚Äù as a suggestion to a misspelled word? Can you please fix that and any others similar. Ugh.,RT @Google: This week's top search trends are just like the movies‚Äîcomplete with breakfast at Tiffany‚Äôs and uniting with wizards ‚Üí https://‚Ä¶,The only thing I hate about @Google Pixel is THEY DOESN'T SELL IT IN MY COUNTRY WHYYYY,RT @EdTech_HigherEd: .@Google and @UMich work together to give Detroit students #STEM skills. https://t.co/jWNXDdGKQo,"RT @itsflamant: Fun fact. Between @Apple #ARKit &amp; @Google #ARCore, 2018 will have 800M #AR ready devices. We now have the initial platform,‚Ä¶",@techcoolness @verge @Google Agreed! Google is a great tool! People started believing in social media b/c news outl‚Ä¶ https://t.co/xqOZwNVm8a,@LynnLynniepoo @dramaQkarri @elanajoy1982 @KeithOlbermann @chrislhayes @maddow @MalcolmNance @JoeNBC @CNN‚Ä¶ https://t.co/vg2rSRcMPF,@AjitPaiFCC @FCC @Google @ATT @TMobile Keep on Keepin On Mr Pai,"RT @AjitPaiFCC: Following @FCC's grant of experimental license, Alphabet/@Google's #ProjectLoon has delivered Internet access to 100K @ATT/‚Ä¶","RT @eatQuickr: #Netflix &amp; #Takeaway fans know whats up ‚úåüèΩ

RT &amp; FOLLOW &amp; FB LIKE 2 #win our @Google #Chromecast #Gadget #giveaway #FridayFe‚Ä¶",@Google google can't verify me yet I have access to my gmail account on my old phone. I have a feeling I'm going to lose my 10 years of Mail,"RT @AjitPaiFCC: Following @FCC's grant of experimental license, Alphabet/@Google's #ProjectLoon has delivered Internet access to 100K @ATT/‚Ä¶","RT @eatQuickr: #Netflix &amp; #Takeaway fans know whats up ‚úåüèΩ

RT &amp; FOLLOW &amp; FB LIKE 2 #win our @Google #Chromecast #Gadget #giveaway #FridayFe‚Ä¶",@alexandralw2 @RasuShrestha @Google @ExponentialMed @RSNA @HealthData4All @singularityu @PhilipsHealth‚Ä¶ https://t.co/1CzoU7PQtz,@localguides It's a bit of a cop-out on your part that you don't award the three months' free Google Play Music to‚Ä¶ https://t.co/5L1dseaw6W,"RT @AjitPaiFCC: Following @FCC's grant of experimental license, Alphabet/@Google's #ProjectLoon has delivered Internet access to 100K @ATT/‚Ä¶","RT @AjitPaiFCC: Following @FCC's grant of experimental license, Alphabet/@Google's #ProjectLoon has delivered Internet access to 100K @ATT/‚Ä¶","RT @eatQuickr: #Netflix &amp; #Takeaway fans know whats up ‚úåüèΩ

RT &amp; FOLLOW &amp; FB LIKE 2 #win our @Google #Chromecast #Gadget #giveaway #FridayFe‚Ä¶","RT @eatQuickr: .@Google #ChromeCast is the man üíØ

RT &amp; FOLLOW &amp; FB LIKE and #EntertoWin our @Google #tech #freebie #giveaway #TuesdayThough‚Ä¶","RT @AjitPaiFCC: Following @FCC's grant of experimental license, Alphabet/@Google's #ProjectLoon has delivered Internet access to 100K @ATT/‚Ä¶",@LynnLynniepoo @dramaQkarri @elanajoy1982 @KeithOlbermann @chrislhayes @maddow @MalcolmNance @JoeNBC @CNN‚Ä¶ https://t.co/TqBDWoLMW3,"RT @AjitPaiFCC: Following @FCC's grant of experimental license, Alphabet/@Google's #ProjectLoon has delivered Internet access to 100K @ATT/‚Ä¶","RT @AjitPaiFCC: Following @FCC's grant of experimental license, Alphabet/@Google's #ProjectLoon has delivered Internet access to 100K @ATT/‚Ä¶",@Pocketnow I'm beginning to lose faith in you @Google üò§,"Given @Google reviews
is anyone tracking  -purely Academic- how List/YP/Review sites are performing in local 
these‚Ä¶ https://t.co/vy9lubuDEM","@tailosivetech @YouTube @Google @PhillyD Look at this, seems like something you can look into.",@AjitPaiFCC @FCC @Google @ATT @TMobile How long will they last?  I heard 100 days. Great for emergency but still do‚Ä¶ https://t.co/e3LnI6rGOJ,"RT @eatQuickr: #Netflix &amp; #Takeaway fans know whats up ‚úåüèΩ

RT &amp; FOLLOW &amp; FB LIKE 2 #win our @Google #Chromecast #Gadget #giveaway #FridayFe‚Ä¶",.@Google and @UMich work together to give Detroit students #STEM skills. https://t.co/jWNXDdGKQo,"Oh @Google! Being a Colonel isn‚Äôt a disease. Syndrome maybe, but not a disease. https://t.co/Ddhjt919bx",@LynnLynniepoo @dramaQkarri @elanajoy1982 @KeithOlbermann @chrislhayes @maddow @MalcolmNance @JoeNBC @CNN‚Ä¶ https://t.co/cyHpFZ1ohU,So .@Google is fighting battery draining wakelocks in #Android 8.1 - will you? .@oneplus .@OnePlus_UK .‚Ä¶ https://t.co/TSUcNSjrAM,Hey @adamhillscomedy @TheLastLeg #IsItOK that at least @Google are open about it... ;) #ParadisePapers‚Ä¶ https://t.co/zigYV4KX0c,The 2017 ITAM Review Project of the Year award goes to @Google - congratulations to their SAM team! https://t.co/JhPIla5RvB,"RT @AjitPaiFCC: Following @FCC's grant of experimental license, Alphabet/@Google's #ProjectLoon has delivered Internet access to 100K @ATT/‚Ä¶","RT @AjitPaiFCC: Following @FCC's grant of experimental license, Alphabet/@Google's #ProjectLoon has delivered Internet access to 100K @ATT/‚Ä¶","RT @AjitPaiFCC: Following @FCC's grant of experimental license, Alphabet/@Google's #ProjectLoon has delivered Internet access to 100K @ATT/‚Ä¶",@Google hi any chance I could get a free phone to replace my worn out bad apple phone?,"3] I googled that ""CORCS"" and all links on @google say it is a Colorado business. There is no one living in this ap‚Ä¶ https://t.co/YUBVdIJH4Y","Anyone else find it amusing that to tell @Google that I want a different activation phrase for Google Home, I need‚Ä¶ https://t.co/COJgRBVAjK",RT @geekycourtney: Nice to hear the work of lstm and fancy ML @Google Magenta via @douglas_eck @MLconf https://t.co/pp6txt1n3f,@AjitPaiFCC @FCC @Google @ATT @TMobile Any special arrangement at community level for power? Or it was used only by‚Ä¶ https://t.co/rAPPx8B4BS,"RT @BourseetTrading: üî¥.@Google‚Äôs #AI guru predicts humans and machines will merge within 20 years.

https://t.co/cvniXIkT9g @TheNextWeb 
#M‚Ä¶","RT @Mei_Saime: Dear @Google @GooglePlay @iTunes @Apple , this album has stolen music from other artists and should be taken down from the s‚Ä¶","@BrendanEich @notayesmansecon @Google @BrendanEich Thanks for that
and in which case  I'll change to a call for
a t‚Ä¶ https://t.co/4y0zCK2P87","@AjitPaiFCC @FCC @Google @ATT @TMobile #VerizonShill @AjitPaiFCC's @FCC is actively working against consumers:

https://t.co/oKcCWFQgjC","RT @evonbiz: What Does Blogging Have to Do with SEO? https://t.co/ipwiLjwSfn
#seo #contentmarketing #blogging #serp #google @google https:/‚Ä¶","@AjitPaiFCC @FCC @Google @ATT @TMobile ""Most Transparent FCC Ever!""

FCC Sued Over Failure to Comply With Transpare‚Ä¶ https://t.co/6OkIlbrnaw",@AjitPaiFCC @christinawilkie @FCC @Google @ATT @TMobile Ajit pai is a world renowned cuck,"@AjitPaiFCC @FCC @Google @ATT @TMobile Spineless coward:

@AjitPaiFCC's @FCC to Unveil Net Neutrality Killing Plan‚Ä¶ https://t.co/KS8X7CYzK4",@AjitPaiFCC @FCC @Google @ATT @TMobile FCC Likely To Use Thanksgiving Holiday To Hide Its Unpopular Plan To Kill Ne‚Ä¶ https://t.co/uXGhjVtB9q,@AjitPaiFCC @FCC @Google @ATT @TMobile If @AjitPaiFCC's corrupt plan to hand the internet over to his rich friends‚Ä¶ https://t.co/giFY05nVjf,"RT @AjitPaiFCC: Following @FCC's grant of experimental license, Alphabet/@Google's #ProjectLoon has delivered Internet access to 100K @ATT/‚Ä¶","@AjitPaiFCC @FCC @Google @ATT @TMobile So, if we eliminate net neutrality and there‚Äôs a natural disaster like this‚Ä¶ https://t.co/HsbjsmBKEZ",@AjitPaiFCC @FCC @Google @ATT @TMobile Call your representatives in Congress and demand #NetNeutrality and an end t‚Ä¶ https://t.co/xzxiAwm3gE,@AjitPaiFCC @FCC @Google @ATT @TMobile @AjitPaiFCC meets with Comcast and Verizon to attempt to prevent states from‚Ä¶ https://t.co/rGW4sqS21a,"RT @AjitPaiFCC: Following @FCC's grant of experimental license, Alphabet/@Google's #ProjectLoon has delivered Internet access to 100K @ATT/‚Ä¶",@AjitPaiFCC @FCC @Google @ATT @TMobile @AjitPaiFCC had to dig up dead people to find support for his corrupt‚Ä¶ https://t.co/xyTK5V5UAC,"RT @AjitPaiFCC: Following @FCC's grant of experimental license, Alphabet/@Google's #ProjectLoon has delivered Internet access to 100K @ATT/‚Ä¶","RT @AjitPaiFCC: Following @FCC's grant of experimental license, Alphabet/@Google's #ProjectLoon has delivered Internet access to 100K @ATT/‚Ä¶","RT @AjitPaiFCC: Following @FCC's grant of experimental license, Alphabet/@Google's #ProjectLoon has delivered Internet access to 100K @ATT/‚Ä¶",@AjitPaiFCC @FCC @Google @ATT @TMobile I thought you hate Google because they support Net Neutrality?,"RT @IndyMayorJoe: Thank you to @Google for bringing #GrowWithGoogle to #Indy, and we look forward to 2 days of learning, collaboration, and‚Ä¶","RT @AjitPaiFCC: Following @FCC's grant of experimental license, Alphabet/@Google's #ProjectLoon has delivered Internet access to 100K @ATT/‚Ä¶","RT @pewjournalism: In 2016, @Facebook and @Google make up about half of all digital display advertising revenue https://t.co/n98xt1f87V htt‚Ä¶","RT @AjitPaiFCC: Following @FCC's grant of experimental license, Alphabet/@Google's #ProjectLoon has delivered Internet access to 100K @ATT/‚Ä¶",@KC_kristi @Google Maybe because it's actually tomorrow - Saturday. But the bigger question is how are you recogniz‚Ä¶ https://t.co/6B2c4LjOJ5,"Hey @Google, @googlehangouts_  has been dropping the sound on all of my calls. Problem started mid October. Starts‚Ä¶ https://t.co/IA2VeBTI4o",@LynnLynniepoo @dramaQkarri @elanajoy1982 @KeithOlbermann @chrislhayes @maddow @MalcolmNance @JoeNBC @CNN‚Ä¶ https://t.co/fakWsFC6NL,"Following @FCC's grant of experimental license, Alphabet/@Google's #ProjectLoon has delivered Internet access to 10‚Ä¶ https://t.co/TgHTGdHaOg","I'm 29. I Google 'Sydney Weather' every day before I walk outside!
Thanks @Google",@mcdonaldsindia @KFC_India @Google @Apple @BuzzFeedIndia @Campaign_India @ETBrandEquity Jokes Come for free but Not‚Ä¶ https://t.co/EEm0CqJHez,@manti53 @WitterquickO @Google Kinda wondered myself üò¨,"@Google How did I manage to get through life without you before?üòÇü§£ü§£ü§£ Thanks man!
#Google",@Google If your outside the country don't log into Google so the feds can't find you. I rather out the country beca‚Ä¶ https://t.co/68GBosNSD8,If you want to learn #Programming with one of the most efficient and integral languages enroll for free at‚Ä¶ https://t.co/gL94rr0TR1,@google Suggestion for YouTube: would be great to be able to group my subscriptions how I want.  This way I can find them easier.,@LynnLynniepoo @dramaQkarri @elanajoy1982 @KeithOlbermann @chrislhayes @maddow @MalcolmNance @JoeNBC @CNN‚Ä¶ https://t.co/NtsXXTOhsE,"RT @SweetAntifa: Hey @PureFlix, do you know @google has placed your ad on pedophile-approving @BreitbartNews? Please block hate! @slpng_gia‚Ä¶",Inclusion &amp; Diversity is paramount to the success of @Slalom. Last night 40+ consultants and leaders from @Mattel‚Ä¶ https://t.co/aLW7HTIGWJ,Im extremely disappointed in what the once amazing culture and support system Apple once was has become. Moral of t‚Ä¶ https://t.co/J4zcZXRncV,And now @salesforce and @google are pals again. @ron_miller reports @rwang0 comments at #DF17‚Ä¶ https://t.co/vKzqQC3VHj,Pretty sure when I did a security update on my @Verizon LG G5 yesterday it reset my @Google Voice assistant setting‚Ä¶ https://t.co/ilWAzZ6UD0,"RT @eatQuickr: #Netflix &amp; #Takeaway fans know whats up ‚úåüèΩ

RT &amp; FOLLOW &amp; FB LIKE 2 #win our @Google #Chromecast #Gadget #giveaway #FridayFe‚Ä¶",RT @brysonmeunier: Glad that @Google AI finally solved that spam problem and that spammers aren't camping out on [taylor swift reputation a‚Ä¶,RT @Google: ‚ÄúWe want to go from thousands of organizations solving machine learning problems to millions.‚Äù - Google Senior Fellow Jeff Dean‚Ä¶,RT @rutuketech: @HackAccessDub  #Hackaccessdub @Google free wine woohoo! ü¶Ñü¶Ñü¶Ñ https://t.co/WrGZ7LRZYL,"Marie
Any discussion on the factors  leading to sites being censored?

Seems more logical to begin establishing‚Ä¶ https://t.co/0MfVnDlUba",@LynnLynniepoo @dramaQkarri @elanajoy1982 @KeithOlbermann @chrislhayes @maddow @MalcolmNance @JoeNBC @CNN‚Ä¶ https://t.co/WgUI820GgH,Google Developers Blog: Modernizing OAuth interactions in Native Apps for Better Usability and Security‚Ä¶ https://t.co/yau0rExSGi,"RT @icoalert: First there was @Google glass, now there's Lucyd. Learn a whole lot more with the @lucydltd #ICOAlert Report: https://t.co/o5‚Ä¶",@CNN Bravo @Google @YouTube let's stop this so called children fun time cartoon. There are plenty which are really‚Ä¶ https://t.co/0t3Gj5wy7h,@Google way to stoop to EVIL Tim Cooks lame level üôÑüôÑüôÑ,"RT @eatQuickr: .@Google #ChromeCast is the man üíØ

RT &amp; FOLLOW &amp; FB LIKE and #EntertoWin our @Google #tech #freebie #giveaway #TuesdayThough‚Ä¶",Digital Citizenship and Safety Course by @Google #eci831 #DigitalCitizenship https://t.co/eZvEuvd528,Just asked the @Google Home to play the news. It put on videos from Russia Today and Fox News. Way to totally fail‚Ä¶ https://t.co/OYzbYx5azm,"@MervynRandall @notayesmansecon @Google Nothing deep at issue here is resolvable via domain naming, it's an open sy‚Ä¶ https://t.co/hVBNYLAL7H","RT @eatQuickr: #Netflix &amp; #Takeaway fans know whats up ‚úåüèΩ

RT &amp; FOLLOW &amp; FB LIKE 2 #win our @Google #Chromecast #Gadget #giveaway #FridayFe‚Ä¶",RT @yext: Hate waiting for your seat in a restaurant? Now @Google can tell you the current wait time before you go. https://t.co/Vm0syNOgrY,@LynnLynniepoo @dramaQkarri @elanajoy1982 @KeithOlbermann @chrislhayes @maddow @MalcolmNance @JoeNBC @CNN‚Ä¶ https://t.co/C2O8Ukp9OD,"Hey @Google whenever I start a download via Chrome on my Windows machine, any audio playing in the background becom‚Ä¶ https://t.co/G2dM7IQw08",@notontweetter @BITMAINtech @Google @MicreeZ 2017-10-12 00:34:05 UTC I have in my account 1.10703505 BTC and someon‚Ä¶ https://t.co/LTqZesg2n5,@hardistymark @RendcombCollege @Google @WiredUK @pcpro @Razer Nah im never that tall,RT @SpencerKarter: Message to @sundarpichai and @Google: PLEASE GET RID OF THOSE IMAGE HOTLINK PROTECTION NONSENSE! I hate seeing them with‚Ä¶,@LynnLynniepoo @dramaQkarri @elanajoy1982 @KeithOlbermann @chrislhayes @maddow @MalcolmNance @JoeNBC @CNN‚Ä¶ https://t.co/fKsANJ6bSz,AutoGravity partners with @Google to reach car buyers looking to save hours on the car shopping journey! https://t.co/LXt9uUrpgc,"RT @eWEEKNews: .@Google G Suite, Analytics 360 to Interact With @Salesforce Cloud CRM

https://t.co/89fTdmLfJF https://t.co/TSYl9AcshU","#Twitter's search facility is very powerful nowadays, and people are starting to use it instead of @google for many purposes.",@newstapa @OhmyNews_Korea @Chosun @TheHeraldBiz @yonhaptweet @maekyungsns @joongangilbo @hanitweet @JTBC_news‚Ä¶ https://t.co/TFeEdasSO8,Check out these @Google scholarships: https://t.co/9w8lTDCcyA ! https://t.co/camFc4SX0q,"RT @pewjournalism: In 2016, @Facebook and @Google make up about half of all digital display advertising revenue https://t.co/n98xt1f87V htt‚Ä¶","RT @lightsailvr: Is there something wrong with my eyes?! https://t.co/Q2uXftdQAk Coming this fall...to your VR device! 

@googlevr @Google‚Ä¶","@BrendanEich @notayesmansecon @Google @BrendanEich 
Will www xxx &amp; yyy be possible ?
Hate to see the end of competi‚Ä¶ https://t.co/XPdV7E7j4e","@jpuopolo #Protip for @NFL players, owners, and league management.  Next time, BEFORE you decide to scuttle your in‚Ä¶ https://t.co/FozmyOnXbm",@Google you should try the new GCP for free from G00G right now and if you want a stock that always does well on th‚Ä¶ https://t.co/Iw0ZQG3kSm,@LynnLynniepoo @dramaQkarri @elanajoy1982 @KeithOlbermann @chrislhayes @maddow @MalcolmNance @JoeNBC @CNN‚Ä¶ https://t.co/06gCDx7O4N,Message to @sundarpichai and @Google: PLEASE GET RID OF THOSE IMAGE HOTLINK PROTECTION NONSENSE! I hate seeing them‚Ä¶ https://t.co/9ZX4EGTnYD,"RT @eatQuickr: #Netflix &amp; #Takeaway fans know whats up ‚úåüèΩ

RT &amp; FOLLOW &amp; FB LIKE 2 #win our @Google #Chromecast #Gadget #giveaway #FridayFe‚Ä¶","Algorithms Are Making YouTube Unsuitable For Young Children, And @Google's Greed Is To Blame | Techdirt https://t.co/viPoAujhZA",.@Google cracks down on disturbing cartoons on @YouTube Kids https://t.co/s3a933Kzi9 https://t.co/0pHfXVXIaF,"""Big data &amp; cloud computing are bringing together advertising + martech into a data-driven framework with personal‚Ä¶ https://t.co/FnFz8e9U6Z",@Chromecast @Google I have a 2nd generation Red Chromecast that randomly turns off. What's the warranty on those devices?,"RT @eatQuickr: #Netflix &amp; #Takeaway fans know whats up ‚úåüèΩ

RT &amp; FOLLOW &amp; FB LIKE 2 #win our @Google #Chromecast #Gadget #giveaway #FridayFe‚Ä¶","@Google stop making extremely similar products to the Apple ones, if the iPad pro it's shit a Google pixelbook will‚Ä¶ https://t.co/YZsMROnNJT",RT @mkl: The #future of #travel: New consumer behavior and the technology giving it flight | by @Google @ThinkwithGoogle  https://t.co/jhoE‚Ä¶,"RT @eatQuickr: #Netflix &amp; #Takeaway fans know whats up ‚úåüèΩ

RT &amp; FOLLOW &amp; FB LIKE 2 #win our @Google #Chromecast #Gadget #giveaway #FridayFe‚Ä¶",RT @helpnetsecurity: Phishing is a greater threat to users than keyloggers and third-party breaches - https://t.co/G7ujpXIP1q - @Google @UC‚Ä¶,"Allegedly @Google's motto is ""don't be evil.""
There are mountains of evidence that Google is NOT conducting itself‚Ä¶ https://t.co/pwMgrgJ7ud","RT @Google: In a new collection with @EnglishHeritage, @googlearts shines a light on 5,000 years of England's history ‚Üí https://t.co/rKdGJB‚Ä¶","RT @jasonsparrow: Tech companies spend more on R&amp;D than any other companies in the U.S. 
@amazon
@Google
@intel
@Microsoft
@Apple

https://‚Ä¶",@LynnLynniepoo @dramaQkarri @elanajoy1982 @KeithOlbermann @chrislhayes @maddow @MalcolmNance @JoeNBC @CNN‚Ä¶ https://t.co/VzvocyMJKX,"Tech companies spend more on R&amp;D than any other companies in the U.S. 
@amazon
@Google
@intel
@Microsoft
@Apple

https://t.co/I4lmUKFYod","RT @eatQuickr: #Netflix &amp; #Takeaway fans know whats up ‚úåüèΩ

RT &amp; FOLLOW &amp; FB LIKE 2 #win our @Google #Chromecast #Gadget #giveaway #FridayFe‚Ä¶",@Krommsan @intelOverwatch @7SealsOfTheEnd Yeah i read it. It's only stable for 90 microseconds at least for @IBM &amp;‚Ä¶ https://t.co/SvKEdcd9WH,@mattots @Google Agreed. It looks really odd.,RT @zoedlynch: Taking over New Orleans and #tedwomen2017!! #MyFutureMe @Google @Snapchat @BlackGirlsCode @madewithcode https://t.co/Gx1FiWq‚Ä¶,@strangedonuts @Google Indeed!  I got a mini AND a campfire donut.,RT @akaufteil: Designers will shift from Craftsmen to Business Partner to Innovator to CEO. Preach! @gpetroff @google #ISAFloripa17 https:/‚Ä¶,The AnonNews Daily is out: https://t.co/0bt3CEEKI0 - top stories by @Google,RT @royalsociety: @Microsoft @Google @GoogleForEdu @getintoteaching @TeachingSTEM @bcs @techUK @CodeClub @MicrosoftUK How does your local a‚Ä¶,@PiSupply @ThePiHut @DietPi_ @ModMyPi @Raspberry_Pi @Google @TheMagP1 The excess packaging is frustrating for me be‚Ä¶ https://t.co/BgN1DVEyff,Interesting post from @Google's Security Blog on how attackers compromise gmail accounts https://t.co/KfzKJfrJUN,"RT @eatQuickr: #Netflix &amp; #Takeaway fans know whats up ‚úåüèΩ

RT &amp; FOLLOW &amp; FB LIKE 2 #win our @Google #Chromecast #Gadget #giveaway #FridayFe‚Ä¶",RT @loudnessfete: WHO IS THIS @google https://t.co/FNhSfZXrlr,"The racist, sexist, and bigoted ideology of the Left, perpetuated by #MainstreamMedia and ironical companies like‚Ä¶ https://t.co/hRp0aOoQm0",RT @Google: Go from a sandstone palace in India to a pink staircase in Singapore with some of our favorite #teampixel finds from this week‚Ä¶,@LynnLynniepoo @dramaQkarri @elanajoy1982 @KeithOlbermann @chrislhayes @maddow @MalcolmNance @JoeNBC @CNN‚Ä¶ https://t.co/xDvcCRF2Wm,Deep Dive - The Year in Local at @Google - A Review - with @mblumenthal and @MaryBowling. https://t.co/swbjxsZgsA https://t.co/O27maJh9CD,"RT @eatQuickr: #Netflix &amp; #Takeaway fans know whats up ‚úåüèΩ

RT &amp; FOLLOW &amp; FB LIKE 2 #win our @Google #Chromecast #Gadget #giveaway #FridayFe‚Ä¶","RT @SteppingintoBiz: ‚ÄòYou can be a @Google @Microsoft @Apple school all together‚Äô ‚Äòthe need is SO great, schools and young people need skil‚Ä¶",RT @mugshotracket: Why doesn't @Google want Americans to have the same rights as Europeans? @Right2Remove #R2R #privacy https://t.co/uI4qts‚Ä¶,Yes!! @Google Too many times I had to grab the iPad away from my 2 y/o so she didn‚Äôt see #Moana turn into a devil  https://t.co/SJAWgk9uCF,@WRSusti @Google @googlecanada @CityKitchener They just need to use a sustainable courier.,RT @WRSusti: Loving that @Google @googlecanada @CityKitchener has so many cyclists to work!üö¥‚Äç‚ôÄÔ∏èüö¥ #sustianable #WaterlooRegion #transit #zer‚Ä¶,RT @Google: This week's top search trends are just like the movies‚Äîcomplete with breakfast at Tiffany‚Äôs and uniting with wizards ‚Üí https://‚Ä¶,"@PiSupply @ThePiHut @ModMyPi @Raspberry_Pi @Google @TheMagP1 Large Box inside a box, inside a medium box, inside a‚Ä¶ https://t.co/YiQCQ4WvT1",RT @loudnessfete: WHO IS THIS @google https://t.co/FNhSfZXrlr,Loving that @Google @googlecanada @CityKitchener has so many cyclists to work!üö¥‚Äç‚ôÄÔ∏èüö¥ #sustianable #WaterlooRegion‚Ä¶ https://t.co/Qxtvi8AiGa,"Hey, @HTC_IN how long you gonna make me wait for U11+ in India or should I go @Google pixels?","RT @eatQuickr: #Netflix &amp; #Takeaway fans know whats up ‚úåüèΩ

RT &amp; FOLLOW &amp; FB LIKE 2 #win our @Google #Chromecast #Gadget #giveaway #FridayFe‚Ä¶","@MervynRandall @notayesmansecon @Google Please stop repeating that zzz stuff, it's not happening.",@LynnLynniepoo @dramaQkarri @elanajoy1982 @KeithOlbermann @chrislhayes @maddow @MalcolmNance @JoeNBC @CNN‚Ä¶ https://t.co/c8YQF3dLpJ,"NSA Whistleblower William Binney, Terror Attacks Not a Priority
Oct 11 Sarah Westall

Sarah's off-topic Introductio‚Ä¶ https://t.co/hXcmIPz7pB","No @Google, me downloading Twitch does not mean I'm interested in a fucking white supremicist. https://t.co/EkuJaiGjo4","I'm sorry, but @Google's 'new' search results style in Android (with the rounded boxes and shadows) looks like a ma‚Ä¶ https://t.co/qCc0NtBQYI",RT @codeorg: Now everyone can create their own @Google logo! Try it today: https://t.co/ouf9XBRymE #HourOfCode https://t.co/0tNzqB5Ico,Really @Google I can't search Hangouts on Android?!?!,new video tommorrow ft. @Google,@qhardy @matteastwood @rwang0 @furrier @npandey25 @Microsoft @evankirstel @awscloud @Google @Rackspace @NetApp This‚Ä¶ https://t.co/oXlmlQ5p7i,@Google  how does the #Pixelbook fair against dropping? My #newsurfacepro didn't fair well for the price I paid,@PiSupply @ThePiHut @DietPi_ @ModMyPi @Raspberry_Pi @Google @TheMagP1 Yes it's a tricky balance between knowing whi‚Ä¶ https://t.co/thiUMw4lNe,@AustinNivison hello @Google please resolve this crisis,I cannot begin to describe just how irritating the @Google adverts in the ad breaks of #gogglebox are...,"RT @eatQuickr: #Netflix &amp; #Takeaway fans know whats up ‚úåüèΩ

RT &amp; FOLLOW &amp; FB LIKE 2 #win our @Google #Chromecast #Gadget #giveaway #FridayFe‚Ä¶",RT @atulbutte: Fanboy-ed over Anurag Acharya (Distinguished Engineer at @Google) last week at #WCSJ2017‚Ä¶ he created Google Scholar! https:/‚Ä¶,Now ... that‚Äôs an idea wall! #DesignThinking #Google #realideas #Engineering #Design #inquiry #postits #inspired‚Ä¶ https://t.co/MBC4JCHQd1,"Happy that Adsense app is now supported for iPhone X screen, time to continue that now @GoogleUK @Google on YouTube‚Ä¶ https://t.co/pqpK0c7kKo","RT @eatQuickr: #Netflix &amp; #Takeaway fans know whats up ‚úåüèΩ

RT &amp; FOLLOW &amp; FB LIKE 2 #win our @Google #Chromecast #Gadget #giveaway #FridayFe‚Ä¶",The facepalm moment when your told not to rely on the internet. Sorry @Google @Microsoft @edmodo @Schoology #edtech‚Ä¶ https://t.co/uATzNk3y58,You know what sucks? Upgrading devices and losing all @Google Authenticator settings then needing to access those... https://t.co/9vHgJdRYvy,You know what sucks? Upgrading devices and losing all @Google Authenticator settings then needing to access those s‚Ä¶ https://t.co/aSsS9llhAW,"@IAmStrangely @googlechrome @Google I rather take joy in knowing a word that spell check doesn't. At least, once I‚Ä¶ https://t.co/AtcnZAwwT9",RT @qhardy: @matteastwood @sarbjeetjohal @rwang0 @furrier @npandey25 @Microsoft @evankirstel @awscloud @Google @Rackspace @NetApp Yep. Clou‚Ä¶,"RT @slpng_giants: So the question is why @Google @facebook &amp; @taboola continue to help them monetize this shit. 

Another example of tech p‚Ä¶",@qhardy @rwang0 @matteastwood @furrier @npandey25 @Microsoft @evankirstel @awscloud @Google @Rackspace Conveying in‚Ä¶ https://t.co/KKNFqL3ddc,@LynnLynniepoo @dramaQkarri @elanajoy1982 @KeithOlbermann @chrislhayes @maddow @MalcolmNance @JoeNBC @CNN‚Ä¶ https://t.co/MGcTiXXDLf,Traveling with the @Google Pixel2 üòç https://t.co/kBOdCSs1UR,"RT @nAT1v3_Gaming: #OnlyMyPhoneKnows it exists...because I don't have one.

@Razer @SamsungMobile @Apple @Google @sonyxperia @htc @LGUSAMob‚Ä¶",RT @qhardy: @sarbjeetjohal @rwang0 @matteastwood @furrier @npandey25 @Microsoft @evankirstel @awscloud @Google @Rackspace I don't think we'‚Ä¶,RT @qhardy: @sarbjeetjohal @rwang0 @matteastwood @furrier @npandey25 @Microsoft @evankirstel @awscloud @Google @Rackspace I don't think we'‚Ä¶,RT @qhardy: @sarbjeetjohal @rwang0 @matteastwood @furrier @npandey25 @Microsoft @evankirstel @awscloud @Google @Rackspace I don't think we'‚Ä¶,@BTCXavier @notontweetter @BITMAINtech @Google @MicreeZ @15gh I hope the likes of Samsung smash Bitmains Business model next year.,RT @royalsociety: @Microsoft @Google @GoogleForEdu @getintoteaching @TeachingSTEM @bcs @techUK @CodeClub @MicrosoftUK How does your local a‚Ä¶,@Google y'all know y'all out of line for this commercial I am screaming  https://t.co/Irvuyzk5gd,"@IBM has built the most sophisticated #quantum computer yet, that handles 50 qubits. They also make their 20 qubit‚Ä¶ https://t.co/VAYhloGuGa","@Google's Project Loon has delivered text &amp; Internet connectivity to 100,000 people in #PuertoRico. 
The balloon se‚Ä¶ https://t.co/4vUXGAzEmh","Ok @google you were not that helpful today in #Malta 

Just in case, don't ask about the #cycling directions :( https://t.co/XuoAryHkBY",@LynnLynniepoo @dramaQkarri @elanajoy1982 @KeithOlbermann @chrislhayes @maddow @MalcolmNance @JoeNBC @CNN‚Ä¶ https://t.co/YANSiNOflj,RT @salescloud: We're joining a long line of epic duos. @salesforce and @Google are partnering to connect you like never before. https://t.‚Ä¶,RT @salescloud: We're joining a long line of epic duos. @salesforce and @Google are partnering to connect you like never before. https://t.‚Ä¶,"Just ordered my free Google Home Mini, thanks @Google üò¨","RT @CaptainBronco: The SHOOOOOOOOW is live! @5280shirtshop and I are back‚Ä¶and so are @Google Hangout audio issues.

I‚Äôll record locally nex‚Ä¶",@royalsociety @Microsoft @Google @GoogleForEdu @getintoteaching @TeachingSTEM @bcs @techUK @CodeClub @MicrosoftUK N‚Ä¶ https://t.co/iHj97f4eeY,Hate waiting for your seat in a restaurant? Now @Google can tell you the current wait time before you go. https://t.co/Vm0syNOgrY,"RT @slpng_giants: So the question is why @Google @facebook &amp; @taboola continue to help them monetize this shit. 

Another example of tech p‚Ä¶","RT @eatQuickr: #Netflix &amp; #Takeaway fans know whats up ‚úåüèΩ

RT &amp; FOLLOW &amp; FB LIKE 2 #win our @Google #Chromecast #Gadget #giveaway #FridayFe‚Ä¶",@LynnLynniepoo @dramaQkarri @elanajoy1982 @KeithOlbermann @chrislhayes @maddow @MalcolmNance @JoeNBC @CNN‚Ä¶ https://t.co/58J6fgfzyD,RT @helpnetsecurity: Phishing is a greater threat to users than keyloggers and third-party breaches - https://t.co/G7ujpXIP1q - @Google @UC‚Ä¶,See what @Google and other researchers are doing to take the #humans out of building #AI systems‚Ä¶ https://t.co/1YmdA9HT94,"RT @slpng_giants: So the question is why @Google @facebook &amp; @taboola continue to help them monetize this shit. 

Another example of tech p‚Ä¶","The SHOOOOOOOOW is live! @5280shirtshop and I are back‚Ä¶and so are @Google Hangout audio issues.

I‚Äôll record locall‚Ä¶ https://t.co/feP1sCXlcf","RT @eatQuickr: #Netflix &amp; #Takeaway fans know whats up ‚úåüèΩ

RT &amp; FOLLOW &amp; FB LIKE 2 #win our @Google #Chromecast #Gadget #giveaway #FridayFe‚Ä¶","RT @eatQuickr: #Netflix &amp; #Takeaway fans know whats up ‚úåüèΩ

RT &amp; FOLLOW &amp; FB LIKE 2 #win our @Google #Chromecast #Gadget #giveaway #FridayFe‚Ä¶",When @oneplus  @getpeid  makes slightly better hardware than @Google. I have not yet played with the new pixels pho‚Ä¶ https://t.co/NdLTY5s9OM,"RT @architectmag: .@Google launches a digital library of 3D objects for AR and VR, @Tesla battery pack to help power Nantucket, and more de‚Ä¶",@LynnLynniepoo @dramaQkarri @elanajoy1982 @KeithOlbermann @chrislhayes @maddow @MalcolmNance @JoeNBC @CNN‚Ä¶ https://t.co/eLAlQ3I4AV,@AayushL83638204 @Google Hello!,"When assisting a student with their application through @Google #Hangouts and you see they are a @USMarineCorps, wi‚Ä¶ https://t.co/KpLflQqsnA","RT @eatQuickr: #Netflix &amp; #Takeaway fans know whats up ‚úåüèΩ

RT &amp; FOLLOW &amp; FB LIKE 2 #win our @Google #Chromecast #Gadget #giveaway #FridayFe‚Ä¶",RT @Google: Focus on doing what you do best - creating awesome designs. We‚Äôll help you with the rest. https://t.co/cI7uPgL2ph,"RT @LindaHecht: Join me next week for a #GISDay webinar on the future of #GIS. The panel includes @Google,  @Mapbox &amp; @PitneyBowes. You don‚Ä¶",".@Google launches a digital library of 3D objects for AR and VR, @Tesla battery pack to help power Nantucket, and m‚Ä¶ https://t.co/ox3YAI5DwQ",.@Google asks U.S. government for new online political ad rules https://t.co/4iCjVxrlp1 @lauriesullivan #FEC #TxSen,"@Google - whatever you recently did to your news search, change it back.",10 Celebs Who LEFT Hollywood For YouTube @WWEUniverse @Google @WWE @WWEonYouTube @YouTube @WWENetwork @hulu  https://t.co/dDtEkGiDxe,.@pnjaban the first Indian American elected to the Republican National Committee is battling @Google for stifling‚Ä¶ https://t.co/e92Qgxbd2p,RT @jacknix02: *rough translation by @Google * https://t.co/w6NK4S8rRL,RT @royalsociety: @Microsoft @Google @GoogleForEdu @getintoteaching @TeachingSTEM @bcs @techUK @CodeClub @MicrosoftUK How does your local a‚Ä¶,"@JonnyD100 @Google Hi Jonathan, The update for TRADFRI to be compatible with Google Assistant is due in December. Thanks, Stacey",RT @royalsociety: @Microsoft @Google @GoogleForEdu @getintoteaching @TeachingSTEM @bcs @techUK @CodeClub @MicrosoftUK How does your local a‚Ä¶,"DIME at IIT Kanpur had the opportunity to host Mr Nitin Agarwal , Quantitative Analyst, @Google for an insightful s‚Ä¶ https://t.co/OE9KOVaNRt",RT @DougKimura: $50k grant from @Google doubles the number of @LEGO_Group Robotics teams @GirlScoutsWW program https://t.co/5Kwe938dfq via‚Ä¶,RT @Google: Simplicity is üîë for a successful portrait. Focus in on more tips for using portrait mode on the new Pixel 2 ‚Üí https://t.co/d1iw‚Ä¶,@facebook @Apple @Google are you going to correctly pay your UK taxes,"@ErrAddict @Google I'd most likely get the blue one or the black one. LOL dang, I'm still paying monthly for the Pixel tho.",Hey @google: How can I get you to stop robo dialing my office multiple times per day?,@eatQuickr @Google #chromecast @google this technology is the the way to to cast.,@LynnLynniepoo @dramaQkarri @elanajoy1982 @KeithOlbermann @chrislhayes @maddow @MalcolmNance @JoeNBC @CNN‚Ä¶ https://t.co/MQnoJUUbJH,.@Google releases library of #3D #clipart for use in virtual and augmented reality https://t.co/2ufiUqYv9w via @dezeen #vr #ar #tech,"@Google my Google assistant stopped giving my news updates at the end of ""tell me about my day"" any help?",@LynnLynniepoo @dramaQkarri @elanajoy1982 @KeithOlbermann @chrislhayes @maddow @MalcolmNance @JoeNBC @CNN‚Ä¶ https://t.co/aULaYHwLKA,Every time I‚Äôm using an app by @Google on #iOS (both #iPad and #iPhone) I think #Google is just trolling the platfo‚Ä¶ https://t.co/ooPXXtph1z,RT @eatQuickr: Hi guys &amp; welcome to the show!üòÄ  RT &amp; FOLLOW &amp; FB LIKE 2 #win our @Google #chromecast #free #giveaway #thursdaymotivation #c‚Ä¶,"@prageru @Google @JamesADamore I have stopped using Google as a search engine long ago. Don't watch youtube, and tr‚Ä¶ https://t.co/OKvtA94OV6",RT @loudnessfete: WHO IS THIS @google https://t.co/FNhSfZXrlr,"Today on #ChromeCantSpell, @googlechrome has never heard the word ""Scree"" as in, the loose rocks at the bottom of a‚Ä¶ https://t.co/JdNAk5wCmA",I have just completed an excellent sponsored post for a HIGH PR MUMMY blog! .@google is so disgusting in their bias. Use @Bing!,RT @Google: This week's top search trends are just like the movies‚Äîcomplete with breakfast at Tiffany‚Äôs and uniting with wizards ‚Üí https://‚Ä¶,"RT @eatQuickr: #Netflix &amp; #Takeaway fans know whats up ‚úåüèΩ

RT &amp; FOLLOW &amp; FB LIKE 2 #win our @Google #Chromecast #Gadget #giveaway #FridayFe‚Ä¶",RT @eatQuickr: Hi guys &amp; welcome to the show!üòÄ  RT &amp; FOLLOW &amp; FB LIKE 2 #win our @Google #chromecast #free #giveaway #thursdaymotivation #c‚Ä¶,RT @loudnessfete: WHO IS THIS @google https://t.co/FNhSfZXrlr,Get in line for a free donut - and maybe a new @Google gadget - in Hayes Valley this weekend https://t.co/gVBElhBQgE,"RT @eatQuickr: .@Google #ChromeCast is the man üíØ

RT &amp; FOLLOW &amp; FB LIKE and #EntertoWin our @Google #tech #freebie #giveaway #TuesdayThough‚Ä¶",@matteastwood @sarbjeetjohal @rwang0 @furrier @npandey25 @Microsoft @evankirstel @awscloud @Google @Rackspace‚Ä¶ https://t.co/jsZKLXhBxG,"RT @tkuehlmeyer: Alphabet's ""Other Bets"" Are a Costly Hobby https://t.co/at330RKBmi via @statista_com @Google #dataviz https://t.co/TXgdkRH‚Ä¶","RT @muthu3D: Full house at Immersion evening of #HackAccessDub 
at @Google HQ https://t.co/Sh1CZaVe1Y",Kroger Collaborates With Google Cloud Platform https://t.co/QMmFNaeH3Q @kroger  @Google  #digital #grocery https://t.co/ih81RJUwkV,"RT @tkuehlmeyer: Alphabet's ""Other Bets"" Are a Costly Hobby https://t.co/at330RKBmi via @statista_com @Google #dataviz https://t.co/TXgdkRH‚Ä¶",A world where light pollution doesn't destroy our ability to look up at the stars and wonder about our place in the‚Ä¶ https://t.co/ZJm2U8Ij74,@LynnLynniepoo @dramaQkarri @elanajoy1982 @KeithOlbermann @chrislhayes @maddow @MalcolmNance @JoeNBC @CNN‚Ä¶ https://t.co/QWjgjBboKt,RT @royalsociety: @Microsoft @Google @GoogleForEdu @getintoteaching @TeachingSTEM @bcs @techUK @CodeClub @MicrosoftUK 30% of English GCSE p‚Ä¶,@LynnLynniepoo @dramaQkarri @elanajoy1982 @KeithOlbermann @chrislhayes @maddow @MalcolmNance @JoeNBC @CNN‚Ä¶ https://t.co/XOI9bR1Ehm,"RT @agaramvision: Thank you @Google for supporting #Agaram #YaavarukkumKalvi
@Suriya_offl https://t.co/lgO8DqwxHS","RT @muthu3D: Full house at Immersion evening of #HackAccessDub 
at @Google HQ https://t.co/Sh1CZaVe1Y","RT @demosplash: Folding up programs and giving our sponsors some love. @Google #JaneStreet @nvidia @Oracle @UnionPacific @SCSatCMU

@demosp‚Ä¶","RT @eatQuickr: #Netflix &amp; #Takeaway fans know whats up ‚úåüèΩ

RT &amp; FOLLOW &amp; FB LIKE 2 #win our @Google #Chromecast #Gadget #giveaway #FridayFe‚Ä¶",RT @eatQuickr: Hi guys &amp; welcome to the show!üòÄ  RT &amp; FOLLOW &amp; FB LIKE 2 #win our @Google #chromecast #free #giveaway #thursdaymotivation #c‚Ä¶,@LynnLynniepoo @dramaQkarri @elanajoy1982 @KeithOlbermann @chrislhayes @maddow @MalcolmNance @JoeNBC @CNN‚Ä¶ https://t.co/AiOztCEVI0,@Google  @IKEAUKSupport When is support coming for Tradfri lighting coming to Google assistant?,"RT @eatQuickr: #Netflix &amp; #Takeaway fans know whats up ‚úåüèΩ

RT &amp; FOLLOW &amp; FB LIKE 2 #win our @Google #Chromecast #Gadget #giveaway #FridayFe‚Ä¶","@rspruijt @Google @GabeKnuth If they do, here's where they may need to go first: https://t.co/fKzxabfntm. #daas #cloudcomputing #cloudpaging",Thank you to @re3Dprinting for giving our Club Latinitas program leaders &amp; @Google Community Leaders a workshop yes‚Ä¶ https://t.co/JzQJ1a8HID,"RT @praetorianlabs: @Google, @Cisco and @Sprint Backing @ARM IoT Security Framework #IoT #IIoT #InternetOfThings #‚Ä¶ https://t.co/uZ5jsWWwPf","RT @LindaHecht: Join me next week for a #GISDay webinar on the future of #GIS. The panel includes @Google,  @Mapbox &amp; @PitneyBowes. You don‚Ä¶",.@Google Asks  U.S. Government For New Online #PoliticalAd Rules 11/10/2017 https://t.co/H99Ob33tNM,RT @royalsociety: @Microsoft @Google @GoogleForEdu @getintoteaching @TeachingSTEM @bcs @techUK @CodeClub @MicrosoftUK How does your local a‚Ä¶,.@Google is encouraging #GoogleAssistant adoption with its #Allo messaging app #promotion https://t.co/tAQzStVDz2,"RT @eWEEKNews: .@Google G Suite, Analytics 360 to Interact With @Salesforce Cloud CRM

https://t.co/89fTdmLfJF https://t.co/TSYl9AcshU",".@Google G Suite, Analytics 360 to Interact With @Salesforce Cloud CRM

https://t.co/89fTdmLfJF https://t.co/TSYl9AcshU","If you are confused why #bitcoincash is skyrocketing - first @Google ""rbitcoin censorship"" then visit reddit and go‚Ä¶ https://t.co/8OK5tRDmim",RT @philipcolligan: So important to hear @google and @Microsoft talking about a grand coalition to drive progress on computing in education‚Ä¶,@LynnLynniepoo @dramaQkarri @elanajoy1982 @KeithOlbermann @chrislhayes @maddow @MalcolmNance @JoeNBC @CNN‚Ä¶ https://t.co/JrwkjJDuRb,GATE teachers integrating technology using @Google Classroom and creating innovative lessons @birdville_DL‚Ä¶ https://t.co/18S6xJanZh,@korewahentai @Google PLEASE,RT @royalsociety: @Microsoft @Google @GoogleForEdu @getintoteaching @TeachingSTEM @bcs @techUK @CodeClub @MicrosoftUK Bournemouth leads Eng‚Ä¶,RT @akaufteil: Designers will shift from Craftsmen to Business Partner to Innovator to CEO. Preach! @gpetroff @google #ISAFloripa17 https:/‚Ä¶,"Great! Now the #PixelBuds in white are out of stock!!!!!!!!!!!!
Just like the #Pixel2XL
Come on @Google @madebygoogle 
üò§üò†üò°","RT @praetorianlabs: @Google, @Cisco and @Sprint Backing @ARM IoT Security Framework #IoT #IIoT #InternetOfThings #security #cybersecurity h‚Ä¶","@Google, @Cisco and @Sprint Backing @ARM IoT Security Framework #IoT #IIoT #InternetOfThings #security‚Ä¶ https://t.co/mRoa141bfo",iPhone X vs. Google Pixel 2: Who Will Win? https://t.co/uoAuZhsGYa #smartphones @Apple @Google,RT @mapserving: Wishing a good @GRASSGIS community sprint this weekend.  https://t.co/WFNCpCV8LH Maybe adding @google Code-in tasks for @OS‚Ä¶,RT @DrewNeisser: #VR isn‚Äôt just a cool stunt. @aposner of @Google explains how it's enhancing #brand experience https://t.co/jwih8b96cB @iH‚Ä¶,RT @royalsociety: @Microsoft @Google @GoogleForEdu @getintoteaching @TeachingSTEM @bcs @techUK @CodeClub @MicrosoftUK England meets only 68‚Ä¶,"RT @royalsociety: @Microsoft @Google @GoogleForEdu @getintoteaching @TeachingSTEM @bcs @techUK @CodeClub @MicrosoftUK ""Overhauling the frag‚Ä¶",RT @Google: ‚ÄúWe want to go from thousands of organizations solving machine learning problems to millions.‚Äù - Google Senior Fellow Jeff Dean‚Ä¶,RT @WomenWhoCode: Apply by Nov 30th for an Android or web developer scholarship with @Google and @udacity.  No experience needed. #GrowWith‚Ä¶,"RT @MarsCuriosity: Come rove away, come rove away with me. @NASAJPL + @Google made this free virtual #Mars experience with my data: https:/‚Ä¶",This is not what I was looking for @Google https://t.co/nHsO6xcd5Q,RT @sshanu95: @TezbyGoogle @Google  paid MMT via tez. Money got debited but not recieved. Bank conveys (Rs 4268) is stuck at tez.No support‚Ä¶,RT @sshanu95: @TezbyGoogle @Google It's been a week since this transaction and still no response from you guys @TezbyGoogle  @Google . Tota‚Ä¶,According to @Google quality content carries more weight than the best #SEO strategy. Integrate your quality conten‚Ä¶ https://t.co/2eVqNPWrzM,Here‚Äôs How @Microsoft and @Google are Trying to Catch @amazon in the Cloud. https://t.co/pHolAA3Vfq via @business,‚ÄúI was well taken care of from beginning to end. My results exceeded expectations.‚Äù #reviews via @Google Contact us‚Ä¶ https://t.co/qNMbdbilAe,"RT @Mei_Saime: Dear @Google @GooglePlay @iTunes @Apple , this album has stolen music from other artists and should be taken down from the s‚Ä¶",@kyletmartinez @Google My wife and I use it to share videos of the kids but that's it. One day. Please Google.,"For @Google, @Microsoft, improving internet access is part of corporate #socialresponsibility. #nptech https://t.co/gdGkFuhSGE",.@amazon &amp; @Google are changing how society interacts; can city planners do the same? Read our view @theenergytimes‚Ä¶ https://t.co/1mvcoPBZbN,.@amazon &amp; @Google are changing how society interacts; can city planners do the same? Read our view @theenergytimes‚Ä¶ https://t.co/8vB28xYFSJ,And this is why I use @ProtonMail for my email and @Duckduckgo whenever I search up things because @Google (SEO) an‚Ä¶ https://t.co/EkqzpIy2Dw,RT @Google: Go from a sandstone palace in India to a pink staircase in Singapore with some of our favorite #teampixel finds from this week‚Ä¶,RT @akaufteil: Designers will shift from Craftsmen to Business Partner to Innovator to CEO. Preach! @gpetroff @google #ISAFloripa17 https:/‚Ä¶,Thanks @Google https://t.co/kQD0HRifeQ,@LynnLynniepoo @dramaQkarri @elanajoy1982 @KeithOlbermann @chrislhayes @maddow @MalcolmNance @JoeNBC @CNN‚Ä¶ https://t.co/fSy5XkF2w0,"Honestly, this is the 2nd best email I have EVER received! 

@Google i am hoping the 1st best email is an acceptanc‚Ä¶ https://t.co/smauINtxKs","I guess so.. interning @Google , working there a bit and maybe moving to @McKinsey https://t.co/7pWf0ehXdP","Latest @gmail using #Mugu scumbag from the crap pot that is #Benin, and his phone: +22960382995 As always these day‚Ä¶ https://t.co/Zm67FPCZMt",RT @Google: This week's top search trends are just like the movies‚Äîcomplete with breakfast at Tiffany‚Äôs and uniting with wizards ‚Üí https://‚Ä¶,"RT @eatQuickr: Time to buy a new sofa üòâ

RT &amp; FOLLOW &amp; FB LIKE 2 #win our @Google #free #giveaway #winitwednesday #netflixbinge https://t.c‚Ä¶",@verge Lol Verge's anti-@Google bullshit continues. If you can't do basic critical thinking then no search engine -‚Ä¶ https://t.co/1EZ29GEhuq,"@notayesmansecon @notayesmansecon 
Some sort of interference from @Google at that point
How does one invite them to‚Ä¶ https://t.co/uS96JnhrVT",The #future of #travel: New consumer behavior and the technology giving it flight | by @Google @ThinkwithGoogle  https://t.co/jhoEtJH8JQ,"RT @eatQuickr: #Netflix &amp; #Takeaway fans know whats up ‚úåüèΩ

RT &amp; FOLLOW &amp; FB LIKE 2 #win our @Google #Chromecast #Gadget #giveaway #FridayFe‚Ä¶","RT @eatQuickr: #Netflix &amp; #Takeaway fans know whats up ‚úåüèΩ

RT &amp; FOLLOW &amp; FB LIKE 2 #win our @Google #Chromecast #Gadget #giveaway #FridayFe‚Ä¶","Just got told by a @yelp rep that they have 2X the traffic as @google for the term ""personal injury law""  here in‚Ä¶ https://t.co/SrfJWWHKSw",Hey @Dawn_French is that you I hear in the new @Google AI ads?,Awesome #infographic showcasing how @google ranks your #website. https://t.co/TCwbBi75iK #smm #seo #sem #ux,@JessaBahr @instagram @Google @AppleSupport Agreed. I‚Äôm not looking forward to the jump just bc of the loss of iMes‚Ä¶ https://t.co/2TUSU6iZV3,@tailosivetech @windowsinsider2 @YouTube @Google I'll drop a Content Cop on Apple next week or 2,"Dear @Google @GooglePlay @iTunes @Apple , this album has stolen music from other artists and should be taken down f‚Ä¶ https://t.co/orY40rWqim",@colt_1962 @NavySubmariner @AwesumIndustrys @Google Which model was it? So far only 7 models have it.,@LynnLynniepoo @dramaQkarri @elanajoy1982 @KeithOlbermann @chrislhayes @maddow @MalcolmNance @JoeNBC @CNN‚Ä¶ https://t.co/4QXjGRPrtI,@Google Don't want to work with Google they spy and leak stuff #PromotedTweer,"RT @eatQuickr: #Netflix &amp; #Takeaway fans know whats up ‚úåüèΩ

RT &amp; FOLLOW &amp; FB LIKE 2 #win our @Google #Chromecast #Gadget #giveaway #FridayFe‚Ä¶",Recently heard that @google is not easily accessible via assistive tech (even though it claims to be). Is this true‚Ä¶ https://t.co/GCgMqWrCKy,".@Kroger avoids the .@Amazon machine, prefers .@Google and .@Microsoft clouds https://t.co/KUUiJAwHNp via @CIOdive‚Ä¶ https://t.co/sdJ8tbAFFM","Using our Computing knowledge to research our history learning challenge &amp; record on @Google &amp; @PicCollage, then sh‚Ä¶ https://t.co/X7wVPV8YC5",@Beard_Beerd @Google noted,@royalsociety @Microsoft @Google @GoogleForEdu @getintoteaching @TeachingSTEM @bcs @techUK @CodeClub @MicrosoftUK C‚Ä¶ https://t.co/ZgbegPxouA,Designers will shift from Craftsmen to Business Partner to Innovator to CEO. Preach! @gpetroff @google #ISAFloripa17 https://t.co/w1tE0BUdvW,"RT @Kedare: A few months ago Spain had 0.55% of IPv6 traffic to @Google, it's now at 2.14%, probably thanks to @orange_es starting to deplo‚Ä¶",RT @DougKimura: $50k grant from @Google doubles the number of @LEGO_Group Robotics teams @GirlScoutsWW program https://t.co/5Kwe938dfq via‚Ä¶,New @docker image for femtopixel for multiple authenticated url reports with @____lighthouse and @Google #Puppeteer‚Ä¶ https://t.co/70fd9qWIi5,üì£ you hear that!!! @Google üì£ https://t.co/coQHsnkeUF,RT @loudnessfete: WHO IS THIS @google https://t.co/FNhSfZXrlr,Tips To Optimize Your Website For @Google #MobileFirst Index https://t.co/5KqLY5REoU  #MobileOptimization #MobileSearch #MobileSEO,@MDSienzant @Google Yeah I'd love for Allo to support SMS. thats the reason I don't use it now! Its cool that Duo w‚Ä¶ https://t.co/iyJuQAaBPS,Fanboy-ed over Anurag Acharya (Distinguished Engineer at @Google) last week at #WCSJ2017‚Ä¶ he created Google Scholar! https://t.co/0pt5HPLLCN,"RT @SweetAntifa: Hey @PureFlix, do you know @google has placed your ad on pedophile-approving @BreitbartNews? Please block hate! @slpng_gia‚Ä¶",RT @liligil: [ Masterclass for Entrepreneurs ] Apply to secure your spot @Google NYC 11.13 @DreamersVenture https://t.co/jkxCfY15ip https:/‚Ä¶,RT @Google: This week's top search trends are just like the movies‚Äîcomplete with breakfast at Tiffany‚Äôs and uniting with wizards ‚Üí https://‚Ä¶,"RT @laparisa: Cool work by @inwyrd &amp; team to get at the root cause of hijacked @Google accounts: https://t.co/ig2lMAZAkU

tl;dr: 3rd party‚Ä¶","@brennasparksxxx Absolutely fucking ridiculous @Google, poor poor business logicüëéüèº",@kyletmartinez @Google I just want Duo and Allo to work seamlessly across the board on my phone and computer. Give‚Ä¶ https://t.co/IHD8Qtcc2t,"RT @livewholehuman: ""It's not all unicorns and rainbows."" @vanriper @google #gPause on integrating #mindfulness at work @MindfulSummit #Min‚Ä¶",$50k grant from @Google doubles the number of @LEGO_Group Robotics teams @GirlScoutsWW program https://t.co/5Kwe938dfq via @KIRO7Seattle,RT @Google: This week's top search trends are just like the movies‚Äîcomplete with breakfast at Tiffany‚Äôs and uniting with wizards ‚Üí https://‚Ä¶,RT @Google: This week's top search trends are just like the movies‚Äîcomplete with breakfast at Tiffany‚Äôs and uniting with wizards ‚Üí https://‚Ä¶,"RT @Google: 122 years ago today, X-rays were discovered by German engineer and physicist Wilhelm R√∂ntgen, who went on to win the first Nobe‚Ä¶",RT @qhardy: @sarbjeetjohal @rwang0 @matteastwood @furrier @npandey25 @Microsoft @evankirstel @awscloud @Google @Rackspace I don't think we'‚Ä¶,@BrookeNason1 @OmarSebali @Google @TeamYouTube @SusanWojcicki Can‚Äôt agree more. Mainly on the account that SmartTV‚Ä¶ https://t.co/jPi96ItJH9,"""It's not all unicorns and rainbows."" @vanriper @google #gPause on integrating #mindfulness at work @MindfulSummit #MindfulSummit","RT @russmc: @FixTheExchange @mikerod_sd @hacks4pancakes @Microsoft Yeah, @microsoft, @google, @Amazon, and @Boeing all have great military‚Ä¶",We want it please.   #TEAmojiNOWüáπüá∑  @Google @Apple @WhatsApp  @unicode @EmojiBrand,"@FixTheExchange @mikerod_sd @hacks4pancakes @Microsoft Yeah, @microsoft, @google, @Amazon, and @Boeing all have gre‚Ä¶ https://t.co/Rdb8J8Qpe2",Pre-ordered my #Pixel2XL üêº edition Oct 13th and still don't have it. Not sure if it is @google or @bestbuy that is‚Ä¶ https://t.co/DKRosXqIHm,@LynnLynniepoo @dramaQkarri @elanajoy1982 @KeithOlbermann @chrislhayes @maddow @MalcolmNance @JoeNBC @CNN‚Ä¶ https://t.co/ucaJ87PAkr,RT @Google: This week's top search trends are just like the movies‚Äîcomplete with breakfast at Tiffany‚Äôs and uniting with wizards ‚Üí https://‚Ä¶,RT @rutuketech: @HackAccessDub  #Hackaccessdub @Google free wine woohoo! ü¶Ñü¶Ñü¶Ñ https://t.co/WrGZ7LRZYL,@Google thanks for you search engine. still works great!,RT @SYNCFAB: Welcome our advisor @mjones CEO of @ScienceInc whose portfolio companies were acquired by @nytimes @Google @Unilever https://t‚Ä¶,"RT @laparisa: Cool work by @inwyrd &amp; team to get at the root cause of hijacked @Google accounts: https://t.co/ig2lMAZAkU

tl;dr: 3rd party‚Ä¶","RT @Kedare: A few months ago Spain had 0.55% of IPv6 traffic to @Google, it's now at 2.14%, probably thanks to @orange_es starting to deplo‚Ä¶","@Google photos is awesome. It reviews and groups my ""sketch"" photos and let me bulk archive them with a single tap.",@Google @FCC @bbb_us When I cancel my contract was up After the church and a bunch of charges,https://t.co/if6TWKTUHW¬†‚Ä¶¬†‚Ä¶ @ChromeWebStore @google undead jetpack  .https://t.co/9POuvV1EhD¬†‚Ä¶¬†‚Ä¶
