RT @surface: The new #SurfaceBook2. All-day battery &amp; the latest gen @intel processors for powerhouse performance. Buy yours now. https://t‚Ä¶,RT @diversityaward: Highly Commended in the @WEConnection Supplier Diversity &amp; Inclusion Programme category is @intel. #EDA17,RT @surface: The new #SurfaceBook2. All-day battery &amp; the latest gen @intel processors for powerhouse performance. Buy yours now. https://t‚Ä¶,@surface @Microsoft @intel Looks good,"@intel I‚Äôll check it out now, thanks Intel. If you have any more graphics you‚Äôd like for me to share just reach out! I live for technology!",RT @surface: The new #SurfaceBook2. All-day battery &amp; the latest gen @intel processors for powerhouse performance. Buy yours now. https://t‚Ä¶,RT @surface: The new #SurfaceBook2. All-day battery &amp; the latest gen @intel processors for powerhouse performance. Buy yours now. https://t‚Ä¶,"RT @intel: Our planet's climate is quickly changing, and animals like the polar bear are struggling to adapt. With Intel #drones in tow, we‚Ä¶",RT @surface: The new #SurfaceBook2. All-day battery &amp; the latest gen @intel processors for powerhouse performance. Buy yours now. https://t‚Ä¶,"RT @49ers: Watch C.J. Beathard's 11-yard touchdown run from every angle with freeD powered by @intel 

https://t.co/uY8uqlcEq1",RT @2crsi: @openio french #objectstorage working on 10 @intel  #nuc on our booth 906 @Supercomputing #sc17 @RomainAcciari @esignoretti http‚Ä¶,@FiveMarigolds @intel Totally had that phone in my kitchen growing up! ‚òè,RT @surface: The new #SurfaceBook2. All-day battery &amp; the latest gen @intel processors for powerhouse performance. Buy yours now. https://t‚Ä¶,RT @surface: The new #SurfaceBook2. All-day battery &amp; the latest gen @intel processors for powerhouse performance. Buy yours now. https://t‚Ä¶,RT @intel: Give a new computer powered by 8th Gen Intel Core and they‚Äôll get up to 2.8X faster graphics https://t.co/suGKbueLRP https://t.c‚Ä¶,"RT @intel: Our planet's climate is quickly changing, and animals like the polar bear are struggling to adapt. With Intel #drones in tow, we‚Ä¶","RT @whenisz: #CorporateDiplomat @sfallender @intel in @globascan interview highlights that ""the next big thing"" is integration and improvin‚Ä¶",@surface @intel consumer report not recommended buying microsoft surface?,RT @surface: The new #SurfaceBook2. All-day battery &amp; the latest gen @intel processors for powerhouse performance. Buy yours now. https://t‚Ä¶,"@surface @intel You could sell English version of it as in US, i would guess it would be even preference for most professionals.",RT @surface: The new #SurfaceBook2. All-day battery &amp; the latest gen @intel processors for powerhouse performance. Buy yours now. https://t‚Ä¶,"RT @intel: Our planet's climate is quickly changing, and animals like the polar bear are struggling to adapt. With Intel #drones in tow, we‚Ä¶","@surface @intel I would, but you are not selling it in Lithuania at all !!! And in UK it seems only 13"" version is available üò≠",RT @surface: The new #SurfaceBook2. All-day battery &amp; the latest gen @intel processors for powerhouse performance. Buy yours now. https://t‚Ä¶,RT @surface: The new #SurfaceBook2. All-day battery &amp; the latest gen @intel processors for powerhouse performance. Buy yours now. https://t‚Ä¶,RT @surface: The new #SurfaceBook2. All-day battery &amp; the latest gen @intel processors for powerhouse performance. Buy yours now. https://t‚Ä¶,RT @2crsi: @openio french #objectstorage working on 10 @intel  #nuc on our booth 906 @Supercomputing #sc17 @RomainAcciari @esignoretti http‚Ä¶,"Susan Bobholz @sbobholz @Intel
on #theCUBE from #SC17
https://t.co/mA5WRcp2uP 
Sponsored by @Intel @IntelFPGA‚Ä¶ https://t.co/iqiOmrN05l","RT @intel: @ValaAfshar Powered by data that is making our lives easier, #AI will bring unprecedented intelligence everywhere, including our‚Ä¶",RT @intel: @Fisher85M Did you see our news today? #5G is a fundamental transformation that will deliver new services to businesses and cons‚Ä¶,RT @intel: Give a new computer powered by 8th Gen Intel Core and they‚Äôll get up to 2.8X faster graphics https://t.co/suGKbueLRP https://t.c‚Ä¶,RT @YolandeStreng: Stellar lineup of panels for next year's @4sSydney conference including @jennykennedy Melissa Gregg (@intel) and my pane‚Ä¶,RT @OfficialMIDA: Thank you @intel üá≤üáæ for the great collaboration! #IOTMalaysia2017 #SuccessfulEvent https://t.co/RIOwRUPRX7,"RT @intel: At a time when many bees are dying off, could the future of the global food supply rest on tiny flying robots? https://t.co/bBaJ‚Ä¶",Thank you @intel üá≤üáæ for the great collaboration! #IOTMalaysia2017 #SuccessfulEvent https://t.co/RIOwRUPRX7,"RT @intel: This drone nerd brings together the best aerial cinematography from around the world @FRiFFest. Meet @ekai, who turned his passi‚Ä¶",RT @49ers: His first career rushing TD is even better in freeD powered by @intel. See @MattBreida score via multiple high-resolution camera‚Ä¶,RT @intel: Cut back. freeD‚Ñ¢ highlights let you see every side of the play.,"Experience High Performance Gaming on an Ultra Book with our eGFX Breakaway Puck! 
Put your skills to the test agai‚Ä¶ https://t.co/pwvqTBXwl5","RT @intel: @ValaAfshar Powered by data that is making our lives easier, #AI will bring unprecedented intelligence everywhere, including our‚Ä¶","RT @intel: @ValaAfshar Powered by data that is making our lives easier, #AI will bring unprecedented intelligence everywhere, including our‚Ä¶",RT @intel: Give a new computer powered by the 8th Gen Intel Core and they‚Äôll be VR ready. https://t.co/suGKbueLRP https://t.co/sgmaARvF4E,RT @2crsi: @openio french #objectstorage working on 10 @intel  #nuc on our booth 906 @Supercomputing #sc17 @RomainAcciari @esignoretti http‚Ä¶,"RT @intel: @ValaAfshar Powered by data that is making our lives easier, #AI will bring unprecedented intelligence everywhere, including our‚Ä¶","RT @intel: @ValaAfshar Powered by data that is making our lives easier, #AI will bring unprecedented intelligence everywhere, including our‚Ä¶","RT @intel: @ValaAfshar Powered by data that is making our lives easier, #AI will bring unprecedented intelligence everywhere, including our‚Ä¶",RT @intel: Intel is creating record wins with #5G technologies at the Olympic Winter Games PyeongChang 2018: https://t.co/eEyzuTtjHl https:‚Ä¶,"@MTS_MKTG @nutanix @WendyMPfeiffer @intel @RachelMushahwar love this! üë©‚ÄçüöÄüë©‚Äçüî¨üë©‚Äçüíªüë†üï∂Ô∏èüíª 

""Be the change you wish to se‚Ä¶ https://t.co/4vDXTV0awL",RT @surface: The new #SurfaceBook2. All-day battery &amp; the latest gen @intel processors for powerhouse performance. Buy yours now. https://t‚Ä¶,@AtlasDefenseInd @RobertsSpaceInd @amazon @FedEx @intel @CORSAIR @Razer @SYFY @Microsoft @SamsungMobile I think CR‚Ä¶ https://t.co/LJHHtfq1Nx,"RT @senecal: Hand in hand, just like @convergecfd and @IntelHPC. Thanks for everything this week @Intel, it was great #SC17 #intelhpc #mode‚Ä¶",@AMDRyzen @hardwarecanucks @ASRockInfo Guess even AMD uses @intel boards XDDD,RT @intel: Give a new computer powered by the 8th Gen Intel Core and they‚Äôll be VR ready. https://t.co/suGKbtXb0h https://t.co/33Cwj0qbWk,The #tech collaboration between @Cryptsoft and @Intel has expanded to deliver a range of #toolkits designed to deli‚Ä¶ https://t.co/Gq6lesxGza,"RT @intel: This drone nerd brings together the best aerial cinematography from around the world @FRiFFest. Meet @ekai, who turned his passi‚Ä¶","Hand in hand, just like @convergecfd and @IntelHPC. Thanks for everything this week @Intel, it was great #SC17‚Ä¶ https://t.co/5gUN0PU9D5",RT @diversityaward: Highly Commended in the @WEConnection Supplier Diversity &amp; Inclusion Programme category is @intel. #EDA17,@IntelBusiness #ThankYou @intel! You always make the best chips and I won't buy any computer unless you're on the i‚Ä¶ https://t.co/eDTYcaXIup,RT @intel: Our mission: Use Intel drones to spot polar bears in the arctic landscape. https://t.co/cU5Qh3h5gd,RT @intel: Our mission: Use Intel drones to spot polar bears in the arctic landscape. https://t.co/cU5Qh3h5gd,"RT @timhoppen: I don't think this is how GUID are supposed to be generated üòâ

Out of the box on my 
@intel Compute Stick with @ubuntu prelo‚Ä¶","RT @intel: @ValaAfshar Powered by data that is making our lives easier, #AI will bring unprecedented intelligence everywhere, including our‚Ä¶",RT @intel: Give a new computer powered by 8th Gen Intel Core and they‚Äôll get up to 2.8X faster graphics https://t.co/suGKbueLRP https://t.c‚Ä¶,RT @intel: Are drones the next frontier for polar bear research? We‚Äôre on a mission to find out: https://t.co/XNiXoDpcGA https://t.co/mIP7z‚Ä¶,Find out how @Intel teamed up with @AMD to build radeon graphics on core chips. https://t.co/kHq8ycSG37 @ExtremeTech,@intel I appreciate the reaponse thank you so much.,"Stephane Monboisset from @Accelize
on #theCUBE from #SC17
https://t.co/bOo75dqDs4 
Sponsored by @Intel @IntelFPGA‚Ä¶ https://t.co/KBdZ2jS5SX",RT @intel: Give a new computer powered by the 8th Gen Intel Core and they‚Äôll be VR ready. https://t.co/suGKbtXb0h https://t.co/33Cwj0qbWk,RT @intel: Our mission: Use Intel drones to spot polar bears in the arctic landscape. https://t.co/cU5Qh3h5gd,"RT @Inteliot: Smart Cities can learn dynamically, are safer, have less traffic with CityIQ. @Intel @GE_Digital #GEMM17 #IIoT https://t.co/p‚Ä¶",RT @intel: Give a new computer powered by the 8th Gen Intel Core and they‚Äôll be VR ready. https://t.co/suGKbtXb0h https://t.co/33Cwj0qbWk,RT @surface: The new #SurfaceBook2. All-day battery &amp; the latest gen @intel processors for powerhouse performance. Buy yours now. https://t‚Ä¶,RT @diversityaward: Highly Commended in the @WEConnection Supplier Diversity &amp; Inclusion Programme category is @intel. #EDA17,RT @diversityaward: Highly Commended in the @WEConnection Supplier Diversity &amp; Inclusion Programme category is @intel. #EDA17,RT @diversityaward: Highly Commended in the @WEConnection Supplier Diversity &amp; Inclusion Programme category is @intel. #EDA17,RT @diversityaward: Highly Commended in the @WEConnection Supplier Diversity &amp; Inclusion Programme category is @intel. #EDA17,RT @diversityaward: Highly Commended in the @WEConnection Supplier Diversity &amp; Inclusion Programme category is @intel. #EDA17,RT @diversityaward: Highly Commended in the @WEConnection Supplier Diversity &amp; Inclusion Programme category is @intel. #EDA17,RT @diversityaward: Highly Commended in the @WEConnection Supplier Diversity &amp; Inclusion Programme category is @intel. #EDA17,RT @diversityaward: Highly Commended in the @WEConnection Supplier Diversity &amp; Inclusion Programme category is @intel. #EDA17,RT @diversityaward: Highly Commended in the @WEConnection Supplier Diversity &amp; Inclusion Programme category is @intel. #EDA17,RT @diversityaward: Highly Commended in the @WEConnection Supplier Diversity &amp; Inclusion Programme category is @intel. #EDA17,@FiveMarigolds @intel Been a big user of your app for years until recently when I went in for an anal bleaching and‚Ä¶ https://t.co/CQhbBaKVSx,Highly Commended in the @WEConnection Supplier Diversity &amp; Inclusion Programme category is @intel. #EDA17,RT @intel: Are drones the next frontier in climate research? We‚Äôre heading to the arctic to find out. https://t.co/qwgG0dltoX,Well done Esha. Big thanks to @Intel Shannon. @UrsulineThurles https://t.co/9pQxaTZ9bp,RT @intel: Are drones the next frontier in climate research? We‚Äôre heading to the arctic to find out. https://t.co/qwgG0dltoX,RT @intel: Give a new computer powered by the 8th Gen Intel Core and they‚Äôll be VR ready. https://t.co/suGKbtXb0h https://t.co/33Cwj0qbWk,"@intel Oh, and thank you very much for the follow ups.  I do appriciate this.  Alot of companies just ignore access‚Ä¶ https://t.co/nrmXfmUCMP",RT @intel: Give a new computer powered by 8th Gen Intel Core and they‚Äôll get up to 2.8X faster graphics https://t.co/suGKbueLRP https://t.c‚Ä¶,@intel Oh the problem isn't the drivers. I did update the wireless assistant manually.  The whole problem is that t‚Ä¶ https://t.co/p05ULoyPmK,"RT @CTIA: #CTIA members @Qualcomm, @intel, @ericsson and others test #5G equipment in moving vehicles. https://t.co/AaSeTRQJnr",RT @IntelBusiness: Multifactor security is one of the reasons Win 10 and @intel computers make business great. https://t.co/UnxtNZIUMA,RT @surface: The new #SurfaceBook2. All-day battery &amp; the latest gen @intel processors for powerhouse performance. Buy yours now. https://t‚Ä¶,RT @intel: Give a new computer powered by 8th Gen Intel Core and they‚Äôll get up to 2.8X faster graphics https://t.co/suGKbueLRP https://t.c‚Ä¶,"üî• Win a FREE @Intel-based Laptop!
Enter: https://t.co/bYIpXWJ0zL
Details: https://t.co/utzGmTGojU‚Ä¶ https://t.co/KU42qhnlPs",RT @surface: The new #SurfaceBook2. All-day battery &amp; the latest gen @intel processors for powerhouse performance. Buy yours now. https://t‚Ä¶,RT @surface: The new #SurfaceBook2. All-day battery &amp; the latest gen @intel processors for powerhouse performance. Buy yours now. https://t‚Ä¶,RT @intel: Our mission: Use Intel drones to spot polar bears in the arctic landscape. https://t.co/cU5Qh3h5gd,"RT @theCUBE: Bernhard Friebe from @Intel on #theCUBE from #SC17 
https://t.co/N35RDVAlWe
Sponsored by @Intel @IntelFPGA 
#Nasdaq #Intel @NA‚Ä¶","Bernhard Friebe from @Intel on #theCUBE from #SC17 
https://t.co/N35RDVAlWe
Sponsored by @Intel @IntelFPGA 
#Nasdaq‚Ä¶ https://t.co/YeJvM5VkD4",@FiveMarigolds @intel Yeah but why‚Äôs she holding a wall phone? Was the designer also young enough to not know how that phone works??,Great insights from @Nutanix @WendyMPfeiffer  and @intel @RachelMushahwar . Gotta love powerful Women in Tech‚Ä¶ https://t.co/GeKFiByZF1,RT @intel: Our mission: Use Intel drones to spot polar bears in the arctic landscape. https://t.co/cU5Qh3h5gd,@Barnacules @PugetSystems @intel @SamsungUS @GIGABYTEUSA @CrucialMemory @TEAMEVGA @FractalDesignNA Those are for poor people,"@intel Anybody can say me, If Intel Atom¬Æ x5-Z8350 Processor works with 64 bit system, and 4 gb of ram. Thank üòÄ",RT @intel: Our mission: Use Intel drones to spot polar bears in the arctic landscape. https://t.co/cU5Qh3h5gd,"RT @theCUBE: Stephane Monboisset from @Accelize
on #theCUBE from #SC17
https://t.co/enesYHTWHc 
Sponsored by @Intel @IntelFPGA 
#Nasdaq #In‚Ä¶","RT @theCUBE: John Lockwood from @Algo_Logic_Inc 
on #theCUBE from #SC17
https://t.co/0PQCmSr5Ip
Sponsored by @Intel @IntelFPGA 
#Nasdaq #In‚Ä¶","RT @theCUBE: Bill Jenkins from @Intel
on #theCUBE from #SC17
https://t.co/OaGOSzzFwh
Sponsored by @Intel @IntelFPGA 
#Nasdaq #Intel @NASDAQ‚Ä¶","RT @theCUBE: Bernhard Friebe from @Intel
on #theCUBE from #SC17
https://t.co/xDiVHk9IZi
Sponsored by @Intel @IntelFPGA 
#Nasdaq #Intel @NAS‚Ä¶","RT @theCUBE: Bill Jenkins from Intel 
on #theCUBE from #SC17
https://t.co/eBt4n0qDBY
Sponsored by @Intel @IntelFPGA    
#Nasdaq #Intel @NAS‚Ä¶","RT @theCUBE: Bernhard Friebe @Intel 
on #theCUBE from #SC17
https://t.co/WegHnLrHpw 
Sponsored by @Intel @IntelFPGA    
#Nasdaq #Intel @NAS‚Ä¶",RT @Nashgrier: @intel @HayesGrier üòÇüòÇüòÇ he'll have to work on his moves a bit more,RT @intel: Are drones the next frontier in climate research? We‚Äôre heading to the arctic to find out. https://t.co/qwgG0dltoX,"RT @theCUBE: Follow @theCUBE 
Don't miss a minute in 2018
@dougwfisher from @intel on #theCUBE 
https://t.co/7FJ9HoFxXN @Nasdaq #NASDAQ #RH‚Ä¶","RT @theCUBE: Jim Wu from @FalconComputing 
on #theCUBE from #SC17
https://t.co/5mYN8HTSt0
Sponsored by @IntelFPGA @Intel    
#Nasdaq #Intel‚Ä¶","RT @theCUBE: Bernhard Friebe @Intel 
on #theCUBE from #SC17
https://t.co/WegHnLa60W 
Sponsored by @Intel @IntelFPGA    
#Nasdaq #Intel @NAS‚Ä¶","RT @theCUBE: Susan Bobholz @sbobholz @Intel
on #theCUBE from #SC17
https://t.co/mA5WRcp2uP 
Sponsored by @Intel @IntelFPGA 
#Nasdaq #Intel‚Ä¶","RT @theCUBE: John Lockwood from @Algo_Logic_Inc 
on #theCUBE from #SC17
https://t.co/0PQCmSIH6Z
Sponsored by @Intel @IntelFPGA 
#Nasdaq #In‚Ä¶","RT @theCUBE: Susan Bobholz @sbobholz @Intel
on #theCUBE from #SC17
https://t.co/mA5WRc7rDh 
Sponsored by @Intel @IntelFPGA 
#Nasdaq #Intel‚Ä¶","RT @theCUBE: Jim Wu @jimwu88 @FalconComputing 
on #theCUBE from #SC17
https://t.co/5mYN8IbtRA 
Sponsored by @Intel @IntelFPGA 
#Nasdaq #Int‚Ä¶",@intel People from Intel should be smart enough to realise climate change is a scam.,RT @intel: Give a new computer powered by the 8th Gen Intel Core and they‚Äôll be VR ready. https://t.co/suGKbueLRP https://t.co/sgmaARvF4E,#AU2017 GeT answers at your fingertips to solve problems in real-time with our Autodesk Plug-In. Try it out on our @HP  @intel  stations!,In the early days of @octoblu at @iotphx showing off my infinity pyramids sponsored by @intel https://t.co/SdzF7eStqU,Check out @autodesku @intel's #VR/#AR demos! Booth A111. #AU2017 #VR #AU2017 @StanfordVR @googlevr @AutodeskImpact‚Ä¶ https://t.co/31TnW6OOn0,Back in the day with @chrismatthieu at @intel #inteldeveloperforum https://t.co/WU7MA7XyZi,RT @2crsi: @openio french #objectstorage working on 10 @intel  #nuc on our booth 906 @Supercomputing #sc17 @RomainAcciari @esignoretti http‚Ä¶,"@intel Oh. I am just doing my normal monthly Intel updates, via, wifi, graphics, standard controller drivers.    Yo‚Ä¶ https://t.co/kKtY5y6EHm","Today's  Shell Shocker: @intel Core i5-7500 BX80677I57500, @ASRockInfo B250M-HDV ATX Mobo $239.99 https://t.co/AmiMTWjMQB","RT @WendyMPfeiffer: Honored to co-write this post with @RachelMushahwar from @Intel. 
Our Real Life Justice League:  Women in Tech https://‚Ä¶",RT @intel: Are drones the next frontier in climate research? We‚Äôre heading to the arctic to find out. https://t.co/qwgG0dltoX,"Today's Shell Shocker: @intel Core i5-7500  BX80677I57500, @ASRockInfo B250M-HDV ATX Mobo $239.99 https://t.co/mZjq0ddGAF",@surface @intel Mine arrived today. :),"Today's Shell Shocker: @intel Core i5-7500  BX80677I57500, @ASRockInfo B250M-HDV ATX Mobo $239.99 https://t.co/ilAdl2py6X",RT @SamNTAP: #NetAppInsight is that much better with our premiere #partners @Cisco @Fujitsu_Global and @intel #thankyou  Can‚Äôt wait for the‚Ä¶,"Today's Shell Shocker: @intel Core i5-7500 BX80677I57500, @ASRockInfo B250M-HDV ATX  Mobo $239.99 https://t.co/G366QFkeAr","Today's Shell Shocker: @intel Core i5-7500 BX80677I57500,  @ASRockInfo B250M-HDV ATX Mobo $239.99 https://t.co/G2pc1UNIS0","Today's Shell  Shocker: @intel Core i5-7500 BX80677I57500, @ASRockInfo B250M-HDV ATX Mobo $239.99 https://t.co/lWiCzggKkp","RT @intel: This drone nerd brings together the best aerial cinematography from around the world @FRiFFest. Meet @ekai, who turned his passi‚Ä¶","Today's Shell Shocker: @intel Core i5-7500 BX80677I57500,  @ASRockInfo B250M-HDV ATX Mobo $239.99 https://t.co/zBdePlrAuL","Today's Shell Shocker: @intel Core i5-7500 BX80677I57500, @ASRockInfo  B250M-HDV ATX Mobo $239.99 https://t.co/j3bvNxK20V","RT @intel: This drone nerd brings together the best aerial cinematography from around the world @FRiFFest. Meet @ekai, who turned his passi‚Ä¶","Today's Shell Shocker: @intel Core i5-7500 BX80677I57500, @ASRockInfo B250M-HDV ATX  Mobo $239.99 https://t.co/ouU7nDRXJa",RT @IntelHPC: #SC17 learns about painless petaflops with @JuliaComputing. See how they are accelerating the #AI revolution with @Intel: htt‚Ä¶,RT @intel: Are drones the next frontier for polar bear research? We‚Äôre on a mission to find out: https://t.co/XNiXoDpcGA https://t.co/mIP7z‚Ä¶,RT @intel: Are drones the next frontier for polar bear research? We‚Äôre on a mission to find out: https://t.co/XNiXoDpcGA https://t.co/mIP7z‚Ä¶,"Today's Shell Shocker: @intel Core i5-7500 BX80677I57500, @ASRockInfo B250M-HDV ATX  Mobo $239.99 https://t.co/1uQ2L1klR4","Today's Shell Shocker: @intel Core i5-7500  BX80677I57500, @ASRockInfo B250M-HDV ATX Mobo $239.99 https://t.co/C9IW7ApekW",RT @surface: The new #SurfaceBook2. All-day battery &amp; the latest gen @intel processors for powerhouse performance. Buy yours now. https://t‚Ä¶,"RT @intel: At a time when many bees are dying off, could the future of the global food supply rest on tiny flying robots? https://t.co/bBaJ‚Ä¶","Congratulations to @intel, @JohnDeere and @UPS‚Äîwinners of the @USCCFBiz4Good Corporate Citizenship Award! A fitting‚Ä¶ https://t.co/W8Eyg88PLS","@intel The install is fine, but then when installed it says in the corner of the screen how much needs updating, an‚Ä¶ https://t.co/yG2QOb2uhj",@intel Oh it's the utility  Intel driver and Support Assistant from the website.  It is completely inaccessible.,"Today's Shell Shocker: @intel  Core i5-7500 BX80677I57500, @ASRockInfo B250M-HDV ATX Mobo $239.99 https://t.co/cmsVuyQXPM",RT @permedcoalition: ‚ÄúThe drug failed but it didn‚Äôt fail me!‚Äù @bryceolson from @intel was a perfect match for a #PersonalizedMedicine to ta‚Ä¶,"RT @NeweggHotDeals: Today's Shell Shocker: @intel Core i5-7500 BX80677I57500, @ASRockInfo B250M-HDV ATX Mobo $239.99 https://t.co/dCB0tg69c‚Ä¶",A big congratulations to all the 2017 Citizens Awards Winners! #Citizens2017 The work you do to support our communi‚Ä¶ https://t.co/4iqHCiWP9r,"Today's Shell Shocker: @intel Core i5-7500 BX80677I57500, @ASRockInfo B250M-HDV ATX Mobo $239.99‚Ä¶ https://t.co/7cGpMQDJG3",RT @2crsi: Thanks to @Intel and @CPeachy7202 for this awesome @Supercomputing #sc17 https://t.co/qnWKPc3k66,RT @ElectraKara: Nice @Intel case study re aerial industrial inspection of gas terminals using #drone tech.  Note $avings. 'Vertical' inspe‚Ä¶,RT @2crsi: @openio french #objectstorage working on 10 @intel  #nuc on our booth 906 @Supercomputing #sc17 @RomainAcciari @esignoretti http‚Ä¶,RT @BhawnaCloud: Oracle #IaaS announces new @Intel &amp; @NVIDIA-based compute instances to deliver unmatched performance... https://t.co/O311s‚Ä¶,@openio french #objectstorage working on 10 @intel  #nuc on our booth 906 @Supercomputing #sc17 @RomainAcciari‚Ä¶ https://t.co/NvV8i8yh40,@intel We hope this computer is an Energy Star one!,Nice @Intel case study re aerial industrial inspection of gas terminals using #drone tech.  Note $avings. 'Vertical‚Ä¶ https://t.co/sbFUWE8c88,Nice @Intel case study re aerial industrial inspection of gas terminals using #drone tech.  Note $avings. 'Vertical‚Ä¶ https://t.co/wLcDEyuK6b,RT @NXP: NXP congratulates @adidas @ca_europe @coopuk and @intel - Winners of the 2017 @TR_Foundation Stop Slavery Awards. Great to see mor‚Ä¶,RT @intel: Are drones the next frontier for polar bear research? We‚Äôre on a mission to find out: https://t.co/XNiXoDpcGA https://t.co/mIP7z‚Ä¶,"Minimum system requirements:
- 64-bit @Windows 7, Windows 8.1, Windows 10 
- @Intel Core i3-4340 / @AMD FX-6300 
-‚Ä¶ https://t.co/lJ4uw7M4AM","RT @bitwitkyle: Too much win is happening right now and I can't even!
@EKWaterBlocks @ASUS_ROG @intel @Phanteks #elitebuild https://t.co/Zf‚Ä¶",RT @surface: The new #SurfaceBook2. All-day battery &amp; the latest gen @intel processors for powerhouse performance. Buy yours now. https://t‚Ä¶,RT @intel: Give a new computer powered by the 8th Gen Intel Core and they‚Äôll be VR ready. https://t.co/suGKbtXb0h https://t.co/33Cwj0qbWk,RT @intel: Our mission: Use Intel drones to spot polar bears in the arctic landscape. https://t.co/cU5Qh3h5gd,RT @intel: Give a new computer powered by the 8th Gen Intel Core and they‚Äôll be VR ready. https://t.co/suGKbtXb0h https://t.co/33Cwj0qbWk,RT @intel: Meet the Intel Falcon 8+ commercial drone pilot who helped first responders after California‚Äôs Sonoma County fires. https://t.co‚Ä¶,"RT @intel: This drone nerd brings together the best aerial cinematography from around the world @FRiFFest. Meet @ekai, who turned his passi‚Ä¶",Hey @intel Please make the Intel Driver and support assistant accessible.  Thank you.,"Jim Wu @jimwu88 @FalconComputing 
on #theCUBE from #SC17
https://t.co/5mYN8IbtRA 
Sponsored by @Intel @IntelFPGA‚Ä¶ https://t.co/OzJE9gGmxu",RT @intel: Meet the Intel Falcon 8+ commercial drone pilot who helped first responders after California‚Äôs Sonoma County fires. https://t.co‚Ä¶,RT @surface: The new #SurfaceBook2. All-day battery &amp; the latest gen @intel processors for powerhouse performance. Buy yours now. https://t‚Ä¶,@intel breaks down new technologies that are enabling #drones to capture more #data than ever.‚Ä¶ https://t.co/Y569WOjBIF,RT @surface: The new #SurfaceBook2. All-day battery &amp; the latest gen @intel processors for powerhouse performance. Buy yours now. https://t‚Ä¶,"RT @intel: This drone nerd brings together the best aerial cinematography from around the world @FRiFFest. Meet @ekai, who turned his passi‚Ä¶","Day 24 still no gaming agter the lost of my pc on This worldüòî. No sign of a replacement, I think I‚Äôm in danger of b‚Ä¶ https://t.co/BBS8HkB6jw",RT @intel: Deep shot. freeD‚Ñ¢ highlights let you see every side of the play.,"RT @intel: This drone nerd brings together the best aerial cinematography from around the world @FRiFFest. Meet @ekai, who turned his passi‚Ä¶","RT @intel: This drone nerd brings together the best aerial cinematography from around the world @FRiFFest. Meet @ekai, who turned his passi‚Ä¶",RT @intel: @ekai transmits his love for drones into the Flying Robot International Film Festival. Meet him @FRiFFest 11/16. https://t.co/mb‚Ä¶,RT @intel: Are drones the next frontier for polar bear research? We‚Äôre on a mission to find out: https://t.co/XNiXoDpcGA https://t.co/mIP7z‚Ä¶,"RT @intel: This drone nerd brings together the best aerial cinematography from around the world @FRiFFest. Meet @ekai, who turned his passi‚Ä¶",RT @intel: Are drones the next frontier in climate research? We‚Äôre heading to the arctic to find out. https://t.co/qwgG0dltoX,Thanks to @Intel and @CPeachy7202 for this awesome @Supercomputing #sc17 https://t.co/qnWKPc3k66,RT @intel: Are drones the next frontier in climate research? We‚Äôre heading to the arctic to find out. https://t.co/qwgG0dltoX,"RT @intel: Our planet's climate is quickly changing, and animals like the polar bear are struggling to adapt. With Intel #drones in tow, we‚Ä¶",I got a #Intel4004 as a present from @Intel while I still worked for them. https://t.co/YKHciK2WcB,RT @intel: Give a new computer powered by the 8th Gen Intel Core and they‚Äôll be VR ready. https://t.co/suGKbtXb0h https://t.co/33Cwj0qbWk,RT @surface: The new #SurfaceBook2. All-day battery &amp; the latest gen @intel processors for powerhouse performance. Buy yours now. https://t‚Ä¶,@intel joins me for a look at #drone collision avoidance from #InterDrone @ConstructechTV. https://t.co/aVR6elbRUF #construction,RT @amanddaam521: Our Real Life Justice League:  Women in Tech https://t.co/FWh4Q1jNEi @nutanix @intel,RT @surface: The new #SurfaceBook2. All-day battery &amp; the latest gen @intel processors for powerhouse performance. Buy yours now. https://t‚Ä¶,RT @intel: @ekai transmits his love for drones into the Flying Robot International Film Festival. Meet him @FRiFFest 11/16. https://t.co/mb‚Ä¶,RT @surface: The new #SurfaceBook2. All-day battery &amp; the latest gen @intel processors for powerhouse performance. Buy yours now. https://t‚Ä¶,"Susan Bobholz @sbobholz @Intel
on #theCUBE from #SC17
https://t.co/mA5WRc7rDh 
Sponsored by @Intel @IntelFPGA‚Ä¶ https://t.co/d4uPBxsIRn","RT @OracleIaaS: New @Intel &amp; @NVIDIA-based compute instances deliver unmatched performance for HPC, AI &amp; enterprise apps #SC17 https://t.co‚Ä¶",RT @intel: Our mission: Use Intel drones to spot polar bears in the arctic landscape. https://t.co/cU5Qh3h5gd,"RT @Inteliot: Smart Cities can learn dynamically, are safer, have less traffic with CityIQ. @Intel @GE_Digital #GEMM17 #IIoT https://t.co/p‚Ä¶","@Swoon_Jon @GIGABYTEUSA @intel @SamsungUS @Seagate @Phanteks @CORSAIR Nice, yeah that's a good choice for Premiere.‚Ä¶ https://t.co/1d8beODKtd","RT @Inteliot: Smart Cities can learn dynamically, are safer, have less traffic with CityIQ. @Intel @GE_Digital #GEMM17 #IIoT https://t.co/p‚Ä¶","RT @theCUBE: Susan Bobholz from @Intel 
on #theCUBE from #SC17
https://t.co/mA5WRc7rDh 
Sponsored by @IntelFPGA    
#Nasdaq #Intel @NASDAQ‚Ä¶","RT @theCUBE: Jim Wu from @FalconComputing 
on #theCUBE from #SC17
https://t.co/5mYN8IbtRA
Sponsored by @IntelFPGA @Intel    
#Nasdaq #Intel‚Ä¶","RT @theCUBE: Bill Jenkins from Intel 
on #theCUBE from #SC17
https://t.co/eBt4n0Ietw
Sponsored by @Intel @IntelFPGA    
#Nasdaq #Intel @NAS‚Ä¶",RT @intel: Give a new computer powered by 8th Gen Intel Core and they‚Äôll get up to 2.8X faster graphics https://t.co/suGKbueLRP https://t.c‚Ä¶,RT @intel: Our mission: Use Intel drones to spot polar bears in the arctic landscape. https://t.co/cU5Qh3h5gd,RT @kentwimmer: Final day here at #SC17. Here‚Äôs the @SUSE theater schedule for the day. @SingularityApp  @intel @lenovo @Grid_Engine https:‚Ä¶,RT @kentwimmer: Final day here at #SC17. Here‚Äôs the @SUSE theater schedule for the day. @SingularityApp  @intel @lenovo @Grid_Engine https:‚Ä¶,So glad I could spend time in the PSO celebration. Was also good to see past CEOs of @intel‚Ä¶ https://t.co/y35zddcswQ,RT @astropreneursHQ: Why Artificial Intelligence Matters in Space? @intel @nasa_fdl @NewSpaceEurope #NewSpaceEurope https://t.co/9wU3fVueG9,RT @intel: Our mission: Use Intel drones to spot polar bears in the arctic landscape. https://t.co/cU5Qh3h5gd,RT @surface: The new #SurfaceBook2. All-day battery &amp; the latest gen @intel processors for powerhouse performance. Buy yours now. https://t‚Ä¶,@intel Do you hve a program that support small streamers? I'm not looking for a free ride or anything free but a long term partnership.,"RT @theCUBE: Stephane Monboisset from @Accelize
on #theCUBE from #SC17
https://t.co/bOo75dqDs4 
Sponsored by @Intel @IntelFPGA    
#Nasdaq‚Ä¶",RT @permedcoalition: ‚ÄúThe drug failed but it didn‚Äôt fail me!‚Äù @bryceolson from @intel was a perfect match for a #PersonalizedMedicine to ta‚Ä¶,The @Intel Select Solutions are workload-optimized #data center #solutions that simplify and accelerate the process‚Ä¶ https://t.co/9gBDZNWvT1,"RT @theCUBE: Jim Wu from @FalconComputing 
on #theCUBE from #SC17
https://t.co/5mYN8IbtRA
Sponsored by @IntelFPGA @intel #IntelHPC
#Nasdaq‚Ä¶",RT @49ers: His first career rushing TD is even better in freeD powered by @intel. See @MattBreida score via multiple high-resolution camera‚Ä¶,RT @intel: Are drones the next frontier in climate research? We‚Äôre heading to the arctic to find out. https://t.co/qwgG0dltoX,RT @intel: Are drones the next frontier in climate research? We‚Äôre heading to the arctic to find out. https://t.co/qwgG0dltoX,"RT @theCUBE: Bill Jenkins from Intel 
on #theCUBE from #SC17
https://t.co/eBt4n0qDBY
Sponsored by @Intel @IntelFPGA #IntelHPC
#Nasdaq #Inte‚Ä¶","RT @theCUBE: Jim Wu from @FalconComputing 
on #theCUBE from #SC17
https://t.co/5mYN8IbtRA
Sponsored by @IntelFPGA @intel #IntelHPC
#Nasdaq‚Ä¶","RT @theCUBE: Jim Wu @jimwu88 @FalconComputing 
on #theCUBE from #SC17
https://t.co/5mYN8HTSt0 
Sponsored by @Intel @IntelFPGA 
#Nasdaq #Int‚Ä¶","RT @theCUBE: Stephane Monboisset from @Accelize
on #theCUBE from #SC17
https://t.co/bOo75dqDs4 
Sponsored by @Intel @IntelFPGA    
#Nasdaq‚Ä¶","RT @theCUBE: Bill Jenkins from Intel 
on #theCUBE from #SC17
https://t.co/eBt4n0Ietw
Sponsored by @Intel @IntelFPGA    
#Nasdaq #Intel @NAS‚Ä¶","RT @theCUBE: Jim Wu from @FalconComputing 
on #theCUBE from #SC17
https://t.co/5mYN8IbtRA
Sponsored by @IntelFPGA @Intel    
#Nasdaq #Intel‚Ä¶","RT @theCUBE: Susan Bobholz from @Intel 
on #theCUBE from #SC17
https://t.co/mA5WRc7rDh 
Sponsored by @IntelFPGA    
#Nasdaq #Intel @NASDAQ‚Ä¶","RT @theCUBE: Bill Jenkins from Intel 
on #theCUBE from #SC17
https://t.co/eBt4n0qDBY
Sponsored by @Intel @IntelFPGA #IntelHPC
#Nasdaq #Inte‚Ä¶","RT @NiftyEducation: #Intel (@intel) introduced its first single chip microprocessor #Intel4004, #OnthisDay in 1971 https://t.co/V39IB9bRWM","RT @paulgerrard1971: @TR_Foundation have awarded four Stop Slavery Awards @trustconf to C&amp;A, @adidas @intel and @coopuk recognising the glo‚Ä¶",RT @intel: Meet the Intel Falcon 8+ commercial drone pilot who helped first responders after California‚Äôs Sonoma County fires. https://t.co‚Ä¶,RT @permedcoalition: ‚ÄúThe drug failed but it didn‚Äôt fail me!‚Äù @bryceolson from @intel was a perfect match for a #PersonalizedMedicine to ta‚Ä¶,"RT @PearlF: Inspiring presentation by Stage 4 prostate cancer patient @bryceolson of @intel, genomic sequencing led to finding targeted dru‚Ä¶","RT @PearlF: Inspiring presentation by Stage 4 prostate cancer patient @bryceolson of @intel, genomic sequencing led to finding targeted dru‚Ä¶",RT @intel: Give a new computer powered by the 8th Gen Intel Core and they‚Äôll be VR ready. https://t.co/suGKbueLRP https://t.co/sgmaARvF4E,"RT @Inteliot: #Smarthealth is on the rise, but the full potential of #IoT in the industry remains largely untapped. @Intel https://t.co/baO‚Ä¶",@MericaFirst2016 @49ers @intel Mr america that aint the way it is wha are so many people naive# not knowing# ignorantüò™#sad,@49ers @intel It did# a td for his sonüò™,RT @intel: Meet the Intel Falcon 8+ commercial drone pilot who helped first responders after California‚Äôs Sonoma County fires. https://t.co‚Ä¶,.@claychristensen joins @Intel‚Äôs @IMJB2U to discuss making remote care the standard of care. #Connect2Health #IoT https://t.co/uBIJat1YQJ,"John Lockwood from @Algo_Logic_Inc 
on #theCUBE from #SC17
https://t.co/0PQCmSIH6Z
Sponsored by @Intel @IntelFPGA‚Ä¶ https://t.co/NuJAQZiMU7",RT @permedcoalition: ‚ÄúThe drug failed but it didn‚Äôt fail me!‚Äù @bryceolson from @intel was a perfect match for a #PersonalizedMedicine to ta‚Ä¶,"RT @NiftyEducation: #Intel (@intel) introduced its first single chip microprocessor #Intel4004, #OnthisDay in 1971 https://t.co/V39IB9bRWM",RT @Inteliot: How a new generation of emerging technologies is changing the future of retail. #IoT @Intel https://t.co/UUnsOeUASW https://t‚Ä¶,RT @intel: Meet the Intel Falcon 8+ commercial drone pilot who helped first responders after California‚Äôs Sonoma County fires. https://t.co‚Ä¶,.@BankofAmerica Expands Its Use of Biometrics with @Intel Hardware-Based Security Technologies: https://t.co/do8biK8f1c,"RT @NiftyEducation: #Intel (@intel) introduced its first single chip microprocessor #Intel4004, #OnthisDay in 1971 https://t.co/V39IB9bRWM","RT @NiftyEducation: #Intel (@intel) introduced its first single chip microprocessor #Intel4004, #OnthisDay in 1971 https://t.co/V39IB9bRWM",Webinar: Join us and partner @Intel as we share real use cases from hospitals that applied predictive analytics. Re‚Ä¶ https://t.co/JYsm4fcLZP,RT @Inteliot: .@claychristensen joins @Intel‚Äôs @IMJB2U to discuss making remote care the standard of care. #Connect2Health #IoT https://t.c‚Ä¶,RT @intel: Our mission: Use Intel drones to spot polar bears in the arctic landscape. https://t.co/cU5Qh3h5gd,@Leavaris LOL. Not sure what @Intel was thinking when they made this - or why they even decided to make a controller in the first place...!,Our Real Life Justice League:  Women in Tech https://t.co/FWh4Q1jNEi @nutanix @intel,RT @permedcoalition: ‚ÄúThe drug failed but it didn‚Äôt fail me!‚Äù @bryceolson from @intel was a perfect match for a #PersonalizedMedicine to ta‚Ä¶,RT @intel: Our mission: Use Intel drones to spot polar bears in the arctic landscape. https://t.co/cU5Qh3h5gd,"RT @49ers: Highlights are even better in 360¬∫.

Watch the freeD powered by @intel highlight: https://t.co/JXo2nFrd6R",RT @intel: Give a new computer powered by the 8th Gen Intel Core and they‚Äôll be VR ready. https://t.co/suGKbueLRP https://t.co/sgmaARvF4E,"Bill Jenkins from Intel 
on #theCUBE from #SC17
https://t.co/eBt4n0qDBY
Sponsored by @Intel @IntelFPGA #IntelHPC‚Ä¶ https://t.co/7t3nFVGOP1","Susan Bobholz @sbobholz @Intel
on #theCUBE from #SC17
https://t.co/mA5WRcp2uP 
Sponsored by @Intel @IntelFPGA‚Ä¶ https://t.co/a8kefmV0rn","I don't think this is how GUID are supposed to be generated üòâ

Out of the box on my 
@intel Compute Stick with‚Ä¶ https://t.co/5nW265qgnl",RT @intel: Are drones the next frontier for polar bear research? We‚Äôre on a mission to find out: https://t.co/XNiXoDpcGA https://t.co/mIP7z‚Ä¶,"RT @intel: Our planet's climate is quickly changing, and animals like the polar bear are struggling to adapt. With Intel #drones in tow, we‚Ä¶",@surface @intel Are you concerned about the no thunderbolt compatibility? Assuming you have this for a few years?,RT @IntelHPC: #SC17 learns about painless petaflops with @JuliaComputing. See how they are accelerating the #AI revolution with @Intel: htt‚Ä¶,RT @permedcoalition: ‚ÄúThe drug failed but it didn‚Äôt fail me!‚Äù @bryceolson from @intel was a perfect match for a #PersonalizedMedicine to ta‚Ä¶,RT @intel: Give a new computer powered by 8th Gen Intel Core and they‚Äôll get up to 2.8X faster graphics https://t.co/suGKbueLRP https://t.c‚Ä¶,"Jim Wu @jimwu88 @FalconComputing 
on #theCUBE from #SC17
https://t.co/5mYN8HTSt0 
Sponsored by @Intel @IntelFPGA‚Ä¶ https://t.co/XWSskXkHqk",@tomshardware @intel Nice to see a 4-core-CPU with open multiplier in the price range of a #Corei3!,"Stephane Monboisset from @Accelize
on #theCUBE from #SC17
https://t.co/enesYHTWHc 
Sponsored by @Intel @IntelFPGA‚Ä¶ https://t.co/SXSkpDlUus",RT @permedcoalition: ‚ÄúThe drug failed but it didn‚Äôt fail me!‚Äù @bryceolson from @intel was a perfect match for a #PersonalizedMedicine to ta‚Ä¶,RT @intel: Are drones the next frontier in climate research? We‚Äôre heading to the arctic to find out. https://t.co/qwgG0dltoX,"Not All iPhone Xs Use the Same Modem, and They Perform Differently. 
The company started using two different modems‚Ä¶ https://t.co/DiyiGPPVOc",RT @DellHPC: Have questions or want to see the new @DellEMC #PowerEdge #C4140 with @Intel processors? Be sure to stop by the @DellEMC booth‚Ä¶,"RT @WendyMPfeiffer: Honored to co-write this post with @RachelMushahwar from @Intel. 
Our Real Life Justice League:  Women in Tech https://‚Ä¶",RT @intel: Are drones the next frontier for polar bear research? We‚Äôre on a mission to find out: https://t.co/XNiXoDpcGA https://t.co/mIP7z‚Ä¶,RT @permedcoalition: ‚ÄúThe drug failed but it didn‚Äôt fail me!‚Äù @bryceolson from @intel was a perfect match for a #PersonalizedMedicine to ta‚Ä¶,"John Lockwood from @Algo_Logic_Inc 
on #theCUBE from #SC17
https://t.co/0PQCmSr5Ip
Sponsored by @Intel @IntelFPGA‚Ä¶ https://t.co/8usHPVsiOD",Oracle #IaaS announces new @Intel &amp; @NVIDIA-based compute instances to deliver unmatched performance...‚Ä¶ https://t.co/cIWV1cEyPa,RT @permedcoalition: ‚ÄúThe drug failed but it didn‚Äôt fail me!‚Äù @bryceolson from @intel was a perfect match for a #PersonalizedMedicine to ta‚Ä¶,‚ÄúThe drug failed but it didn‚Äôt fail me!‚Äù @bryceolson from @intel was a perfect match for a #PersonalizedMedicine to‚Ä¶ https://t.co/shay2lt4mJ,"Bill Jenkins from @Intel
on #theCUBE from #SC17
https://t.co/OaGOSzzFwh
Sponsored by @Intel @IntelFPGA 
#Nasdaq‚Ä¶ https://t.co/1xbYN4ZekT",RT @IntelHPC: #SC17 learns about painless petaflops with @JuliaComputing. See how they are accelerating the #AI revolution with @Intel: htt‚Ä¶,"RT @49ers: Highlights are even better in 360¬∫.

Watch the freeD powered by @intel highlight: https://t.co/JXo2nFrd6R",Thanks @ricktreed @intel for helping me grade my students' final project presentations @UCSCExtension #SocialMedia‚Ä¶ https://t.co/W6zLy5xSdN,"Bernhard Friebe from @Intel
on #theCUBE from #SC17
https://t.co/xDiVHk9IZi
Sponsored by @Intel @IntelFPGA 
#Nasdaq‚Ä¶ https://t.co/CraPBp24sM",RT @astropreneursHQ: Why Artificial Intelligence Matters in Space? @intel @nasa_fdl @NewSpaceEurope #NewSpaceEurope https://t.co/9wU3fVueG9,RT @kentwimmer: Final day here at #SC17. Here‚Äôs the @SUSE theater schedule for the day. @SingularityApp  @intel @lenovo @Grid_Engine https:‚Ä¶,RT @intel: Our mission: Use Intel drones to spot polar bears in the arctic landscape. https://t.co/cU5Qh3h5gd,RT @intel: Are drones the next frontier for polar bear research? We‚Äôre on a mission to find out: https://t.co/XNiXoDpcGA https://t.co/mIP7z‚Ä¶,"RT @FKHealth: ""Data sharing isn‚Äôt the answer to everything, but data hording is the answer to nothing."" @bryceolson @intel #PMConf #Sequenc‚Ä¶","RT @Inteliot: Smart Cities can learn dynamically, are safer, have less traffic with CityIQ. @Intel @GE_Digital #GEMM17 #IIoT https://t.co/p‚Ä¶",RT @intel: Are drones the next frontier for polar bear research? We‚Äôre on a mission to find out: https://t.co/XNiXoDpcGA https://t.co/mIP7z‚Ä¶,"""Data sharing isn‚Äôt the answer to everything, but data hording is the answer to nothing."" @bryceolson @intel #PMConf #SequenceMe",@bryceolson @intel Moving story Stage IV Cancer resistance to Standard of Care. Mutant Pi3K needed an inhibitor dev‚Ä¶ https://t.co/GA4mTPHyIJ,RT @intel: Cut back. freeD‚Ñ¢ highlights let you see every side of the play.,"""Demand genomic sequencing because genomic sequencing may open a new door to fighting cancer."" Inspirational words‚Ä¶ https://t.co/FhMLHRvmik",RT @surface: The new #SurfaceBook2. All-day battery &amp; the latest gen @intel processors for powerhouse performance. Buy yours now. https://t‚Ä¶,@TROGAHOLIC @bitwitkyle @EKWaterBlocks @ASUS_ROG @intel @Phanteks That‚Äôs what she said,RT @intel: Are drones the next frontier for polar bear research? We‚Äôre on a mission to find out: https://t.co/XNiXoDpcGA https://t.co/mIP7z‚Ä¶,RT @intel: Our mission: Use Intel drones to spot polar bears in the arctic landscape. https://t.co/cU5Qh3h5gd,Hearing from a patient @bryceolson that was directly impacted and here today because of precision medicine. #PMconf‚Ä¶ https://t.co/UI57SePN8G,"Inspiring presentation by Stage 4 prostate cancer patient @bryceolson of @intel, genomic sequencing led to finding‚Ä¶ https://t.co/9k4Ty00LfF","RT @intel: Our planet's climate is quickly changing, and animals like the polar bear are struggling to adapt. With Intel #drones in tow, we‚Ä¶",RT @surface: The new #SurfaceBook2. All-day battery &amp; the latest gen @intel processors for powerhouse performance. Buy yours now. https://t‚Ä¶,RT @surface: The new #SurfaceBook2. All-day battery &amp; the latest gen @intel processors for powerhouse performance. Buy yours now. https://t‚Ä¶,RT @intel: Our mission: Use Intel drones to spot polar bears in the arctic landscape. https://t.co/cU5Qh3h5gd,RT @intel: Are drones the next frontier in climate research? We‚Äôre heading to the arctic to find out. https://t.co/qwgG0dltoX,Aicha Evans (around 12:00) and Fei Fei Li (16:00-45:00) are amazing üôÇ at this year's Grace Hopper Conference‚Ä¶ https://t.co/11emFea8WD,RT @DiaMariesbeat: .@intel is launching a new family of #5G modems expected to hit commercial devices in 2019. The latest: https://t.co/ARk‚Ä¶,RT @surface: The new #SurfaceBook2. All-day battery &amp; the latest gen @intel processors for powerhouse performance. Buy yours now. https://t‚Ä¶,@surface @intel What about fixing old stuff for customers screeming for a fix instead of pushing new versions?‚Ä¶ https://t.co/8sUdHb5P0a,.@intel is launching a new family of #5G modems expected to hit commercial devices in 2019. The latest: https://t.co/ARkkT7WiMX,"RT @googlecloud: Forecast the weather using @intel NUC gateway, @TensorFlow &amp; #ML Engine. Register for the webinar to learn how ‚Üí https://t‚Ä¶",RT @intel: Cut back. freeD‚Ñ¢ highlights let you see every side of the play.,"RT @techreview: There‚Äôs one good reason to think this startup might be able to beat @IBM, @Google, @Microsoft, and @Intel at bringing quant‚Ä¶",RT @surface: The new #SurfaceBook2. All-day battery &amp; the latest gen @intel processors for powerhouse performance. Buy yours now. https://t‚Ä¶,RT @intel: Are drones the next frontier in climate research? We‚Äôre heading to the arctic to find out. https://t.co/qwgG0dltoX,RT @intel: Are drones the next frontier for polar bear research? We‚Äôre on a mission to find out: https://t.co/XNiXoDpcGA https://t.co/mIP7z‚Ä¶,"Jim Wu from @FalconComputing 
on #theCUBE from #SC17
https://t.co/5mYN8IbtRA
Sponsored by @IntelFPGA @intel‚Ä¶ https://t.co/Cu36Pfj9mf","So @intel is doing everything to make people move to @AMDRyzen, Coffe Lake not working on Z270 or Z170 MB is comple‚Ä¶ https://t.co/QIGkx0sq7c",RT @intel: Our mission: Use Intel drones to spot polar bears in the arctic landscape. https://t.co/cU5Qh3h5gd,"RT @phoronix: The @Intel #Optane #SSD 900P Offers Stunning #Linux Performance, Tested In An #EPYC @Tyan @AMDServer https://t.co/O5tw8Ashph‚Ä¶","RT @Kzalan: New conflict minerals rankings from @EnoughProject say @Apple, Alphabet (@Google ), @HP, @Microsoft, and @intel are companies l‚Ä¶","RT @OracleIaaS: New @Intel &amp; @NVIDIA-based compute instances deliver unmatched performance for HPC, AI &amp; enterprise apps #SC17 https://t.co‚Ä¶",RT @intel: Deep shot. freeD‚Ñ¢ highlights let you see every side of the play.,RT @SeansVoices: And here. We. Go. First new build in about 6 years. @TEAMEVGA @AcerAmerica @intel https://t.co/9kepU2OPNf,RT @intel: We teamed up with Pikazo AI to create a new photo booth experience that turns your selfie into a work of art. #ComplexCon #Intel‚Ä¶,RT @intel: Learn how drone film festivals like @FRiFFest inspired @InvaSla to capture the world's most enchanting places. https://t.co/hcLr‚Ä¶,"RT @intel: Our planet's climate is quickly changing, and animals like the polar bear are struggling to adapt. With Intel #drones in tow, we‚Ä¶","RT @OracleIaaS: New @Intel &amp; @NVIDIA-based compute instances deliver unmatched performance for HPC, AI &amp; enterprise apps #SC17 https://t.co‚Ä¶","RT @OracleIaaS: New @Intel &amp; @NVIDIA-based compute instances deliver unmatched performance for HPC, AI &amp; enterprise apps #SC17 https://t.co‚Ä¶",Oracle #IaaS announces new @Intel &amp; @NVIDIA-based compute instances to deliver unmatched performance...‚Ä¶ https://t.co/4vLQ2Hmd0w,RT @surface: The new #SurfaceBook2. All-day battery &amp; the latest gen @intel processors for powerhouse performance. Buy yours now. https://t‚Ä¶,"RT @intel: Today we‚Äôre setting out to raise money for a great cause (@2ndharvest), by offering a VIP experience of the best tech - #AI, 5G,‚Ä¶","RT @intel: At a time when many bees are dying off, could the future of the global food supply rest on tiny flying robots? https://t.co/bBaJ‚Ä¶","RT @Inteliot: Smart Cities can learn dynamically, are safer, have less traffic with CityIQ. @Intel @GE_Digital #GEMM17 #IIoT https://t.co/p‚Ä¶",RT @intel: Are drones the next frontier for polar bear research? We‚Äôre on a mission to find out: https://t.co/XNiXoDpcGA https://t.co/mIP7z‚Ä¶,"@surface @intel Why 15"" is only in US ? We need it in Europe too üòê","Come hear me in 10 min(11:15) give a talk on @wekaio at @HPE_HPC @HPE booth 925 at @Supercomputing 

There will be‚Ä¶ https://t.co/YcBwBnzRmx",RT @intel: Are drones the next frontier for polar bear research? We‚Äôre on a mission to find out: https://t.co/XNiXoDpcGA https://t.co/mIP7z‚Ä¶,"RT @intel: Our planet's climate is quickly changing, and animals like the polar bear are struggling to adapt. With Intel #drones in tow, we‚Ä¶","RT @ScumGame: Big shoutout to VenturaBeat on a nice article on SCUM.

Also big thanks to our partners at @intel for making it happen!!

#in‚Ä¶",RT @surface: The new #SurfaceBook2. All-day battery &amp; the latest gen @intel processors for powerhouse performance. Buy yours now. https://t‚Ä¶,RT @intel: Are drones the next frontier in climate research? We‚Äôre heading to the arctic to find out. https://t.co/qwgG0dltoX,@surface That sweet new @intel quad core CPUs and @nvidia GTX graphics! Best performance combo üëç,RT @intel: Are drones the next frontier for polar bear research? We‚Äôre on a mission to find out: https://t.co/XNiXoDpcGA https://t.co/mIP7z‚Ä¶,"RT @OracleIaaS: New @Intel &amp; @NVIDIA-based compute instances deliver unmatched performance for HPC, AI &amp; enterprise apps #SC17 https://t.co‚Ä¶",RT @kentwimmer: Final day here at #SC17. Here‚Äôs the @SUSE theater schedule for the day. @SingularityApp  @intel @lenovo @Grid_Engine https:‚Ä¶,Final day here at #SC17. Here‚Äôs the @SUSE theater schedule for the day. @SingularityApp  @intel @lenovo @Grid_Engine https://t.co/lG2YjXy57r,RT @intel: Our mission: Use Intel drones to spot polar bears in the arctic landscape. https://t.co/cU5Qh3h5gd,"#CorporateDiplomat @sfallender @intel in @globascan interview highlights that ""the next big thing"" is integration a‚Ä¶ https://t.co/iFzlNl40EH",". @Intel And @AMD To Create Chip Boards To Fight With @Nvidia, comments by @PatrickMoorhead https://t.co/6de8kGKmYm https://t.co/SXP0wmgebI",RT @intel: Toe tap. freeD‚Ñ¢ highlights let you see every side of the play.,RT @intel: Are drones the next frontier in climate research? We‚Äôre heading to the arctic to find out. https://t.co/qwgG0dltoX,"RT @phoronix: The @Intel #Optane #SSD 900P Offers Stunning #Linux Performance, Tested In An #EPYC @Tyan @AMDServer https://t.co/O5tw8Ashph‚Ä¶",RT @intel: Our mission: Use Intel drones to spot polar bears in the arctic landscape. https://t.co/cU5Qh3h5gd,"Give @intel, get amazing. The latest @byVoxCreative work is live. Presenting The Get Guide. https://t.co/z8WDlD4JR5 https://t.co/QrmrDF0ky0",RT @intel: Cut back. freeD‚Ñ¢ highlights let you see every side of the play.,RT @intel: Are drones the next frontier for polar bear research? We‚Äôre on a mission to find out: https://t.co/XNiXoDpcGA https://t.co/mIP7z‚Ä¶,"RT @intel: Today we‚Äôre setting out to raise money for a great cause (@2ndharvest), by offering a VIP experience of the best tech - #AI, 5G,‚Ä¶",RT @intel: Cut back. freeD‚Ñ¢ highlights let you see every side of the play.,"RT @stshank: .@intel has made a #5G phone call with its prototype XMM 8060 ""Gold Ridge"" 2019 chip. And it's got gigabit LTE working on its‚Ä¶",RT @intel: Give a new computer powered by 8th Gen Intel Core and they‚Äôll get up to 2.8X faster graphics https://t.co/suGKbueLRP https://t.c‚Ä¶,RT @UnderminerLLC: Bryan Pruden of @careinnovations on taking the pain out of remote care. @Intel #Connect2Health #IoT https://t.co/BE7FL2Z‚Ä¶,RT @paulgerrard1971: It‚Äôs great for @coopuk to be in the company of @Adidas @ca_europe and @Intel in being awarded the Stop Slavery Award h‚Ä¶,"RT @paulgerrard1971: @TR_Foundation have awarded four Stop Slavery Awards @trustconf to C&amp;A, @adidas @intel and @coopuk recognising the glo‚Ä¶",RT @intel: Are drones the next frontier for polar bear research? We‚Äôre on a mission to find out: https://t.co/XNiXoDpcGA https://t.co/mIP7z‚Ä¶,RT @surface: The new #SurfaceBook2. All-day battery &amp; the latest gen @intel processors for powerhouse performance. Buy yours now. https://t‚Ä¶,RT @intel: Are drones the next frontier for polar bear research? We‚Äôre on a mission to find out: https://t.co/XNiXoDpcGA https://t.co/mIP7z‚Ä¶,".@intel has made a #5G phone call with its prototype XMM 8060 ""Gold Ridge"" 2019 chip. And it's got gigabit LTE work‚Ä¶ https://t.co/2PFPs7X4FL",5G is here!  @intel leading the way for next gen #Communication https://t.co/83aHQqr1Sd,"@SeansVoices @TEAMEVGA @AcerAmerica @intel Very nice!  I have come to love water-cooling over air, but that's a per‚Ä¶ https://t.co/7OOgKXhC8K",RT @intel: Our mission: Use Intel drones to spot polar bears in the arctic landscape. https://t.co/cU5Qh3h5gd,Bryan Pruden of @careinnovations on taking the pain out of remote care. @Intel #Connect2Health #IoT‚Ä¶ https://t.co/3JbArqu4s1,@intel and Peggy discuss preconstruction and surveying tasks @ConstructechTV. https://t.co/SmsHhBt6nt #construction,RT @intel: Our mission: Use Intel drones to spot polar bears in the arctic landscape. https://t.co/cU5Qh3h5gd,RT @allianceintl: Honored to be selected by @intel to partner with them for Intel Unite. See @thehovercam Dell booth #CETPA @CETPA https://‚Ä¶,RT @surface: The new #SurfaceBook2. All-day battery &amp; the latest gen @intel processors for powerhouse performance. Buy yours now. https://t‚Ä¶,RT @BizTechMagazine: #IoT can be a problem solver or a major disruptor. Which do you choose? @Intel #BigData https://t.co/KJ2E6I1B8u,RT @intel: Our mission: Use Intel drones to spot polar bears in the arctic landscape. https://t.co/cU5Qh3h5gd,RT @surface: The new #SurfaceBook2. All-day battery &amp; the latest gen @intel processors for powerhouse performance. Buy yours now. https://t‚Ä¶,@AustinHopkins44 @intel Close but we‚Äôre just gonna have to see. IÔ∏è got a couple of the first steps done so I‚Äôll be‚Ä¶ https://t.co/ktjpnUXdnM,#IoT can be a problem solver or a major disruptor. Which do you choose? @Intel #BigData https://t.co/KJ2E6I1B8u,.@scorestream adds funding from @intel as their platform expands globally!  Congrats! https://t.co/NlEGWRYtGs https://t.co/c4n7cSCQUP,"RT @intel: Our planet's climate is quickly changing, and animals like the polar bear are struggling to adapt. With Intel #drones in tow, we‚Ä¶",RT @intel: Our mission: Use Intel drones to spot polar bears in the arctic landscape. https://t.co/cU5Qh3h5gd,RT @surface: The new #SurfaceBook2. All-day battery &amp; the latest gen @intel processors for powerhouse performance. Buy yours now. https://t‚Ä¶,Honored to be selected by @intel to partner with them for Intel Unite. See @thehovercam Dell booth #CETPA @CETPA https://t.co/lIRh7bhkgE,RT @surface: The new #SurfaceBook2. All-day battery &amp; the latest gen @intel processors for powerhouse performance. Buy yours now. https://t‚Ä¶,RT @GlobeScan: .@sfallender of @Intel explains their approach to corporate responsibility in interview w/ @jimatglobescan:¬†https://t.co/0Ta‚Ä¶,RT @KingJames: Unbelievable tech. S/o to all the incredible men &amp; women @intel. STEM edu more important now than it‚Äôs ever been!! #strivefo‚Ä¶,"RT @CICSaudi: Esther Baldwin, #ArtificialIntelligence Strategist for @Intel, at #SaudiArabia's @MiskGlobalForum: I think it's an extremely‚Ä¶",@intel @coblentz_j  uh oh,.@sfallender of @Intel explains their approach to corporate responsibility in interview w/ @jimatglobescan:¬†‚Ä¶ https://t.co/LlPrynKwuo,@NeweggService Any reason for the markups? E5-2620v3 were 429.99 at launch and are now $514.34????? Also way above‚Ä¶ https://t.co/uA5BAr7mFo,"RT @bitwitkyle: Too much win is happening right now and I can't even!
@EKWaterBlocks @ASUS_ROG @intel @Phanteks #elitebuild https://t.co/Zf‚Ä¶",RT @intel: Are drones the next frontier in climate research? We‚Äôre heading to the arctic to find out. https://t.co/qwgG0dltoX,"RT @49ers: Highlights are even better in 360¬∫.

Watch the freeD powered by @intel highlight: https://t.co/JXo2nFrd6R","RT @intel: At a time when many bees are dying off, could the future of the global food supply rest on tiny flying robots? https://t.co/bBaJ‚Ä¶","RT @intel: Are drones the next frontier in climate research?
We‚Äôre heading to the arctic to find out. https://t.co/ySle49kdEy","RT @49ers: This one meant more than just 6 points. 

Watch how Marquise Goodwin was able to get open for the memorable touchdown. @intel hi‚Ä¶",There's nothing artificial about this intelligence! Analyst: @Intel's investments in #AI could boost stock by 20%‚Ä¶ https://t.co/Ftr83JCYmL,"RT @CRN: The 2017 Tech Innovator Awards: Editor's Choice Winners - @FireEye Helix and @Intel X-series https://t.co/OsUggF6S1r
#CRNInnovator‚Ä¶",RT @NXP: NXP congratulates @adidas @ca_europe @coopuk and @intel - Winners of the 2017 @TR_Foundation Stop Slavery Awards. Great to see mor‚Ä¶,"Happy belated 46th birthday, @Intel 4004 microprocessor! | EDN https://t.co/XrYw9VX7RX via @edncom",Turner Sports and Intel announce multiyear partnership to bring virtual reality to NBA fans - ICX Association https://t.co/2YV3Cv3L4L @intel,RT @SYNNEX: The eye of the IOT storm is captured w/ @Intel inside of @LenovoChannelNA devices! The ordinary has become extraordinary @SYNNE‚Ä¶,RT @intel: Are drones the next frontier in climate research? We‚Äôre heading to the arctic to find out. https://t.co/qwgG0dltoX,RT @intel: Are drones the next frontier in climate research? We‚Äôre heading to the arctic to find out. https://t.co/qwgG0dltoX,RT @SYNNEX: The eye of the IOT storm is captured w/ @Intel inside of @LenovoChannelNA devices! The ordinary has become extraordinary @SYNNE‚Ä¶,"@intel Sorry, I‚Äôm not watching anything NFL this season.",RT @intel: Are drones the next frontier in climate research? We‚Äôre heading to the arctic to find out. https://t.co/qwgG0dltoX,RT @Inteliot: Edge-to-cloud #IoT tech provides exciting opps: enriching teaching + new ways to stimulate student minds. @Intel https://t.co‚Ä¶,RT @surface: The new #SurfaceBook2. All-day battery &amp; the latest gen @intel processors for powerhouse performance. Buy yours now. https://t‚Ä¶,RT @intel: Are drones the next frontier in climate research? We‚Äôre heading to the arctic to find out. https://t.co/qwgG0dltoX,".@intel Introduces Portfolio of Commercial 5G New Radio Modems, Extends LTE Roadmap With Intel¬Æ... | Business Wire https://t.co/t07CJTqyA7",RT @intel: Are drones the next frontier for polar bear research? We‚Äôre on a mission to find out: https://t.co/XNiXoDpcGA https://t.co/mIP7z‚Ä¶,"RT @intel: At a time when many bees are dying off, could the future of the global food supply rest on tiny flying robots? https://t.co/bBaJ‚Ä¶",RT @intel: Are drones the next frontier in climate research? We‚Äôre heading to the arctic to find out. https://t.co/qwgG0dltoX,"RT @Viral_B_Shah: . @KenoFischer is speaking on Celeste in the @Intel theatre at @Supercomputing. 0.65M cores, 56 TB of data, Cori - world'‚Ä¶",RT @intel: Are drones the next frontier for polar bear research? We‚Äôre on a mission to find out: https://t.co/XNiXoDpcGA https://t.co/mIP7z‚Ä¶,"RT @Zones: Join Zones, @HPE  and @intel  in Seattle, WA on Thursday, December 7th  to discuss HPE SimpliVity and Synergy Composable: https:‚Ä¶",RT @intel: Are drones the next frontier in climate research? We‚Äôre heading to the arctic to find out. https://t.co/qwgG0dltoX,Out article on the @Samsung/@Intel #semiconductor market share battle resulted in a story on @DigitimesDotCom‚Ä¶ https://t.co/PZhDz7D3j2,"RT @intel: At a time when many bees are dying off, could the future of the global food supply rest on tiny flying robots? https://t.co/bBaJ‚Ä¶","Today's teens are surrounded by #tech, yet there is a growing shortage of students that understand &amp; pursue‚Ä¶ https://t.co/UUpQknoj7e",RT @_martasaez: Gran ejemplo de @intel con Lady Gaga @AGV_78 Con Bowie y Heroes @OMD_Spain insights ideas results and rock n roll üòç #ForoBr‚Ä¶,Intel is moving faster than ever on diversity and inclusion goals. @Intel @bkrunner https://t.co/j6Hk43EfAa #IamIntel,RT @intel: Are drones the next frontier in climate research? We‚Äôre heading to the arctic to find out. https://t.co/qwgG0dltoX,RT @SYNNEX: The eye of the IOT storm is captured w/ @Intel inside of @LenovoChannelNA devices! The ordinary has become extraordinary @SYNNE‚Ä¶,"RT @intel: Our planet's climate is quickly changing, and animals like the polar bear are struggling to adapt. With Intel #drones in tow, we‚Ä¶",RT @intel: Our mission: Use Intel drones to spot polar bears in the arctic landscape. https://t.co/cU5Qh3h5gd,@intel I already checked. I contacted to Gigabyte Manufacturer but they won't solve this issue. Is there a processor problem,Another order this morning. Found an @intel i7-8700K in stock and snatched it up and grabbed some of the new‚Ä¶ https://t.co/vzCZMo3YLt,RT @SYNNEX: The eye of the IOT storm is captured w/ @Intel inside of @LenovoChannelNA devices! The ordinary has become extraordinary @SYNNE‚Ä¶,RT @intel: Our mission: Use Intel drones to spot polar bears in the arctic landscape. https://t.co/cU5Qh3h5gd,RT @surface: The new #SurfaceBook2. All-day battery &amp; the latest gen @intel processors for powerhouse performance. Buy yours now. https://t‚Ä¶,"* @Dell 5520 LAPTOP WINNER ANNOUNCED*
Every year we give all attendees of our @SOLIDWORKS Launch events the chance‚Ä¶ https://t.co/Edq77Sx46q",RT @surface: The new #SurfaceBook2. All-day battery &amp; the latest gen @intel processors for powerhouse performance. Buy yours now. https://t‚Ä¶,RT @49ers: His first career rushing TD is even better in freeD powered by @intel. See @MattBreida score via multiple high-resolution camera‚Ä¶,RT @surface: The new #SurfaceBook2. All-day battery &amp; the latest gen @intel processors for powerhouse performance. Buy yours now. https://t‚Ä¶,RT @surface: The new #SurfaceBook2. All-day battery &amp; the latest gen @intel processors for powerhouse performance. Buy yours now. https://t‚Ä¶,@intel introduces a portfolio of commercial #5G new radio modems and extends the #LTE roadmap with the INTEL¬Æ XMM‚Ñ¢‚Ä¶ https://t.co/KDkd9YmMUz,".@intel and the Korea Telecom Corp. are debuting a 5G infrastructure at the 2018 #WinterOlympics.

https://t.co/C47ApJWQm5",@intel Wouldn't the drones scare the bears? ü§î,RT @intel: Our mission: Use Intel drones to spot polar bears in the arctic landscape. https://t.co/cU5Qh3h5gd,RT @surface: The new #SurfaceBook2. All-day battery &amp; the latest gen @intel processors for powerhouse performance. Buy yours now. https://t‚Ä¶,RT @surface: The new #SurfaceBook2. All-day battery &amp; the latest gen @intel processors for powerhouse performance. Buy yours now. https://t‚Ä¶,The eye of the IOT storm is captured w/ @Intel inside of @LenovoChannelNA devices! The ordinary has become extraord‚Ä¶ https://t.co/FDCk72HxUV,RT @intel: Are drones the next frontier for polar bear research? We‚Äôre on a mission to find out: https://t.co/XNiXoDpcGA https://t.co/mIP7z‚Ä¶,RT @intel: Thank you to everyone who came out to the Intel booth at #ComplexCon this year! https://t.co/eb7bWIOQOK,"RT @intel: We‚Äôre live! Learn how we‚Äôre bringing an Esports showdown unlike any other to PyeongChang in Feb 2018. #Olympics
https://t.co/FT2‚Ä¶","RT @intel: See how designer, coder Robyn Tong Gray @OtherWorldVR strikes emotional chords in #VR. https://t.co/mNEXfqcaHG #SHEOWNSIT https:‚Ä¶",RT @intel: See how @NFL and Intel put fans in the action with new #VR post-game experiences for 5 games from the 2017 season. https://t.co/‚Ä¶,"RT @intel: Our planet's climate is quickly changing, and animals like the polar bear are struggling to adapt. With Intel #drones in tow, we‚Ä¶","RT @intel: Today we‚Äôre setting out to raise money for a great cause (@2ndharvest), by offering a VIP experience of the best tech - #AI, 5G,‚Ä¶","RT @intel: At a time when many bees are dying off, could the future of the global food supply rest on tiny flying robots? https://t.co/bBaJ‚Ä¶","@ifiranthezoo2 @intel Hi Gerald, please contact sales@coolitsystems.com",Lucky @Intel ‚Äî looks like its embarrassing #Minix revelations (and the implications for #privacy #security‚Ä¶ https://t.co/h7vcoGWoNl,RT @surface: The new #SurfaceBook2. All-day battery &amp; the latest gen @intel processors for powerhouse performance. Buy yours now. https://t‚Ä¶,@chrisrweeks @intel Yeah. That's one thing.  But I noticed that there are shades of white in the polar bear and the‚Ä¶ https://t.co/FB9tRrMahb,RT @intel: Are drones the next frontier for polar bear research? We‚Äôre on a mission to find out: https://t.co/XNiXoDpcGA https://t.co/mIP7z‚Ä¶,RT @surface: The new #SurfaceBook2. All-day battery &amp; the latest gen @intel processors for powerhouse performance. Buy yours now. https://t‚Ä¶,RT @intel: Are drones the next frontier in climate research? We‚Äôre heading to the arctic to find out. https://t.co/qwgG0dltoX,RT @intel: Our mission: Use Intel drones to spot polar bears in the arctic landscape. https://t.co/cU5Qh3h5gd,RT @intel: Our mission: Use Intel drones to spot polar bears in the arctic landscape. https://t.co/cU5Qh3h5gd,RT @surface: The new #SurfaceBook2. All-day battery &amp; the latest gen @intel processors for powerhouse performance. Buy yours now. https://t‚Ä¶,"RT @OracleIaaS: New @Intel &amp; @NVIDIA-based compute instances deliver unmatched performance for HPC, AI &amp; enterprise apps #SC17 https://t.co‚Ä¶",Every company needs an AI strategy or it will be left behind - ICX Association https://t.co/8yVohESLgA @intel,RT @intel: Are drones the next frontier in climate research? We‚Äôre heading to the arctic to find out. https://t.co/qwgG0dltoX,RT @surface: The new #SurfaceBook2. All-day battery &amp; the latest gen @intel processors for powerhouse performance. Buy yours now. https://t‚Ä¶,"RT @intel: Our planet's climate is quickly changing, and animals like the polar bear are struggling to adapt. With Intel #drones in tow, we‚Ä¶",RT @surface: The new #SurfaceBook2. All-day battery &amp; the latest gen @intel processors for powerhouse performance. Buy yours now. https://t‚Ä¶,RT @intel: Our mission: Use Intel drones to spot polar bears in the arctic landscape. https://t.co/cU5Qh3h5gd,"RT @49ers: Highlights are even better in 360¬∫.

Watch the freeD powered by @intel highlight: https://t.co/JXo2nFrd6R",@Rubik2k @Synology @intel Thanks @Rubik2k!  I opened a support ticket with them and am just waiting to hear back.‚Ä¶ https://t.co/I8zK0xCcS3,RT @intel: Our mission: Use Intel drones to spot polar bears in the arctic landscape. https://t.co/cU5Qh3h5gd,RT @intel: Our mission: Use Intel drones to spot polar bears in the arctic landscape. https://t.co/cU5Qh3h5gd,RT @_martasaez: Gran ejemplo de @intel con Lady Gaga @AGV_78 Con Bowie y Heroes @OMD_Spain insights ideas results and rock n roll üòç #ForoBr‚Ä¶,RT @intel: Are drones the next frontier for polar bear research? We‚Äôre on a mission to find out: https://t.co/XNiXoDpcGA https://t.co/mIP7z‚Ä¶,RT @intel: Our mission: Use Intel drones to spot polar bears in the arctic landscape. https://t.co/cU5Qh3h5gd,RT @surface: The new #SurfaceBook2. All-day battery &amp; the latest gen @intel processors for powerhouse performance. Buy yours now. https://t‚Ä¶,RT @intel: Our mission: Use Intel drones to spot polar bears in the arctic landscape. https://t.co/cU5Qh3h5gd,RT @intel: Deep shot. freeD‚Ñ¢ highlights let you see every side of the play.,RT @surface: The new #SurfaceBook2. All-day battery &amp; the latest gen @intel processors for powerhouse performance. Buy yours now. https://t‚Ä¶,RT @intel: Are drones the next frontier in climate research? We‚Äôre heading to the arctic to find out. https://t.co/qwgG0dltoX,RT @intel: Our mission: Use Intel drones to spot polar bears in the arctic landscape. https://t.co/cU5Qh3h5gd,"RT @intel: Are drones the next frontier in climate research?
We‚Äôre heading to the arctic to find out. https://t.co/ySle49kdEy","SteamVR Integration For Windows VR Headsets Goes Live Today
https://t.co/CHAfBBMh2z
@steam_games @Steam_Support‚Ä¶ https://t.co/tCiDRtltpa",RT @intel: Our mission: Use Intel drones to spot polar bears in the arctic landscape. https://t.co/cU5Qh3h5gd,"RT @49ers: Highlights are even better in 360¬∫.

Watch the freeD powered by @intel highlight: https://t.co/JXo2nFrd6R",Have some questions about eTraining at #AU2017? Try out GeT's award-winning Learning Management System on workstations powered by @HP @Intel,RT @49ers: His first career rushing TD is even better in freeD powered by @intel. See @MattBreida score via multiple high-resolution camera‚Ä¶,RT @surface: The new #SurfaceBook2. All-day battery &amp; the latest gen @intel processors for powerhouse performance. Buy yours now. https://t‚Ä¶,RT @StudioAtGizmodo: We partnered with @Intel to bring you some projects you can use to teach your kid some graphic design skills: https://‚Ä¶,RT @TweakTown: .@Intel's next-gen Z390: ready for Coffee Lake-S in 1H 2018 https://t.co/hP2LrBOk9D https://t.co/dGVQtwp6LC,@MotherJones @BASFCorporation @IRStaxpros @Inc @ibmdesign @IntelAI @Humana @intel @stevenmnuchin1 @DollarGeneral‚Ä¶ https://t.co/p2dZoSKOrB,"@Jan0707 @surface @intel In other countries, not only US",RT @intel: Are drones the next frontier in climate research? We‚Äôre heading to the arctic to find out. https://t.co/qwgG0dltoX,RT @surface: The new #SurfaceBook2. All-day battery &amp; the latest gen @intel processors for powerhouse performance. Buy yours now. https://t‚Ä¶,RT @surface: The new #SurfaceBook2. All-day battery &amp; the latest gen @intel processors for powerhouse performance. Buy yours now. https://t‚Ä¶,RT @surface: The new #SurfaceBook2. All-day battery &amp; the latest gen @intel processors for powerhouse performance. Buy yours now. https://t‚Ä¶,@VGCollectaholic @Synology @intel Open a support ticket at https://t.co/vZRV1hVUaM! üòâ,RT @tomshardware: ‚ñ∏ @Intel Core i3-8350K Review https://t.co/pCZ1hsrQSd,RT @LittleJulie: Excellent keynote by @geoffreyamoore at last night‚Äôs #ExpectMoore event by @intel @DellEMC @VMware #digital #girlboss http‚Ä¶,RT @surface: The new #SurfaceBook2. All-day battery &amp; the latest gen @intel processors for powerhouse performance. Buy yours now. https://t‚Ä¶,RT @intel: 2018 Olympic Winter Games. 2020 Technologies: Experience the Future of #5G at the Olympic Games with @Intel. https://t.co/eEyzuT‚Ä¶,RT @surface: The new #SurfaceBook2. All-day battery &amp; the latest gen @intel processors for powerhouse performance. Buy yours now. https://t‚Ä¶,RT @surface: The new #SurfaceBook2. All-day battery &amp; the latest gen @intel processors for powerhouse performance. Buy yours now. https://t‚Ä¶,RT @surface: The new #SurfaceBook2. All-day battery &amp; the latest gen @intel processors for powerhouse performance. Buy yours now. https://t‚Ä¶,RT @intel: Are drones the next frontier for polar bear research? We‚Äôre on a mission to find out: https://t.co/XNiXoDpcGA https://t.co/mIP7z‚Ä¶,RT @surface: The new #SurfaceBook2. All-day battery &amp; the latest gen @intel processors for powerhouse performance. Buy yours now. https://t‚Ä¶,RT @surface: The new #SurfaceBook2. All-day battery &amp; the latest gen @intel processors for powerhouse performance. Buy yours now. https://t‚Ä¶,"RT @intel: Our planet's climate is quickly changing, and animals like the polar bear are struggling to adapt. With Intel #drones in tow, we‚Ä¶","RT @OracleIaaS: New @Intel &amp; @NVIDIA-based compute instances deliver unmatched performance for HPC, AI &amp; enterprise apps #SC17 https://t.co‚Ä¶",RT @surface: The new #SurfaceBook2. All-day battery &amp; the latest gen @intel processors for powerhouse performance. Buy yours now. https://t‚Ä¶,RT @intel: Are drones the next frontier in climate research? We‚Äôre heading to the arctic to find out. https://t.co/qwgG0dltoX,"@Intel, @Aventyn collaborate on connected care https://t.co/kIZEMCMctf #hhtnews",RT @surface: The new #SurfaceBook2. All-day battery &amp; the latest gen @intel processors for powerhouse performance. Buy yours now. https://t‚Ä¶,RT @surface: The new #SurfaceBook2. All-day battery &amp; the latest gen @intel processors for powerhouse performance. Buy yours now. https://t‚Ä¶,RT @intel: Are drones the next frontier in climate research? We‚Äôre heading to the arctic to find out. https://t.co/qwgG0dltoX,@intel After they are spotted...what next?,RT @intel: Are drones the next frontier for polar bear research? We‚Äôre on a mission to find out: https://t.co/XNiXoDpcGA https://t.co/mIP7z‚Ä¶,RT @intel: Are drones the next frontier for polar bear research? We‚Äôre on a mission to find out: https://t.co/XNiXoDpcGA https://t.co/mIP7z‚Ä¶,"RT @intel: Our planet's climate is quickly changing, and animals like the polar bear are struggling to adapt. With Intel #drones in tow, we‚Ä¶",RT @Ron_M147: Thank you Gina Proctor of @intel in #Vietnam for talking to our @Ashland1YearMBA students about MNC's on the Vietnamese marke‚Ä¶,RT @TR_Foundation: .@adidas @coopuk @intel and @ca_europe win Stop Slavery Award https://t.co/xYasWeZHQT #trustconf17 https://t.co/X8Ga9MFC‚Ä¶,RT @intel: Are drones the next frontier for polar bear research? We‚Äôre on a mission to find out: https://t.co/XNiXoDpcGA https://t.co/mIP7z‚Ä¶,"RT @intel: Our planet's climate is quickly changing, and animals like the polar bear are struggling to adapt. With Intel #drones in tow, we‚Ä¶",RT @intel: Our mission: Use Intel drones to spot polar bears in the arctic landscape. https://t.co/cU5Qh3h5gd,RT @NXP: NXP congratulates @adidas @ca_europe @coopuk and @intel - Winners of the 2017 @TR_Foundation Stop Slavery Awards. Great to see mor‚Ä¶,"RT @paulgerrard1971: @TR_Foundation have awarded four Stop Slavery Awards @trustconf to C&amp;A, @adidas @intel and @coopuk recognising the glo‚Ä¶",@intel fuck polar bears research ducks,RT @intel: Long Distance. freeD‚Ñ¢ highlights let you see every side of the play.,RT @NXP: NXP congratulates @adidas @ca_europe @coopuk and @intel - Winners of the 2017 @TR_Foundation Stop Slavery Awards. Great to see mor‚Ä¶,RT @UnderminerLLC: #Flex is showing the future of healthcare as powered by @Intel HAP at the Innovation Lounge. #Connect2Health #IoT https:‚Ä¶,#Flex is showing the future of healthcare as powered by @Intel HAP at the Innovation Lounge. #Connect2Health #IoT‚Ä¶ https://t.co/2R6tOcQZkx,RT @TR_Foundation: .@adidas @coopuk @intel and @ca_europe win Stop Slavery Award https://t.co/xYasWeZHQT #trustconf17 https://t.co/X8Ga9MFC‚Ä¶,NXP congratulates @adidas @ca_europe @coopuk and @intel - Winners of the 2017 @TR_Foundation Stop Slavery Awards. G‚Ä¶ https://t.co/TZQTq9bUKA,RT @surface: The new #SurfaceBook2. All-day battery &amp; the latest gen @intel processors for powerhouse performance. Buy yours now. https://t‚Ä¶,"RT @BryanLunduke: Hey, cool.  Andrew Tanenbaum wrote a response to @Intel based on my article about MINIX.  Sweet.  :)

https://t.co/8QyEUO‚Ä¶",RT @intel: Are drones the next frontier in climate research? We‚Äôre heading to the arctic to find out. https://t.co/qwgG0dltoX,RT @surface: The new #SurfaceBook2. All-day battery &amp; the latest gen @intel processors for powerhouse performance. Buy yours now. https://t‚Ä¶,RT @astropreneursHQ: Why Artificial Intelligence Matters in Space? @intel @nasa_fdl @NewSpaceEurope #NewSpaceEurope https://t.co/9wU3fVueG9,@intel Getting #BlackMirror flashbacks,RT @Inteliot: The smart retailer deploys #IoT to empower employees &amp; engage in better customer service. @Intel https://t.co/CG78kceV2v http‚Ä¶,"RT @intel: Our planet's climate is quickly changing, and animals like the polar bear are struggling to adapt. With Intel #drones in tow, we‚Ä¶",RT @intel: Are drones the next frontier in climate research? We‚Äôre heading to the arctic to find out. https://t.co/qwgG0dltoX,RT @tomshardware: ‚ñ∏ @Intel Core i3-8350K Review https://t.co/pCZ1hsrQSd,RT @surface: The new #SurfaceBook2. All-day battery &amp; the latest gen @intel processors for powerhouse performance. Buy yours now. https://t‚Ä¶,RT @intel: Are drones the next frontier for polar bear research? We‚Äôre on a mission to find out: https://t.co/XNiXoDpcGA https://t.co/mIP7z‚Ä¶,RT @surface: The new #SurfaceBook2. All-day battery &amp; the latest gen @intel processors for powerhouse performance. Buy yours now. https://t‚Ä¶,RT @surface: The new #SurfaceBook2. All-day battery &amp; the latest gen @intel processors for powerhouse performance. Buy yours now. https://t‚Ä¶,RT @astropreneursHQ: Why Artificial Intelligence Matters in Space? @intel @nasa_fdl @NewSpaceEurope #NewSpaceEurope https://t.co/9wU3fVueG9,RT @surface: The new #SurfaceBook2. All-day battery &amp; the latest gen @intel processors for powerhouse performance. Buy yours now. https://t‚Ä¶,RT @intel: Our mission: Use Intel drones to spot polar bears in the arctic landscape. https://t.co/cU5Qh3h5gd,@surface @Windows @intel Winbug 10,@coolitsystems @intel yes. where can I buy 1?,RT @KieranG77: Adidas leads way as four companies win Stop Slavery Award https://t.co/fwmgnIorB5 @adidas @intel @coopuk @ca_europe @TR_Foun‚Ä¶,RT @surface: The new #SurfaceBook2. All-day battery &amp; the latest gen @intel processors for powerhouse performance. Buy yours now. https://t‚Ä¶,RT @surface: The new #SurfaceBook2. All-day battery &amp; the latest gen @intel processors for powerhouse performance. Buy yours now. https://t‚Ä¶,RT @tomshardware: ‚ñ∏ @Intel Core i3-8350K Review https://t.co/pCZ1hsrQSd,RT @tomshardware: ‚ñ∏ @Intel Core i3-8350K Review https://t.co/pCZ1hsrQSd,"RT @intel: Our planet's climate is quickly changing, and animals like the polar bear are struggling to adapt. With Intel #drones in tow, we‚Ä¶",RT @surface: The new #SurfaceBook2. All-day battery &amp; the latest gen @intel processors for powerhouse performance. Buy yours now. https://t‚Ä¶,@intel You can see from the original tweet that I tagged them too ü§¶üèª‚Äç‚ôÄÔ∏è,RT @surface: The new #SurfaceBook2. All-day battery &amp; the latest gen @intel processors for powerhouse performance. Buy yours now. https://t‚Ä¶,The new #SurfaceBook2. All-day battery &amp; the latest gen @intel processors for powerhouse performance. Buy yours now‚Ä¶ https://t.co/Hu8RJ9UG0J,RT @surface: The new #SurfaceBook2. All-day battery &amp; the latest gen @intel processors for powerhouse performance. Buy yours now. https://t‚Ä¶,RT @surface: The new #SurfaceBook2. All-day battery &amp; the latest gen @intel processors for powerhouse performance. Buy yours now. https://t‚Ä¶,RT @surface: The new #SurfaceBook2. All-day battery &amp; the latest gen @intel processors for powerhouse performance. Buy yours now. https://t‚Ä¶,RT @trustconf: .@adidas @coopuk @intel and @ca_europe win Stop Slavery Award https://t.co/jBdNDvJ4XO #trustconf17 https://t.co/RdEYgdT6n5,RT @TR_Foundation: .@adidas @coopuk @intel and @ca_europe win Stop Slavery Award https://t.co/xYasWeZHQT #trustconf17 https://t.co/X8Ga9MFC‚Ä¶,RT @surface: The new #SurfaceBook2. All-day battery &amp; the latest gen @intel processors for powerhouse performance. Buy yours now. https://t‚Ä¶,RT @surface: The new #SurfaceBook2. All-day battery &amp; the latest gen @intel processors for powerhouse performance. Buy yours now. https://t‚Ä¶,‚ñ∏ @Intel Core i3-8350K Review https://t.co/pCZ1hsrQSd,RT @surface: The new #SurfaceBook2. All-day battery &amp; the latest gen @intel processors for powerhouse performance. Buy yours now. https://t‚Ä¶,RT @surface: The new #SurfaceBook2. All-day battery &amp; the latest gen @intel processors for powerhouse performance. Buy yours now. https://t‚Ä¶,RT @surface: The new #SurfaceBook2. All-day battery &amp; the latest gen @intel processors for powerhouse performance. Buy yours now. https://t‚Ä¶,@surface @intel Need 15‚Äù version in Germany first ! :D,"RT @theCUBE: Stephane Monboisset from @Accelize
on #theCUBE from #SC17
https://t.co/bOo75d92Aw 
Sponsored by @Intel @IntelFPGA    
#Nasdaq‚Ä¶",RT @laurachite: At the #ttt event @intel @CIOEastAfrica @ashawil https://t.co/KCjETf85GX,At the #ttt event @intel @CIOEastAfrica @ashawil https://t.co/KCjETf85GX,RT @surface: The new #SurfaceBook2. All-day battery &amp; the latest gen @intel processors for powerhouse performance. Buy yours now. https://t‚Ä¶,RT @intel: Our mission: Use Intel drones to spot polar bears in the arctic landscape. https://t.co/cU5Qh3h5gd,RT @surface: The new #SurfaceBook2. All-day battery &amp; the latest gen @intel processors for powerhouse performance. Buy yours now. https://t‚Ä¶,RT @intel: Our mission: Use Intel drones to spot polar bears in the arctic landscape. https://t.co/cU5Qh3h5gd,RT @intel: Are drones the next frontier in climate research? We‚Äôre heading to the arctic to find out. https://t.co/qwgG0dltoX,RT @intel: Our mission: Use Intel drones to spot polar bears in the arctic landscape. https://t.co/cU5Qh3h5gd,RT @intel: Are drones the next frontier in climate research? We‚Äôre heading to the arctic to find out. https://t.co/qwgG0dltoX,RT @intel: Our mission: Use Intel drones to spot polar bears in the arctic landscape. https://t.co/cU5Qh3h5gd
