@nvidia @NVIDIAGeForce @NintendoAmerica just got the 1080 ti https://t.co/9FSZRnw6GD,Best german team ftw! #ESLPROLEAGUE #GAMEREADY #BIGCLANgg via @NVIDIA,@voxcpw I would not be surprised if @AMD has something similar. If I recall there are also ARM chips on @nvidia GPUs.,All the teams because I hope they have a good time.  #ESLPROLEAGUE #GAMEREADY via @NVIDIA,RT @osc: Great turnout for today‚Äôs @nvidia #DeepLearning workshop!! #HPC https://t.co/mtLo2Iju2j,RT @osc: Great turnout for today‚Äôs @nvidia #DeepLearning workshop!! #HPC https://t.co/mtLo2Iju2j,RT @osc: Great turnout for today‚Äôs @nvidia #DeepLearning workshop!! #HPC https://t.co/mtLo2Iju2j,NEW VIDEO! Here‚Äôs our review of the 2017 @nvidia Shield TV! https://t.co/ITOUlKQ0vF,RT @nvidia: Join us in watching the live webcast from Denver of our CEO Jensen Huang‚Äôs #SC17 special address on Nov. 13 at 3pm MT. https://‚Ä¶,RT @nvidia: Join us in watching the live webcast from Denver of our CEO Jensen Huang‚Äôs #SC17 special address on Nov. 13 at 3pm MT. https://‚Ä¶,@CudaCoreRoo @nvidia Yay I get to play with Cuda!,RT @nvidia: Join us in watching the live webcast from Denver of our CEO Jensen Huang‚Äôs #SC17 special address on Nov. 13 at 3pm MT. https://‚Ä¶,@WilliamChased @TEAMEVGA @NVIDIAGeForce @nvidia @VitalikButerin I forgot I spoke with you some time ago about a month regarding gpus lol,@ESGBrandon @Miguel_Gator @NVIDIAGeForce @nvidia I'm actually @Dai_Ling_Ping therefore i am somebody and are entitl‚Ä¶ https://t.co/n8JlkG5MiI,@Professorbroman @NVIDIAGeForce @nvidia Entered! Love you @Professorbroman,"RT @nvidia: Using our GPUs and #deeplearning, startup Innovation DX works on #AI to spot lung cancer sooner, and save lives. https://t.co/V‚Ä¶","@GabeHoff Autonomous cars 10 years out? @TESLA and @NVIDIA are there right now, just waiting for policy to follow.‚Ä¶ https://t.co/2IXIQZ6m1e","@ESGBrandon @Miguel_Gator @NVIDIAGeForce @nvidia Also i don't care what you thought i said, i didn't ask for anythi‚Ä¶ https://t.co/2Z6GDrv178","@JackDavies19_ @Miguel_Gator @NVIDIAGeForce @nvidia Oh here's the answer in that case. You are a nobody, and theref‚Ä¶ https://t.co/wG2W2sgkYE",@ESGBrandon @Miguel_Gator @NVIDIAGeForce @nvidia Why else would i ask the question? probably because i wanted to know the answer lmfao gg üëçüëç,@nvidiashield @nvidia @BestBuy Cool can u tell me where to get a portable or tablet? Er oh. Wait.,"@JackDavies19_ @Miguel_Gator @NVIDIAGeForce @nvidia You were complaining about how someone got something free, and‚Ä¶ https://t.co/4OHX8vWoHS",RT @nvidia: Join us in watching the live webcast from Denver of our CEO Jensen Huang‚Äôs #SC17 special address on Nov. 13 at 3pm MT. https://‚Ä¶,Enter the #NIPS2017 @DeepArt_io style transfer poster contest for a chance to win an @NVIDIA DGX Station. https://t.co/CRhGf2d7jX,RT @nvidia: Join us in watching the live webcast from Denver of our CEO Jensen Huang‚Äôs #SC17 special address on Nov. 13 at 3pm MT. https://‚Ä¶,RT @redshift3d: Register now for the @nvidia GPU webinar featuring @Aixsponza discussing their recent work for NIKE with @redshift3d joinin‚Ä¶,RT @nvidia: Join us in watching the live webcast from Denver of our CEO Jensen Huang‚Äôs #SC17 special address on Nov. 13 at 3pm MT. https://‚Ä¶,One of the best things about the @nvidia shadowplay option for @PUBATTLEGROUNDS is the fact that after a match I ca‚Ä¶ https://t.co/yTUHwDXQK8,RT @Mnpctech: Airbrushing @antec P8 case w/ #BladeRunner2049 skyline by @ddgpaint #art neon signs of @AMDRyzen @atari @nvidia https://t.co/‚Ä¶,RT @nvidia: Join us in watching the live webcast from Denver of our CEO Jensen Huang‚Äôs #SC17 special address on Nov. 13 at 3pm MT. https://‚Ä¶,@nvidia build a dedicated btc mining gpu,RT @EdKwedar: Bert Loomis and #ArtificialIntelligence | @CloudExpo @IBMCloud @NVIDIA #AI #ML #DL #DX | @ThingsExpo https://t.co/jDEWwppAUf‚Ä¶,RT @nvidia: Join us in watching the live webcast from Denver of our CEO Jensen Huang‚Äôs #SC17 special address on Nov. 13 at 3pm MT. https://‚Ä¶,RT @nvidia: Join us in watching the live webcast from Denver of our CEO Jensen Huang‚Äôs #SC17 special address on Nov. 13 at 3pm MT. https://‚Ä¶,RT @nvidia: Join us in watching the live webcast from Denver of our CEO Jensen Huang‚Äôs #SC17 special address on Nov. 13 at 3pm MT. https://‚Ä¶,I want to say thank you to @nvidia for their tech supporting the fight against breast cancer. We still have my wife‚Ä¶ https://t.co/yQtJT7TYyn,"RT @Professorbroman: Unboxed the new @nvidia Star Wars Jedi Order Titan Xp on stream today, check it out! You could win one of your own, ju‚Ä¶",Hoping that team LDLC takes home the chicken dinner in the upcoming ESL Oakland match! #ESLPROLEAGUE #GAMEREADY #TeamLDLC via @NVIDIA,#ESLPROLEAGUE #GAMEREADY #Luminosity via @NVIDIA LETS GOOOO!!! You can win this!!!,@Mnpctech @antec @ddgpaint @AMDRyzen @atari @nvidia @CoastAirbrush Looks nice. :),RT @Mnpctech: Airbrushing @antec P8 case w/ #BladeRunner2049 skyline by @ddgpaint #art neon signs of @AMDRyzen @atari @nvidia https://t.co/‚Ä¶,"RT @nvidia: Using our GPUs and #deeplearning, startup Innovation DX works on #AI to spot lung cancer sooner, and save lives. https://t.co/V‚Ä¶",RT @AlisonH622: A huge thank you from @JMAcademy1 to @MarkMason_dt @LouizeClarke @Ad_Fry @nvidia @mndassoc @CiscoUKI @thameswater @reading_‚Ä¶,@JackDavies19_ @Miguel_Gator @NVIDIAGeForce @nvidia in life you will find the money is attracted to some people and not others,#ESLPROLEAGUE #GAMEREADY #Luminosity via @NVIDIA I am quite fond of Internet sports teams,"RT @nvidia: Using our GPUs and #deeplearning, startup Innovation DX works on #AI to spot lung cancer sooner, and save lives. https://t.co/V‚Ä¶",#ESLPROLEAGUE #GAMEREADY #Cloud9 via @NVIDIA keeping it up guys,RT @cappasity: Cappasity Collaborates with @NVIDIA to Optimize its Technological Solution for Creation of 3D View and 3D Hologram https://t‚Ä¶,@TheDonRC @Miguel_Gator @NVIDIAGeForce @nvidia I'l say what i want on here you stupid twat üëç,@JackDavies19_ @Miguel_Gator @NVIDIAGeForce @nvidia Then stop complaining,Coming to the Forge DevLab w. @NVIDIA &amp; @AWSCloud at #AU2017 &amp; #ForgeDevCon? Here are some important details to pre‚Ä¶ https://t.co/KMxM1IdToX,@TheDonRC @Miguel_Gator @NVIDIAGeForce @nvidia I have a 1070 already so up yours mate üëçüëç,"@TheDonRC @Miguel_Gator @NVIDIAGeForce @nvidia Never said i was broke, i was asking a question, thanks üëç",@JackDavies19_ @Miguel_Gator @NVIDIAGeForce @nvidia I mean if you‚Äôre broke odds are your system can‚Äôt handle a 1080ti in the first place lol,RT @nvidia: Join us in watching the live webcast from Denver of our CEO Jensen Huang‚Äôs #SC17 special address on Nov. 13 at 3pm MT. https://‚Ä¶,RT @nvidia: Join us in watching the live webcast from Denver of our CEO Jensen Huang‚Äôs #SC17 special address on Nov. 13 at 3pm MT. https://‚Ä¶,#ESLPROLEAGUE #GAMEREADY #Luminosity via @NVIDIA good job win it all,@ESGBrandon @Miguel_Gator @NVIDIAGeForce @nvidia Never asked for anything for free now did i?,@JackDavies19_ @Miguel_Gator @NVIDIAGeForce @nvidia It's a business lol. Why should anyone give you anything free?‚Ä¶ https://t.co/P9wfAEVDfR,"RT @Professorbroman: Unboxed the new @nvidia Star Wars Jedi Order Titan Xp on stream today, check it out! You could win one of your own, ju‚Ä¶",Countdown to #SC17: @nvidia will stream live webcast of CEO Jensen Huang‚Äôs address @Supercomputing‚Ä¶ https://t.co/PRygtpXMHc,"So bought my new card, but @nvidia fucking locked the Destiny 2 game code to the 10xx series cards so I have to wai‚Ä¶ https://t.co/iGH25xKc86",RT @nvidia: Join us in watching the live webcast from Denver of our CEO Jensen Huang‚Äôs #SC17 special address on Nov. 13 at 3pm MT. https://‚Ä¶,#ESLPROLEAGUE #GAMEREADY #Luminosity via @NVIDIA good job,RT @nvidia: Join us in watching the live webcast from Denver of our CEO Jensen Huang‚Äôs #SC17 special address on Nov. 13 at 3pm MT. https://‚Ä¶,"RT @nvidia: Using our GPUs and #deeplearning, startup Innovation DX works on #AI to spot lung cancer sooner, and save lives. https://t.co/V‚Ä¶",@nvidia 10% of it will be something new. The other 90% will be a GTC/GTC Europe rehash I bet lol.,cool logo srsly #ESLPROLEAGUE #GAMEREADY #Splyce via @NVIDIA,RT @nvidia: Join us in watching the live webcast from Denver of our CEO Jensen Huang‚Äôs #SC17 special address on Nov. 13 at 3pm MT. https://‚Ä¶,California will reign supreme! #ESLPROLEAGUE #GAMEREADY #NRGgg via @NVIDIA,RT @EdKwedar: Bert Loomis and #ArtificialIntelligence | @CloudExpo @IBMCloud @NVIDIA #AI #ML #DL #DX | @ThingsExpo https://t.co/jDEWwppAUf‚Ä¶,RT @EdKwedar: Bert Loomis and #ArtificialIntelligence | @CloudExpo @IBMCloud @NVIDIA #AI #ML #DL #DX | @ThingsExpo https://t.co/jDEWwppAUf‚Ä¶,Envy please carry the US this time! #ESLPROLEAGUE #GAMEREADY #TeamEnVyUs via @NVIDIA,RT @nvidia: Join us in watching the live webcast from Denver of our CEO Jensen Huang‚Äôs #SC17 special address on Nov. 13 at 3pm MT. https://‚Ä¶,RT @EdKwedar: Bert Loomis and #ArtificialIntelligence | @CloudExpo @IBMCloud @NVIDIA #AI #ML #DL #DX | @ThingsExpo https://t.co/jDEWwppAUf‚Ä¶,RT @EdKwedar: Bert Loomis and #ArtificialIntelligence | @CloudExpo @IBMCloud @NVIDIA #AI #ML #DL #DX | @ThingsExpo https://t.co/jDEWwppAUf‚Ä¶,RT @EdKwedar: Bert Loomis and #ArtificialIntelligence | @CloudExpo @IBMCloud @NVIDIA #AI #ML #DL #DX | @ThingsExpo https://t.co/jDEWwppAUf‚Ä¶,Does Your Enterprise Think? @dhinchcliffe talks w/ @JimMcHugh of @NVIDIA on business of machine learning.‚Ä¶ https://t.co/aGZGw1XO9F,RT @EdKwedar: Bert Loomis and #ArtificialIntelligence | @CloudExpo @IBMCloud @NVIDIA #AI #ML #DL #DX | @ThingsExpo https://t.co/jDEWwppAUf‚Ä¶,RT @wrnchTech: The awesome Gavriel State demoing Isaac the @NVIDIA VR robot at #GTC17DC powered by @wrnchTech https://t.co/NqY4Os8Xe0,So much knowledge on one shirt @nvidia #Physics #AIDay @uoftengineering https://t.co/zLjgRoq6ae,RT @EdKwedar: Bert Loomis and #ArtificialIntelligence | @CloudExpo @IBMCloud @NVIDIA #AI #ML #DL #DX | @ThingsExpo https://t.co/jDEWwppAUf‚Ä¶,Airbrushing @antec P8 case w/ #BladeRunner2049 skyline by @ddgpaint #art neon signs of @AMDRyzen @atari @nvidia‚Ä¶ https://t.co/KnABnXVZ7E,üì£üì£ Go team NAVI! Have your #GAMEREADY &amp; GO! üì£üì£ #natusvincere @NVIDIA #ESLPROLEAGUE,@Investopedia @nvidia Gives me faith for #XRP #Ripple,RT @Investopedia: See how much money you would have made if you invested in @nvidia right after its IPO: https://t.co/kDdf2tU13G,RT @CATALAIZE: @HealthcareWen @nmanaloto @nvidia @alhalabi_ @SVAIresearch @NvidiaAI @nvidiadeveloper @NVIDIADesign @serene99 @generalelectr‚Ä¶,#ESLPROLEAGUE #GAMEREADY #Luminosity via @NVIDIA Get Some!,See how much money you would have made if you invested in @nvidia right after its IPO: https://t.co/kDdf2tU13G,@JackDavies19_ @Miguel_Gator @NVIDIAGeForce @nvidia So true!,Good luck! #ESLPROLEAGUE #GAMEREADY #TeamLDLC via @NVIDIA,"RT @demosplash: Folding up programs and giving our sponsors some love. @Google #JaneStreet @nvidia @Oracle @UnionPacific @SCSatCMU

@demosp‚Ä¶","@nvidia So, is SLI dead for Geforce GTX cards?","Very cool. @TheSkyGuys are partnering w/ @nvidia , @IBM &amp; @UofT to develop and test drones for the MTO:‚Ä¶ https://t.co/vKoocJsCJU",RT @EdKwedar: Bert Loomis and #ArtificialIntelligence | @CloudExpo @IBMCloud @NVIDIA #AI #ML #DL #DX | @ThingsExpo https://t.co/jDEWwppAUf‚Ä¶,Lets go @cloud9 #ESLPROLEAGUE #GAMEREADY #Cloud9 via @NVIDIA,RT @EdKwedar: Bert Loomis and #ArtificialIntelligence | @CloudExpo @IBMCloud @NVIDIA #AI #ML #DL #DX | @ThingsExpo https://t.co/jDEWwppAUf‚Ä¶,@Miguel_Gator @NVIDIAGeForce @nvidia They are amazing I have a 1080ti and it‚Äôs soo smooth in max settings with 4k,#ESLPROLEAGUE #GAMEREADY #FNATIC now give me very expensive graphics card 4Head via @NVIDIA,@Miguel_Gator @NVIDIAGeForce @nvidia Nice congrats Fam you will enjoy it!! Now about that @elgatogaming care package hmmmm???,RT @EdKwedar: Bert Loomis and #ArtificialIntelligence | @CloudExpo @IBMCloud @NVIDIA #AI #ML #DL #DX | @ThingsExpo https://t.co/jDEWwppAUf‚Ä¶,RT @EdKwedar: Bert Loomis and #ArtificialIntelligence | @CloudExpo @IBMCloud @NVIDIA #AI #ML #DL #DX | @ThingsExpo https://t.co/jDEWwppAUf‚Ä¶,#ESLPROLEAGUE #GAMEREADY #BIGCLANgg prin @NVIDIA Keep it up !Don't look back !,@Miguel_Gator @NVIDIAGeForce @nvidia Sheeeesh that thing is gonna be a beast!,LETS GO NAVI!  #ESLPROLEAGUE #GAMEREADY #natusvincere via @NVIDIA,RT @EdKwedar: Bert Loomis and #ArtificialIntelligence | @CloudExpo @IBMCloud @NVIDIA #AI #ML #DL #DX | @ThingsExpo https://t.co/jDEWwppAUf‚Ä¶,@Miguel_Gator @NVIDIAGeForce @nvidia :C im stick with the normal 1070,RT @EdKwedar: Bert Loomis and #ArtificialIntelligence | @CloudExpo @IBMCloud @NVIDIA #AI #ML #DL #DX | @ThingsExpo https://t.co/jDEWwppAUf‚Ä¶,@Miguel_Gator @NVIDIAGeForce @nvidia Why do the people who have money always get free shit and the people who don't have money get shit on?,@Miguel_Gator @NVIDIAGeForce @nvidia so pretty lucky man,Damn. Thanks for everything @nvidia and @Match,"RT @nvidia: Congrats to our CEO, Jensen Huang, for being recognized as the best-performing #CEO in the U.S. by @HarvardBiz. https://t.co/Wa‚Ä¶",Bert Loomis and #ArtificialIntelligence | @CloudExpo @IBMCloud @NVIDIA #AI #ML #DL #DX | @ThingsExpo‚Ä¶ https://t.co/NRf9OyKEKY,"RT @nvidia: Using our GPUs and #deeplearning, startup Innovation DX works on #AI to spot lung cancer sooner, and save lives. https://t.co/V‚Ä¶","RT @nvidia: Using our GPUs and #deeplearning, startup Innovation DX works on #AI to spot lung cancer sooner, and save lives. https://t.co/V‚Ä¶",RT @NVIDIAEU: .@UniofOxford became 1st academic institution in the UK to receive our #DGX1 supercomputer powered by @NVIDIA Volta: https://‚Ä¶,#ESLPROLEAGUE #GAMEREADY #Immortals via @NVIDIA wait no. im sorry ive always loved you daddy. please just make me love you more!!,#ESLPROLEAGUE #GAMEREADY #MisfitsGG via @NVIDIA I'll always love you!,#ESLPROLEAGUE #GAMEREADY #compLexityLive via @NVIDIA lol haahhaa cant post our love chat here now can i ESL?,#ESLPROLEAGUE #GAMEREADY #GhostGaming_GG via @NVIDIA *gets on knees*,#ESLPROLEAGUE #GAMEREADY #SKGaming via @NVIDIA hehe &lt;3 i'll do anything!!,#ESLPROLEAGUE #GAMEREADY #clgaming via @NVIDIA please sir just one?,#ESLPROLEAGUE #GAMEREADY #Splyce via @NVIDIA please Daddy ESL?,#ESLPROLEAGUE #GAMEREADY #GoingRogueGG via @NVIDIA just maybe?,#ESLPROLEAGUE #GAMEREADY #OpTicGaming via @NVIDIA ok i just really want a card lol,#ESLPROLEAGUE #GAMEREADY #Luminosity via @NVIDIA the bois,My bois C9 lets go #ESLPROLEAGUE #GAMEREADY #Cloud9 via @NVIDIA,@NeilTurner_3X @nvidia @HRC It seems you have no options left. Try reading.,"RT @nvidia: Using our GPUs and #deeplearning, startup Innovation DX works on #AI to spot lung cancer sooner, and save lives. https://t.co/V‚Ä¶",@RickCHodgin @nvidia @HRC That exists only in your head.,"RT @Professorbroman: Unboxed the new @nvidia Star Wars Jedi Order Titan Xp on stream today, check it out! You could win one of your own, ju‚Ä¶","RT @Professorbroman: Unboxed the new @nvidia Star Wars Jedi Order Titan Xp on stream today, check it out! You could win one of your own, ju‚Ä¶",Folding up programs and giving our sponsors some love. @Google #JaneStreet @nvidia @Oracle @UnionPacific @SCSatCMU‚Ä¶ https://t.co/sjO1qpuAyu,Participating in the @NVIDIA Volta Tour at #SC17? Swing by the @HPE_HPC booth #925 to ask about the Apollo 6500. https://t.co/sLoUXFN0Js,"RT @Captain_Madmut: The Way It's Meant To Be Played, Get @nvidia Gear #supportsmallerstreams @zimisss @DNR_CREW https://t.co/qAugFhuTjM @6o‚Ä¶","#MSI #GTX1080TI #Gaming #X #Video ... Click The Link To Watch üëáüèº

https://t.co/pFO0ItInZt

@MSIMiddleEast‚Ä¶ https://t.co/syCRAMUm3f",RT @BHPhotoVideo: Trident 3 Arctic: @msiUSA gaming computer with the latest @intel 8th gen &amp; @nvidia GTX 1080! #CES2018 #CESunveiled https:‚Ä¶,RT @ifm_tech: Thanks @awsmarketplace and @nvidia #inception for having us! Access to @nvidiaai Tesla #V100 #GPU in the cloud is awesome! #A‚Ä¶,@nvidia thanks,Enter the #NIPS2017 @DeepArt_io style transfer poster contest for a chance to win an @NVIDIA DGX Station. https://t.co/BoTNfszJNZ,"#ESLPROLEAGUE #GAMEREADY #TeamEnVyUs via @NVIDIA
Go team EnvyUs!! :D","@Instinet Call on @nvidia was terrible, upgrading from $110 to $190, what a joke.  You should be downgraded...this‚Ä¶ https://t.co/hsbMkt8UWH","RT @nvidia: Using our GPUs and #deeplearning, startup Innovation DX works on #AI to spot lung cancer sooner, and save lives. https://t.co/V‚Ä¶","RT @bigdataconf: Elon Musk hints at @Tesla self-driving hardware change, @Nvidia stock drops https://t.co/QCSGkjN2do #AI #ML #Deeplearning‚Ä¶","RT @bigdataconf: Elon Musk hints at @Tesla self-driving hardware change, @Nvidia stock drops https://t.co/QCSGkjN2do #AI #ML #Deeplearning‚Ä¶",RT @SherrieCR: Does Your Enterprise Think? @dhinchcliffe talks w/ @JimMcHugh of @NVIDIA on business of machine learning. https://t.co/AQxIY‚Ä¶,@nvidia You guys are amazing!,"RT @nvidia: Congrats to our CEO, Jensen Huang, for being recognized as the best-performing #CEO in the U.S. by @HarvardBiz. https://t.co/Wa‚Ä¶","RT @nvidia: Using our GPUs and #deeplearning, startup Innovation DX works on #AI to spot lung cancer sooner, and save lives. https://t.co/V‚Ä¶","RT @nvidia: Using our GPUs and #deeplearning, startup Innovation DX works on #AI to spot lung cancer sooner, and save lives. https://t.co/V‚Ä¶",@marchamilton @nvidia Wish I was there...,"@UnrealEngine @UnrealDevs @NVIDIAGeForceES @nvidia Testing #Datasmith with my new Nvidia GTX1080Ti, ready to buld t‚Ä¶ https://t.co/6sQci35gx8",RT @LouizeClarke: @AlisonH622 @JMAcademy1 @MarkMason_dt @Ad_Fry @nvidia @mndassoc @CiscoUKI @thameswater @reading_buses @PeterBrettLLP @pyc‚Ä¶,@AlisonH622 @JMAcademy1 @MarkMason_dt @Ad_Fry @nvidia @mndassoc @CiscoUKI @thameswater @reading_buses‚Ä¶ https://t.co/hrPRN9dfbN,"RT @nvidia: Using our GPUs and #deeplearning, startup Innovation DX works on #AI to spot lung cancer sooner, and save lives. https://t.co/V‚Ä¶",RT @AlisonH622: A huge thank you from @JMAcademy1 to @MarkMason_dt @LouizeClarke @Ad_Fry @nvidia @mndassoc @CiscoUKI @thameswater @reading_‚Ä¶,A huge thank you from @JMAcademy1 to @MarkMason_dt @LouizeClarke @Ad_Fry @nvidia @mndassoc @CiscoUKI @thameswater‚Ä¶ https://t.co/Nrnp3FXZCf,#ESLPROLEAGUE #GAMEREADY #FaZeClan prin @NVIDIA,"@Nvidia CEO: #Gaming huge, but so will #AI #artificialintelligence #robotics &amp;data center business https://t.co/7jCKMCpUq1 @VentureBeat",@nvidia but can it run pubg medium settings,@thumbyTV @Professorbroman @NVIDIAGeForce @nvidia Honestly if I won I'd be happy to pay postage + extra lol,@WilliamChased @TEAMEVGA @NVIDIAGeForce @nvidia @VitalikButerin Sweet! Good luck on it man!,@pwrrangerdanger @TEAMEVGA @NVIDIAGeForce @nvidia @VitalikButerin That one is for ethereum,@WilliamChased @TEAMEVGA @NVIDIAGeForce @nvidia @VitalikButerin Nice dude. My boss is doing it too. Ethereum?,@pwrrangerdanger @TEAMEVGA @NVIDIAGeForce @nvidia @VitalikButerin Yes i have been doing it for the last year,How is it possible there‚Äôs no response from these companies?I guess that says all you need to know about buying the‚Ä¶ https://t.co/7DL0OQjDen,Nvidia and Asus don‚Äôt seem to understand the need for satisfy customers. Do the right thing!! @nvidia‚Ä¶ https://t.co/arl5QbEyOe,"RT @nvidia: Using our GPUs and #deeplearning, startup Innovation DX works on #AI to spot lung cancer sooner, and save lives. https://t.co/V‚Ä¶",@nvidia @HRC Where do I throw up?,@WilliamChased @TEAMEVGA @NVIDIAGeForce @nvidia @VitalikButerin Mining?,"RT @nvidia: Using our GPUs and #deeplearning, startup Innovation DX works on #AI to spot lung cancer sooner, and save lives. https://t.co/V‚Ä¶",RT @ifm_tech: Thanks @awsmarketplace and @nvidia #inception for having us! Access to @nvidiaai Tesla #V100 #GPU in the cloud is awesome! #A‚Ä¶,".@nvidia shares hit record as new Volta chips provide sustained demand.
https://t.co/4PSRLdi1l0","RT @Gothalion: Unboxed the new @nvidia Star Wars Galacitc Emprie Titan Xp on stream today, check it out! You could win one of your own, jus‚Ä¶",Hey @NintendoAmerica my wife has taken control of my #NintendoSwitch playing #Splatoon2 and #SuperMarioOdyssey ! My‚Ä¶ https://t.co/DspBhupaKs,"RT @nvidia: Using our GPUs and #deeplearning, startup Innovation DX works on #AI to spot lung cancer sooner, and save lives. https://t.co/V‚Ä¶",My daily reminder that Asus and Nvidia do not stand behind their products. They provide false promotions and then d‚Ä¶ https://t.co/WtrHvmjWDs,@nvidia I knew Nvidia was the right company to support üòé,"RT @nvidia: Using our GPUs and #deeplearning, startup Innovation DX works on #AI to spot lung cancer sooner, and save lives. https://t.co/V‚Ä¶","RT @nvidia: Using our GPUs and #deeplearning, startup Innovation DX works on #AI to spot lung cancer sooner, and save lives. https://t.co/V‚Ä¶","RT @nvidia: Using our GPUs and #deeplearning, startup Innovation DX works on #AI to spot lung cancer sooner, and save lives. https://t.co/V‚Ä¶","RT @nvidia: Using our GPUs and #deeplearning, startup Innovation DX works on #AI to spot lung cancer sooner, and save lives. https://t.co/V‚Ä¶","RT @nvidia: Using our GPUs and #deeplearning, startup Innovation DX works on #AI to spot lung cancer sooner, and save lives. https://t.co/V‚Ä¶",RT @redshift3d: Register now for the @nvidia GPU webinar featuring @Aixsponza discussing their recent work for NIKE with @redshift3d joinin‚Ä¶,"RT @nvidia: Using our GPUs and #deeplearning, startup Innovation DX works on #AI to spot lung cancer sooner, and save lives. https://t.co/V‚Ä¶","WHY there is no NVIDIA in Ireland ?üòëü§î i want to apply for internshipüòÄ , NVIDIA is everywhere now from laptopsüíª to c‚Ä¶ https://t.co/EhQPx2XJ3y","RT @nvidia: Using our GPUs and #deeplearning, startup Innovation DX works on #AI to spot lung cancer sooner, and save lives. https://t.co/V‚Ä¶","@Sacredarrow9021 @TEAMEVGA @NVIDIAGeForce @nvidia @VitalikButerin It has a couple 1060 6gb, testing my power limit to performance ratios ‚ö°Ô∏è",@PowerLunch Owned @Nvidia in my family &amp; retirement Portfolios for almost 2yrs.....blink-blink can't believe my eyes @MadMoneyOnCNBC,Thank you to our Elite Partner @NVIDIA for organizing the @NVIDIA #Volta Tour at #SC17 next week. We're very excite‚Ä¶ https://t.co/ssIfVeyckf,RT @redshift3d: Register now for the @nvidia GPU webinar featuring @Aixsponza discussing their recent work for NIKE with @redshift3d joinin‚Ä¶,"RT @nvidia: Using our GPUs and #deeplearning, startup Innovation DX works on #AI to spot lung cancer sooner, and save lives. https://t.co/V‚Ä¶","RT @nvidia: Using our GPUs and #deeplearning, startup Innovation DX works on #AI to spot lung cancer sooner, and save lives. https://t.co/V‚Ä¶","RT @nvidia: Using our GPUs and #deeplearning, startup Innovation DX works on #AI to spot lung cancer sooner, and save lives. https://t.co/V‚Ä¶","RT @nvidia: Using our GPUs and #deeplearning, startup Innovation DX works on #AI to spot lung cancer sooner, and save lives. https://t.co/V‚Ä¶","RT @nvidia: Using our GPUs and #deeplearning, startup Innovation DX works on #AI to spot lung cancer sooner, and save lives. https://t.co/V‚Ä¶","RT @nvidia: Using our GPUs and #deeplearning, startup Innovation DX works on #AI to spot lung cancer sooner, and save lives. https://t.co/V‚Ä¶","RT @nvidia: Using our GPUs and #deeplearning, startup Innovation DX works on #AI to spot lung cancer sooner, and save lives. https://t.co/V‚Ä¶",@WilliamChased @TEAMEVGA @NVIDIAGeForce @nvidia @VitalikButerin I can take that 1060 off your hands do there all 1050 tis:),"RT @WilliamChased: He‚Äôs a lean, mean, green, generating machine... Meet NVEE Mark IV... How many?! @TEAMEVGA @NVIDIAGeForce @nvidia @Vitali‚Ä¶","RT @nvidia: Using our GPUs and #deeplearning, startup Innovation DX works on #AI to spot lung cancer sooner, and save lives. https://t.co/V‚Ä¶",So @nvidia has the #cryptocurrency set at a fine rate a share! Im on that and @cvspharmacy as well!,"RT @nvidia: Using our GPUs and #deeplearning, startup Innovation DX works on #AI to spot lung cancer sooner, and save lives. https://t.co/V‚Ä¶","RT @nvidia: Using our GPUs and #deeplearning, startup Innovation DX works on #AI to spot lung cancer sooner, and save lives. https://t.co/V‚Ä¶","RT @nvidia: Using our GPUs and #deeplearning, startup Innovation DX works on #AI to spot lung cancer sooner, and save lives. https://t.co/V‚Ä¶","RT @nvidia: Using our GPUs and #deeplearning, startup Innovation DX works on #AI to spot lung cancer sooner, and save lives. https://t.co/V‚Ä¶","RT @nvidia: Using our GPUs and #deeplearning, startup Innovation DX works on #AI to spot lung cancer sooner, and save lives. https://t.co/V‚Ä¶","RT @nvidia: Using our GPUs and #deeplearning, startup Innovation DX works on #AI to spot lung cancer sooner, and save lives. https://t.co/V‚Ä¶","RT @nvidia: Using our GPUs and #deeplearning, startup Innovation DX works on #AI to spot lung cancer sooner, and save lives. https://t.co/V‚Ä¶","RT @nvidia: Using our GPUs and #deeplearning, startup Innovation DX works on #AI to spot lung cancer sooner, and save lives. https://t.co/V‚Ä¶","RT @nvidia: Using our GPUs and #deeplearning, startup Innovation DX works on #AI to spot lung cancer sooner, and save lives. https://t.co/V‚Ä¶","RT @nvidia: Congrats to our CEO, Jensen Huang, for being recognized as the best-performing #CEO in the U.S. by @HarvardBiz. https://t.co/Wa‚Ä¶","He‚Äôs a lean, mean, green, generating machine... Meet NVEE Mark IV... How many?! @TEAMEVGA @NVIDIAGeForce @nvidia‚Ä¶ https://t.co/AoVogSXBEf",@SpicyDisco @Gothalion @nvidia Awww yus bb #techporn thanks mate,#ESLPROLEAGUE #GAMEREADY #Cloud9 via @NVIDIA who doesnt love c9,FaZe got this! #ESLPROLEAGUE #GAMEREADY #FaZeClan via @NVIDIA,RT @ParolaAnalytics: AI Update: Friday perspective https://t.co/aqpOLMDhNc @Nvidia #innovation #AR #ParolaTrends,AI Update: Friday perspective https://t.co/aqpOLMDhNc @Nvidia #innovation #AR #ParolaTrends,"Dear Santa, (&amp; @LisaSu , @bkrunner , @nvidia ) - all we want for X-mas is for $AMD Radeon to be sold to $INTC, and‚Ä¶ https://t.co/tDaOvjujzG",RT @redshift3d: Register now for the @nvidia GPU webinar featuring @Aixsponza discussing their recent work for NIKE with @redshift3d joinin‚Ä¶,"@TrilluXeCS Shadowplay is most likely ""capturing"" some background program, that's open and uses OpenGL rendering. Y‚Ä¶ https://t.co/6Tzj7iXhgv",Crowds gathering for first @nvidia company meeting in our new Endeavor HQ. https://t.co/ng5nwCE17n https://t.co/7y85BWnLBA,‚Äú#AI is disrupting all businesses. How and what role do you plan to play in being part of the change that will prep‚Ä¶ https://t.co/1BsYvXOIl5,RT @OracleIaaS: Blazing fast! Oracle Cloud #IaaS offers largest compute instances powered by @nvidia Tesla P100 GPUs. https://t.co/dtru1KJU‚Ä¶,"@Gothalion @NVIDIAGeForce @nvidia ""Not available in your region""",#ESLPROLEAGUE #GAMEREADY #G2esports prin @NVIDIA,"@nvidia tops estimates on gaming, data center boost - https://t.co/LDFkBrdkkL.",RT @NVIDIAEU: .@UniofOxford became 1st academic institution in the UK to receive our #DGX1 supercomputer powered by @NVIDIA Volta: https://‚Ä¶,"RT @nvidia: We are partnering with @BoozAllen to train thousands of students, developers, and government specialists in #AI: https://t.co/y‚Ä¶","RT @Professorbroman: Unboxed the new @nvidia Star Wars Jedi Order Titan Xp on stream today, check it out! You could win one of your own, ju‚Ä¶",RT @sjauster: Nvidia‚Äôs huge run continues as its data center business¬†surges https://t.co/MSNNlhU3W5 via @techcrunch @nvidia @amd @intel #A‚Ä¶,Nvidia‚Äôs huge run continues as its data center business¬†surges https://t.co/MSNNlhU3W5 via @techcrunch @nvidia @amd @intel #AI #datacenter,".@HPE @Supercomputing @SAPNorthAmerica @BeowulfBash @nvidia featured in this week's podcast:
https://t.co/n3lZy39VLF  #HPC",RT @HPE_HPC: Participating in the @NVIDIA Volta Tour at #SC17 in Denver Nov 12-17? Swing by @HPE_HPC booth #925 to ask about the Apollo 650‚Ä¶,RT @KirkDBorne: .@NVIDIA Expands #DeepLearning Institute to Boost #AI Research in partnership with @BoozAllen : https://t.co/DTkmD03H5F #Bi‚Ä¶,RT @HPE_HPC: Participating in the @NVIDIA Volta Tour at #SC17 in Denver Nov 12-17? Swing by @HPE_HPC booth #925 to ask about the Apollo 650‚Ä¶,Blazing fast! Oracle Cloud #IaaS offers largest compute instances powered by @nvidia Tesla P100 GPUs.‚Ä¶ https://t.co/LjnBNm53Jt,Register now for the @nvidia GPU webinar featuring @Aixsponza discussing their recent work for NIKE with‚Ä¶ https://t.co/Ed2lyNRMwQ,.@UniofOxford became 1st academic institution in the UK to receive a #DGX1 supercomputer powered by @NVIDIA Volta. https://t.co/vIfoLbyK1c,3DExperience Platform @cisco @nvidia @vmware @nvidiadesign #euc #vdi #endusercomputing @vmwarehorizon‚Ä¶ https://t.co/hSPbMzUvsR,"RT @bigdataconf: Elon Musk hints at @Tesla self-driving hardware change, @Nvidia stock drops https://t.co/QCSGkjN2do #AI #ML #Deeplearning‚Ä¶","Elon Musk hints at @Tesla self-driving hardware change, @Nvidia stock drops https://t.co/QCSGkjN2do #AI #ML‚Ä¶ https://t.co/dOjN4Q8WCe","What You Need to Know About Disney, Nvidia and JCPenney $DIS $NVDA $JCP @disney @nvidia @jcpenney https://t.co/aMWUKjZ23g","RT @Professorbroman: Unboxed the new @nvidia Star Wars Jedi Order Titan Xp on stream today, check it out! You could win one of your own, ju‚Ä¶",Hey guys do you want a new @nvidia beast of a graphic card? Go to this tweet from @Professorbroman and get yourself‚Ä¶ https://t.co/eEiEhHHawB,@nvidia @HRC I guess bribes can buy you anything.,Join @HP &amp; @NVIDIA at @autodesk 2017 Portland 7.0 User Event @ the Incredible Empirical Theater at OMSI Register @‚Ä¶ https://t.co/vzF7D6XHKy,"#ESLPROLEAGUE #GAMEREADY #Splyce via @NVIDIA
Saddle up!","#ESLPROLEAGUE #GAMEREADY #GoingRogueGG via @NVIDIA
cheer up!",Nvidia Stock Could Still Make a Run to $250 $NVDA @nvidia https://t.co/w46RvHqY7Q $AMD $INTC $NTDOY https://t.co/476UoSWH3r,"#ESLPROLEAGUE #GAMEREADY #OpTicGaming via @NVIDIA
rock on","RT @nvidia: .@awscloud EC2 P3 instances are available, powered by our Tesla #V100 GPUs for machine learning &amp; #HPC optimization. https://t.‚Ä¶","@MarvinStone @nvidia Tech : @nvidia Big Bet üìà #AI , #Blockchain (Mining)  ... Great üôÇ",REUTERS: @Nvidia shares set record as Volta #chips ensure future growth -#gaming #data https://t.co/oCWPXRQRMo #Digitalous @KauppalehtiFi,"#ESLPROLEAGUE #GAMEREADY #NRGgg via @NVIDIA
you can win it!","#ESLPROLEAGUE #GAMEREADY #compLexityLive via @NVIDIA
Lock and load","#ESLPROLEAGUE #GAMEREADY #clgaming via @NVIDIA
go go go!!","#ESLPROLEAGUE #GAMEREADY #astralisgg via @NVIDIA
game on","#ESLPROLEAGUE #GAMEREADY #FaZeClan via @NVIDIA
knock it","#ESLPROLEAGUE #GAMEREADY #HELLRAISERSgg via @NVIDIA
Play good","#ESLPROLEAGUE #GAMEREADY #heroicgg via @NVIDIA,good luck
!!","#ESLPROLEAGUE #GAMEREADY #TeamLDLC via @NVIDIA ,all the best",RT @UofTCompSci: #UofTCompSci Prof Sanja Fidler @UTM has a grand vision for robots of the future. ü§ñ She talks #AI tonight @nvidia Day! http‚Ä¶,"#ESLPROLEAGUE #GAMEREADY #TheNorthIsHere via @NVIDIA ,win it boys!",#ESLPROLEAGUE #GAMEREADY #BIGCLANgg via @NVIDIA go go go!,I wish @nvidia made PC cases. All the current PC crap looks like fake Apple stuff or smaller versions of 90s cases.,.@UniofOxford became 1st academic institution in the UK to receive a #DGX1 supercomputer powered by @NVIDIA Volta. https://t.co/FjXaGdXdHh,Let's GO #ESLPROLEAGUE #GAMEREADY #Luminosity via @NVIDIA,RT @HPE_HPC: Participating in the @NVIDIA Volta Tour at #SC17 in Denver Nov 12-17? Swing by @HPE_HPC booth #925 to ask about the Apollo 650‚Ä¶,RT @ARealityEvent: Watch Dominic Eskofier of @nvidia talk on The Journey to Holodeck: How Nvidia Enables the VR/AR Ecosystem at AWE Europe‚Ä¶,"#Nvidia ‚Äì another great quarter. Continued strength In all product lines, especially data centers. Recommend Buy on‚Ä¶ https://t.co/ZDABf1V6lM","Loving my new streaming setup. @DXRacer tank Series Chair, 1 ASUS 23 inch,2 Dell 23 Inch Displays, 1 Dell 2k 27 inc‚Ä¶ https://t.co/yZK1u2p197",RT @ARealityEvent: Watch Dominic Eskofier of @nvidia talk on The Journey to Holodeck: How Nvidia Enables the VR/AR Ecosystem at AWE Europe‚Ä¶,Watch Dominic Eskofier of @nvidia talk on The Journey to Holodeck: How Nvidia Enables the VR/AR Ecosystem at AWE Eu‚Ä¶ https://t.co/NGmvzIIUVJ,"RT @Professorbroman: Unboxed the new @nvidia Star Wars Jedi Order Titan Xp on stream today, check it out! You could win one of your own, ju‚Ä¶",Participating in the @NVIDIA Volta Tour at #SC17 in Denver Nov 12-17? Swing by @HPE_HPC booth #925 to ask about the‚Ä¶ https://t.co/KTzBDy7ORz,@nvidia epic day for you guys! Congrats! üçæüéâ Very very impressive! We are excited for Q4 already!,"""Will #DeepLearning Technology Disrupt #Management ?"" #Innovation #AI #Analytics  #GTCDC17 @NVIDIA  https://t.co/X9xfMMc4Le",@nvidia stock got me like doing the #carlton @alfonso_ribeiro why #willsmith dont like @twitter ? https://t.co/LPUyNcGaIT,Officially made over 100% with @nvidia (within months!) üôå An amazing company that has plenty of room to grow üìà https://t.co/49ffM4YBnZ,Enter the #NIPS2017 @DeepArt_io style transfer poster contest for a chance to win an @NVIDIA DGX Station. https://t.co/S77duls07R,Thanks for all the great info and free resources to learn #deeplearning programming @AlisonBLowndes from @nvidia #Codemotion #ai,"#Nvidia ‚Äì another great quarter. Continued strength In all product lines, especially data centers. Recommend Buy on pullbacks. $NVDA
@nvidia","@Gothalion @nvidia @wulfscar Your always tagging me in giveaways, check this out","RT @scottkosciuk: Webinar: Join #PureStorage &amp; @NVIDIA to learn how #AI is being put work in federal agencies
 https://t.co/jX1KPgx6Kq http‚Ä¶","RT @scottkosciuk: Webinar: Join #PureStorage &amp; @NVIDIA to learn how #AI is being put work in federal agencies
 https://t.co/jX1KPgx6Kq http‚Ä¶","Webinar: Join #PureStorage &amp; @NVIDIA to learn how #AI is being put work in federal agencies
 https://t.co/jX1KPgx6Kq https://t.co/JogrIdzKlR","Red Hot @Nvidia Q3 Financials - $2.64B up 32% y/y, and +18% from the previous quarter, w growth across all platforms https://t.co/kYqrBtsCUY","RT @PurePsaki: Webinar: Join #PureStorage &amp; @NVIDIA to learn how #AI is being put work in federal agencies
 https://t.co/MyiIwiZ2D9 https:/‚Ä¶",RT @cappasity: Cappasity Collaborates with @NVIDIA to Optimize its Technological Solution for Creation of 3D View and 3D Hologram https://t‚Ä¶,"RT @PurePsaki: Webinar: Join #PureStorage &amp; @NVIDIA to learn how #AI is being put work in federal agencies
 https://t.co/MyiIwiZ2D9 https:/‚Ä¶","Webinar: Join #PureStorage &amp; @NVIDIA to learn how #AI is being put work in federal agencies
 https://t.co/MyiIwiZ2D9 https://t.co/rippxuP0to","All the best guys!!! I think u guys will win &amp; rock our team Heroic!!!
 #ESLPROLEAGUE #GAMEREADY #heroicgg via @NVIDIA",I did a quick screen shot comparison with Destiny 2 on PC vs. XBOX One regarding field of view. I like mine set to‚Ä¶ https://t.co/PPiQYg42yy,"‚ÄúThere‚Äôs avatars created with #AI, now the #gaming industry is putting AI into charcters‚Äù. @AlisonBLowndes @nvidia‚Ä¶ https://t.co/MP122DEStf",Final challenge is from @nvidia - efficient event queue management using mflow face detection #IoT #GMGSTEAM https://t.co/JydliF9Mjy,"‚ÄúDeepMind Parkour, created in July 2017, learns how to run and jump by itself, it‚Äôs similar to how we learn‚Äù‚Ä¶ https://t.co/U2EVXMr87T",RT @ifm_tech: Thanks @awsmarketplace and @nvidia #inception for having us! Access to @nvidiaai Tesla #V100 #GPU in the cloud is awesome! #A‚Ä¶,Nvidia set to open at record on soaring Volta chip demand. Volta chips used for #AI and #SelfDrivingCars.‚Ä¶ https://t.co/K8JYtfeeam,‚ÄúOne thing you have to realize is that the world is not static but dynamic. So RNN are fundamental‚Äù @alisonblowndes‚Ä¶ https://t.co/2460q1LmW6,"RT @CIOonline: CIOs pay attention: VR and AR are about to disrupt your industry, by @zkerravala  - https://t.co/jSihinJONK @nvidia",News: @nvidia Announces Financial Results for Third Quarter Fiscal 2018 https://t.co/bew2eKlMoT,News: @nvidia Announces Financial Results for Third Quarter Fiscal 2018 https://t.co/k5NrXXUn76 #HPC,.@nvidia continues its meteoric rise. No longer a gaming only company.  #DataCenter carrying it now‚Ä¶ https://t.co/dOmYiI7i0V,Stanford'sCS Chair Alex Aiken &amp; @Nvidia Chief Scientist Bill Dally talk of NEW Legion program‚Äôg sys - tutorial @SC17 https://t.co/o77XoaRj0E,@nvidia your contact us page on your website is down.  ü§îüë®‚Äçüîß,"With #AI becoming a more &amp; more prominent aspect of #technology, @nvidia looks to train up AI experts with their DLI https://t.co/lKzAisKbtp",Does Your Enterprise Think? @dhinchcliffe talks w/ @JimMcHugh of @NVIDIA on business of machine learning.‚Ä¶ https://t.co/SnUPAu3gi7,RT @BHPhotoVideo: Trident 3 Arctic: @msiUSA gaming computer with the latest @intel 8th gen &amp; @nvidia GTX 1080! #CES2018 #CESunveiled https:‚Ä¶,@nvidia Why did all my friends got a free game with there graphics card and I didn't. I guess I just have the worst timing. #feelsbadman,@anilzoo @nvidia Announcing a CSGO match on your first Tweet. 2/10.,"RT @CIOonline: CIOs pay attention: VR and AR are about to disrupt your industry, by @zkerravala  - https://t.co/jSihinJONK @nvidia","RT @CIOonline: CIOs pay attention: VR and AR are about to disrupt your industry, by @zkerravala  - https://t.co/jSihinJONK @nvidia",RT @BHPhotoVideo: Trident 3 Arctic: @msiUSA gaming computer with the latest @intel 8th gen &amp; @nvidia GTX 1080! #CES2018 #CESunveiled https:‚Ä¶,"RT @CIOonline: CIOs pay attention: VR and AR are about to disrupt your industry, by @zkerravala  - https://t.co/jSihinJONK @nvidia","RT @MicronTech: Micron leaders with experts from @Cisco, @Microsoft, @NVIDIA &amp; @Qualcomm, discuss future of connected cars. #IOT https://t.‚Ä¶",@nvidia When will the Nvidia Shield K1 be available again for purchasing?,"Hey @RealityVirtuaI, there are several VR art pieces in this years @weareneon festival in #dundee, including 'Virtu‚Ä¶ https://t.co/qecouCe9nW",RT @andrewcy: Enter the #NIPS2017 @DeepArt_io style transfer poster contest for a chance to win an @NVIDIA DGX Station. https://t.co/L3IZaZ‚Ä¶,Enter the #NIPS2017 @DeepArt_io style transfer poster contest for a chance to win an @NVIDIA DGX Station. https://t.co/L3IZaZNiH0,Enter the #NIPS2017 @DeepArt_io style transfer poster contest for a chance to win an @NVIDIA DGX Station. https://t.co/GDwfbTWOEx,"@baldurk @RenderDoc @nvidia Oh, ok then. Thank you for the answer","@serhii_rieznik @RenderDoc @nvidia No, it's not supported and I have no plans to support it. It's easy enough just‚Ä¶ https://t.co/2AnNcnA3NH",Nvidia Share Price Could Bounce Sharply From Here: Market Recon $NVDA @nvidia https://t.co/ZFYJM3lMuI https://t.co/476UoSWH3r,"Render guys, does @RenderDoc from @baldurk works with VK_NV_glsl_shader? And if the answer is YES - how to enable i‚Ä¶ https://t.co/Wy0mZvBNZZ",RT @nvidia: Scientists in Korea are using GPU-accelerated #deeplearning to help keep people out of harm‚Äôs way. https://t.co/xxZpbKEpuN http‚Ä¶,RT @nvidia: Scientists in Korea are using GPU-accelerated #deeplearning to help keep people out of harm‚Äôs way. https://t.co/xxZpbKEpuN http‚Ä¶,listening to @nvidia's #Earnings report yesterday you can take these things away from the call... in 5 yrs‚Ä¶ https://t.co/Vtneq1pqrT,RT @nvidia: We're recognized as a best place to work for our #LGBTQ equality in @HRC's Corporate Equality Index. https://t.co/v4o4dEUQAH ht‚Ä¶,"RT @DeriveHealth: An important article on the @nvidia¬Æ Blog: ""By Predicting Seizures, #AI Could Be a Life-Changer for People with #Epilepsy‚Ä¶","RT @CIOonline: CIOs pay attention: VR and AR are about to disrupt your industry, by @zkerravala  - https://t.co/jSihinJONK @nvidia","RT @DeriveHealth: An important article on the @nvidia¬Æ Blog: ""By Predicting Seizures, #AI Could Be a Life-Changer for People with #Epilepsy‚Ä¶",RT @BHPhotoVideo: Trident 3 Arctic: @msiUSA gaming computer with the latest @intel 8th gen &amp; @nvidia GTX 1080! #CES2018 #CESunveiled https:‚Ä¶,RT @Rethink_IoT: .@Intel poaches .@AMD Raja to counter .@Nvidia machine-learning lead #IoT  https://t.co/P6J5I2Z2UH,We are the 1st cloud provider in Europe to offer #GPU #cloud based services on @NVIDIA technology. Interested?‚Ä¶ https://t.co/GxpDXaSXJ7,"RT @CIOonline: CIOs pay attention: VR and AR are about to disrupt your industry, by @zkerravala  - https://t.co/jSihinJONK @nvidia",.@Intel poaches .@AMD Raja to counter .@Nvidia machine-learning lead #IoT  https://t.co/P6J5I2Z2UH,@BMW @Audi Separating SW and HW https://t.co/IUki1MGZhb Great for development and end-users! We‚Äôre ready with Vehic‚Ä¶ https://t.co/qsHsflOXxu,@ISBInsight @Health2India @ISBedu @boltyboy @sateesh_andra @EndiyaVC @nvidia @startupindia Always a good time to re‚Ä¶ https://t.co/OhNYLCIgjN,@NVIDIAAIDev @nvidia Killer earning report..‚ù§,"AR VR and MR world with  https://t.co/z4X6Jp2VEz ,is for sale on @flippa! https://t.co/ZhslJ9HnQS  @Sedo @Bitcoin‚Ä¶ https://t.co/MY2BzCvVqP","#VirtualReality and #AugmentedReality are coming to the enterprise.  #CIOs take notice 
https://t.co/M0jQVCKAvY‚Ä¶ https://t.co/h69b2Jp14T",RT @CharChap3: Go Team @nvidia UK ! Walking this morning to raise funds for @BreastCancer_UK in @WindsorGtPark . @NVIDIAEU #BreastCancerAwa‚Ä¶,"Last panel of the day on ""Global Opportunities in India"" @Health2India coming up #MaxInstitute @isbedu. With‚Ä¶ https://t.co/fCUTccaN9b",RT @nvidia: We're recognized as a best place to work for our #LGBTQ equality in @HRC's Corporate Equality Index. https://t.co/v4o4dEUQAH ht‚Ä¶,"RT @CIOonline: CIOs pay attention: VR and AR are about to disrupt your industry, by @zkerravala  - https://t.co/jSihinJONK @nvidia","RT @CIOonline: CIOs pay attention: VR and AR are about to disrupt your industry, by @zkerravala  - https://t.co/jSihinJONK @nvidia",#ESLPROLEAGUE #GAMEREADY #Cloud9 via @NVIDIA LES GO CLOUD9,@nvidia killing it,RT @nutanix: How do @NVIDIA and @Nutanix work together? Hint: well. #NEXTconf https://t.co/qVERSoB7hP,@NVIDIA Results Earnings Call Transcript Available - Seeking Alpha #hardware https://t.co/IRYhEaxUDG,@NVIDIA Stock Up 99% in 2017 - The Motley Fool #hardware https://t.co/jMMOfrN7PT,"RT @CIOonline: CIOs pay attention: VR and AR are about to disrupt your industry, by @zkerravala  - https://t.co/jSihinJONK @nvidia","RT @Professorbroman: Unboxed the new @nvidia Star Wars Jedi Order Titan Xp on stream today, check it out! You could win one of your own, ju‚Ä¶","RT @IBMPowerSystems: Unbounded bandwidth, software and innovation with IBM #PowerSystems and @NVIDIA Volta. https://t.co/AFDurvxaoC #AI htt‚Ä¶","RT @tenlinksnews: @NVIDIA Q3 Revenue Up 18% to $2,636M with $838M Profit #hardware
https://t.co/L9Zoc3yWLi",#ESLPROLEAGUE #GAMEREADY #Cloud9 via @NVIDIA GO GET EM BOIS,"RT @CIOonline: CIOs pay attention: VR and AR are about to disrupt your industry, by @zkerravala  - https://t.co/jSihinJONK @nvidia","CIOs pay attention: VR and AR are about to disrupt your industry, by @zkerravala  - https://t.co/jSihinJONK @nvidia",@rspruijt @frame @autodesku @autodesk @Azure @NVIDIAVirt @nvidia Tnx! I'll make sure to drop by the booth and check it out.,Nvidia posts better-than-expected Q3 financial results https://t.co/74ov9yovAX  @nvidia,RT @nvidia: See how our new partner @deepvisionai uses our GPUs to leverage powerful visual recognition models for enterprises. https://t.c‚Ä¶,RT @nvidia: Check out highlights of the tech demos that will be on display at #GTC17DC. https://t.co/iNH6ftQsXR #AI https://t.co/dL9MX43I5p,"@NVIDIA Q3 Revenue Up 18% to $2,636M with $838M Profit #hardware
https://t.co/L9Zoc3yWLi","RT @nvidia: We are partnering with @BoozAllen to train thousands of students, developers, and government specialists in #AI: https://t.co/y‚Ä¶","@Seth_MWu @frame @autodesku @autodesk @Azure @NVIDIAVirt @nvidia Yes, Frame is Platinum sponsor, we're powering the‚Ä¶ https://t.co/Ha0eSQH07a","That's the look of determination we were looking for..... 
Good Morning @nvidia https://t.co/E5p8STpOQM",RT @nvidia: We're recognized as a best place to work for our #LGBTQ equality in @HRC's Corporate Equality Index. https://t.co/v4o4dEUQAH ht‚Ä¶,Lets get it! Lets go!  #ESLPROLEAGUE #GAMEREADY #TeamLDLC via @NVIDIA,"RT @Professorbroman: Unboxed the new @nvidia Star Wars Jedi Order Titan Xp on stream today, check it out! You could win one of your own, ju‚Ä¶","#ESLPROLEAGUE #GAMEREADY #natusvincere via @NVIDIA
FULLONHAPPINESS","@nvidia I bought an HP Omen computer with a GeForce 1070, I'm eligible to get Overwatch for free? I bought the comp‚Ä¶ https://t.co/TRL1FXzaoD",Nvidia is rising after crushing earnings - https://t.co/anpgdq7SZk via https://t.co/XAo7kQNq8H @nvidia #tech‚Ä¶ https://t.co/A0JYFMH3r5,#ESLPROLEAGUE #GAMEREADY #MisfitsGG via @NVIDIA DO IT,#ESLPROLEAGUE #GAMEREADY #Renegades via @NVIDIA yess,"Hear how @NVIDIA and @SAP together bring #AI technologies to business, with @JimMcHugh at 11am CT on Friday, 11/3. https://t.co/cXpj0oN20V",#ESLPROLEAGUE #GAMEREADY #TeamEnVyUs prin @NVIDIA,#ESLPROLEAGUE #GAMEREADY #G2esports prin @NVIDIA,@victorio91 @nvidia What you playing,@Nvidia #CEO See 'Great Loss' For Rival #AMD After #Intel Hires Exec https://t.co/TjcoGaOs2J,"Quadros are supposed to be ultra-stable workstation cards, right? @nvidia @LinusTech @JayzTwoCents https://t.co/cYlABeAU3A",RT @Denny_RagnaJR: NAVI FOR THE WIN! #ESLPROLEAGUE #GAMEREADY #natusvincere via @NVIDIA,"RT @PerdomoJavier: Unbounded bandwidth, software and innovation with #IBM #PowerSystems and .@NVIDIA Volta. https://t.co/lzr9eBz7DR #AI htt‚Ä¶",RT @NVIDIAEU: .@UniofOxford became 1st academic institution in the UK to receive our #DGX1 supercomputer powered by @NVIDIA Volta: https://‚Ä¶,RT @NVIDIAEU: .@UniofOxford became 1st academic institution in the UK to receive our #DGX1 supercomputer powered by @NVIDIA Volta: https://‚Ä¶,.@UniofOxford became 1st academic institution in the UK to receive our #DGX1 supercomputer powered by @NVIDIA Volta‚Ä¶ https://t.co/0U2RAhvn8m,"RT @fintanr: @matteastwood @nvidia The curve is impressively steep on the DC side. Can't see the Q3 10-Q to get the R&amp;D spend, but a guesst‚Ä¶",RT @cappasity: Cappasity Collaborates with @NVIDIA to Optimize its Technological Solution for Creation of 3D View and 3D Hologram https://t‚Ä¶,Nvidia posts better-than-expected Q3 financial results https://t.co/74ov9yovAX @nvidia,Anthony Robbins named VP for North American public sector business at @NVIDIA $NVDA #GovCon https://t.co/HglHBJZCeM,"RT @Professorbroman: Unboxed the new @nvidia Star Wars Jedi Order Titan Xp on stream today, check it out! You could win one of your own, ju‚Ä¶",@rspruijt @frame @autodesku @autodesk @Azure @NVIDIAVirt @nvidia Are you guys going to #AU2017?,"RT @Gothalion: Unboxed the new @nvidia Star Wars Galacitc Emprie Titan Xp on stream today, check it out! You could win one of your own, jus‚Ä¶",RT @DanStine_MN: BIM Chapters: Watch My NVIDIA Webinar on VR in the AEC Space https://t.co/F0kl3BotLx I hope you like it @nvidia @Enscape3d‚Ä¶,@EA @elgatogaming @nvidia @Xbox @PlayStation @amazon @CORSAIR and any other company reading this. If you have anyth‚Ä¶ https://t.co/z3jrex46WE,"@Gothalion @nvidia ""Sorry, this promotion is not available in your region"" https://t.co/OU3GpU103h","@matteastwood @nvidia The curve is impressively steep on the DC side. Can't see the Q3 10-Q to get the R&amp;D spend, b‚Ä¶ https://t.co/LqL04sZZmh","RT @Professorbroman: Unboxed the new @nvidia Star Wars Jedi Order Titan Xp on stream today, check it out! You could win one of your own, ju‚Ä¶",#Gaming: @nvidia steps up its transition to an #AI company https://t.co/fhzfpc3JJc via @VentureBeat,"RT @Captain_Madmut: The Way It's Meant To Be Played, Get @nvidia Gear #supportsmallerstreams @zimisss @DNR_CREW https://t.co/qAugFhuTjM @6o‚Ä¶",RT @nvidia: We're recognized as a best place to work for our #LGBTQ equality in @HRC's Corporate Equality Index. https://t.co/v4o4dEUQAH ht‚Ä¶,#ESLPROLEAGUE #GAMEREADY #GoingRogueGG via @NVIDIA Best of luck!,"RT @Professorbroman: Unboxed the new @nvidia Star Wars Jedi Order Titan Xp on stream today, check it out! You could win one of your own, ju‚Ä¶","RT @Captain_Madmut: The Way It's Meant To Be Played, Get @nvidia Gear #supportsmallerstreams @zimisss @DNR_CREW https://t.co/qAugFhuTjM @6o‚Ä¶","RT @Professorbroman: Unboxed the new @nvidia Star Wars Jedi Order Titan Xp on stream today, check it out! You could win one of your own, ju‚Ä¶","READ: Side with the Empire or the Jedi with the @nvidia Titan Xp Star Wars Collector‚Äôs Edition

https://t.co/oIJSVnQRB4","""A Cloud for creators"" - First never follows: Autodesk University and @Frame: https://t.co/iAXfoAmPnJ @autodesku‚Ä¶ https://t.co/zVXIl0YcJn","RT @Captain_Madmut: The Way It's Meant To Be Played, Get @nvidia Gear #supportsmallerstreams @zimisss @DNR_CREW https://t.co/qAugFhuTjM @6o‚Ä¶",I'm getting interested about e-sports  #ESLPROLEAGUE #GAMEREADY #BIGCLANgg via @NVIDIA,"RT @Captain_Madmut: The Way It's Meant To Be Played, Get @nvidia Gear #supportsmallerstreams @zimisss @DNR_CREW https://t.co/qAugFhuTjM @6o‚Ä¶",@tomshardware @nvidia @intel @AMD I guess time will tell which approach comes out on top lol.,"RT @Captain_Madmut: The Way It's Meant To Be Played, Get @nvidia Gear #supportsmallerstreams @zimisss @DNR_CREW https://t.co/qAugFhuTjM @6o‚Ä¶","RT @Captain_Madmut: The Way It's Meant To Be Played, Get @nvidia Gear #supportsmallerstreams @zimisss @DNR_CREW https://t.co/qAugFhuTjM @6o‚Ä¶","RT @Captain_Madmut: The Way It's Meant To Be Played, Get @nvidia Gear #supportsmallerstreams @zimisss @DNR_CREW https://t.co/qAugFhuTjM @6o‚Ä¶","RT @Captain_Madmut: The Way It's Meant To Be Played, Get @nvidia Gear #supportsmallerstreams @zimisss @DNR_CREW https://t.co/qAugFhuTjM @6o‚Ä¶","The Way It's Meant To Be Played, Get @nvidia Gear #supportsmallerstreams @zimisss @DNR_CREW https://t.co/qAugFhuTjM‚Ä¶ https://t.co/IJmsh3yEpz","RT @Professorbroman: Unboxed the new @nvidia Star Wars Jedi Order Titan Xp on stream today, check it out! You could win one of your own, ju‚Ä¶","RT @Professorbroman: Unboxed the new @nvidia Star Wars Jedi Order Titan Xp on stream today, check it out! You could win one of your own, ju‚Ä¶","RT @nvidia: Congrats to our CEO, Jensen Huang, for being recognized as the best-performing #CEO in the U.S. by @HarvardBiz. https://t.co/Wa‚Ä¶","RT @Professorbroman: Unboxed the new @nvidia Star Wars Jedi Order Titan Xp on stream today, check it out! You could win one of your own, ju‚Ä¶",@Sneakykorean @nvidia this guy fucks #sneaky,"RT @Gothalion: Unboxed the new @nvidia Star Wars Galacitc Emprie Titan Xp on stream today, check it out! You could win one of your own, jus‚Ä¶","RT @Professorbroman: Unboxed the new @nvidia Star Wars Jedi Order Titan Xp on stream today, check it out! You could win one of your own, ju‚Ä¶",@Gothalion @nvidia Rnjesus bless me now that I'm back from the dead.,RT @nvidia: A doctor works with GPUs and #deeplearning to potentially create a life-changing system for people with epilepsy. https://t.co/‚Ä¶,RT @SAPInMemory: SAP and @nvidia partnership has gained in further substance. https://t.co/StKZRMo0dq #ml https://t.co/Tm9hqIS1rk,@Professorbroman @nvidia NOOOOOOOOOOOOOO!!!!! It's unavailable in AUSTRALIA!!! https://t.co/ulIQGhBWE6,"RT @Professorbroman: Unboxed the new @nvidia Star Wars Jedi Order Titan Xp on stream today, check it out! You could win one of your own, ju‚Ä¶",#ESLPROLEAGUE #GAMEREADY #clgaming via @NVIDIA You boys got this!,"RT @Professorbroman: Unboxed the new @nvidia Star Wars Jedi Order Titan Xp on stream today, check it out! You could win one of your own, ju‚Ä¶",RT @nvidia: We're recognized as a best place to work for our #LGBTQ equality in @HRC's Corporate Equality Index. https://t.co/v4o4dEUQAH ht‚Ä¶,#ESLPROLEAGUE #GAMEREADY #BIGCLANgg via @NVIDIA Let's do this!,"RT @Professorbroman: Unboxed the new @nvidia Star Wars Jedi Order Titan Xp on stream today, check it out! You could win one of your own, ju‚Ä¶","@nvidia ... if GT710 works, Quadro vanishes from device manager with only the basic windows display adaptor on at 1‚Ä¶ https://t.co/eulQfgpimJ","@nvidia I'm kinda irritated with your driver's.
I've got two graphics cards running 3 monitors, an old Quadro4000 (‚Ä¶ https://t.co/bqvVF516Wf","RT @Professorbroman: Unboxed the new @nvidia Star Wars Jedi Order Titan Xp on stream today, check it out! You could win one of your own, ju‚Ä¶","RT @Professorbroman: Unboxed the new @nvidia Star Wars Jedi Order Titan Xp on stream today, check it out! You could win one of your own, ju‚Ä¶",RT @UofTCompSci: #UofTCompSci Prof Sanja Fidler @UTM has a grand vision for robots of the future. ü§ñ She talks #AI tonight @nvidia Day! http‚Ä¶,"RT @Professorbroman: Unboxed the new @nvidia Star Wars Jedi Order Titan Xp on stream today, check it out! You could win one of your own, ju‚Ä¶",RT @nvidia: Welcome to NVIDIA Holodeck. Apply for early access to the world‚Äôs first collaborative &amp; physics-based #VR platform. https://t.c‚Ä¶,RT @BiotechTechAI: @Lin_ling_88 @nvidia @bradloncar $NVDA is doing cool stuff with #oncology and #cancer #AI  You may wish to explore and j‚Ä¶,Go team Big because your logo is best and apparently I have a one in a million shot at a free Nvidia card #GAMEREADY #BIGCLANgg via @NVIDIA,"RT @Professorbroman: Unboxed the new @nvidia Star Wars Jedi Order Titan Xp on stream today, check it out! You could win one of your own, ju‚Ä¶","RT @Professorbroman: Unboxed the new @nvidia Star Wars Jedi Order Titan Xp on stream today, check it out! You could win one of your own, ju‚Ä¶","RT @nvidia: Powered by our NVIDIA Tesla #V100 GPUs, Amazon EC2 P3 instances are now available. https://t.co/Ge8DiJ5TwC",RT @NVIDIAAIDev: Researchers from @NVIDIA used #GANs to generate photorealistic images of fake celebrities.  https://t.co/Uj8X8SNy8N https:‚Ä¶,"RT @NVIDIAAIDev: Build, train, and deploy #AI in the cloud with the recently announced @NVIDIA #GPUCloud -  https://t.co/UJpCDl86qs https:/‚Ä¶",RT @NVIDIAAIDev: The @nvidia #NVDLI partners with @BoozAllen and deeplearning.ai by @AndrewYNg to offer #deeplearning training. https://t.c‚Ä¶,"RT @NVIDIAAIDev: The @nvidia #NVDLI announces #deeplearning courses in finance, NLP, robotics, video analytics, and #selfdrivingcars. https‚Ä¶",RT @nvidia: An @MIT research team uses our GPUs to create an #AI writer of horror stories. https://t.co/FLnsiWJ4tA #Halloween2017 https://t‚Ä¶,"RT @Gothalion: Unboxed the new @nvidia Star Wars Galacitc Emprie Titan Xp on stream today, check it out! You could win one of your own, jus‚Ä¶","Check out this cool project team member @jordanmajd is working on: ""Learn how to capture 360 screenshots in‚Ä¶ https://t.co/WFdbaQxuex","RT @Professorbroman: Unboxed the new @nvidia Star Wars Jedi Order Titan Xp on stream today, check it out! You could win one of your own, ju‚Ä¶",How we can find a bug on #AI on the #Selfdriving #vehicles @IEEEorg @nvidia https://t.co/o8rUOZIXJW,"@Professorbroman @nvidia Can't even enter, it annoys me when people from different countries can't enter a competit‚Ä¶ https://t.co/Q1OmWWQ8rR","While I was closing a store, someone knocked my @NVIDIA water bottle off my bag onto the ground and it cracked AGAI‚Ä¶ https://t.co/nRFTvOhedI",$nvda to 230? Then 250? Crazy earnings. @nvidia,@Blakerscs @josephbreynolds @nvidia Respect ur father,"RT @Professorbroman: Unboxed the new @nvidia Star Wars Jedi Order Titan Xp on stream today, check it out! You could win one of your own, ju‚Ä¶",@PatrickMoorhead @nvidia I retweeted it from some guy I met on the Internet ... I can maybe introduce you!,RT @BHPhotoVideo: Trident 3 Arctic: @msiUSA gaming computer with the latest @intel 8th gen &amp; @nvidia GTX 1080! #CES2018 #CESunveiled https:‚Ä¶,"RT @Professorbroman: Unboxed the new @nvidia Star Wars Jedi Order Titan Xp on stream today, check it out! You could win one of your own, ju‚Ä¶","RT @Professorbroman: Unboxed the new @nvidia Star Wars Jedi Order Titan Xp on stream today, check it out! You could win one of your own, ju‚Ä¶",@nvidia LETS GET IT ENVY,@PatrickMoorhead @matteastwood @nvidia Watermark. ü§ë,@krmarko @matteastwood @nvidia I‚Äôll sign it next time.,@PatrickMoorhead @matteastwood @nvidia Didn't you know there's a copyright on those circles? üòÄ,@matteastwood @nvidia Hey nice pic. Where‚Äôd you get it?,@MallarderM @RickyBobbySez @nvidia @HRC Christians do not hate gays. We love them enough to teach them the truth ab‚Ä¶ https://t.co/qWAfClbv29,RT @nvidia: We're recognized as a best place to work for our #LGBTQ equality in @HRC's Corporate Equality Index. https://t.co/v4o4dEUQAH ht‚Ä¶,"@MallarderM @nvidia @HRC It is a violation of God's creation, and abomination in His sight. It ends the life of the‚Ä¶ https://t.co/Qb5RxHpxe9","RT @Professorbroman: Unboxed the new @nvidia Star Wars Jedi Order Titan Xp on stream today, check it out! You could win one of your own, ju‚Ä¶",@PCMag @PNYUSA @NVIDIAGeForce @nvidia @CORSAIR @Thermaltake @GIGABYTEUSA @westerndigital @GIGABYTEMB Thanks a lot!‚Ä¶ https://t.co/odtcmSOzsF,"RT @jzelin6: Thank you @nvidia - I‚Äôll have the surf and turf tonight, and maybe the prime rib to go.",@nvidia and @intel are quietly setting the stones for their dominance of the #ArtificialIntelligence landscape year‚Ä¶ https://t.co/mNo4OLClRz,"RT @Professorbroman: Unboxed the new @nvidia Star Wars Jedi Order Titan Xp on stream today, check it out! You could win one of your own, ju‚Ä¶",Quite a run in the Datacenter from @nvidia! https://t.co/xNvaY3hf5w,@NVIDIAAIDev @nvidia Great stuff !!!!,"RT @Professorbroman: Unboxed the new @nvidia Star Wars Jedi Order Titan Xp on stream today, check it out! You could win one of your own, ju‚Ä¶","RT @Professorbroman: Unboxed the new @nvidia Star Wars Jedi Order Titan Xp on stream today, check it out! You could win one of your own, ju‚Ä¶","RT @marchamilton: @nvidia spent several $B R&amp;D developing Volta, DGX-1, and optimizing every major #DeepLearning framework, now every data‚Ä¶","RT @marchamilton: @nvidia spent several $B R&amp;D developing Volta, DGX-1, and optimizing every major #DeepLearning framework, now every data‚Ä¶","RT @Professorbroman: Unboxed the new @nvidia Star Wars Jedi Order Titan Xp on stream today, check it out! You could win one of your own, ju‚Ä¶",RT @nvidia: A doctor works with GPUs and #deeplearning to potentially create a life-changing system for people with epilepsy. https://t.co/‚Ä¶,#breakfast of champions @Starbucks ... installing #CUDA @nvidia @NVIDIAJapan @NVIDIAEmbedded (#Panther in bg) https://t.co/oeNZah9ple,RT @NVIDIAAIDev: Enter the #NIPS2017 @DeepArt_io style transfer poster contest for a chance to win an @NVIDIA DGX Station -- https://t.co/P‚Ä¶,.@VMware is coming to #SC17 next week! Attendees will have the opportunity to learn about a variety of new technolo‚Ä¶ https://t.co/JOrFAPga92,RT @johnpslavin: .@UniofOxford became 1st academic institution in the UK to receive a #DGX1 supercomputer powered by @NVIDIA Volta. https:/‚Ä¶,@pateltexas @ampressman @nvidia yeah,"@ampressman @OphirGottlieb If you listen to Jensen Huang on @nvidia conference call, you will realise how nice and‚Ä¶ https://t.co/eMirvGGQuS",RT @groupwaretech: Ready for the AI Roundtable with our partners @nvidia and @PureStorage! #weanswerthecall #AItechnology #artificialintell‚Ä¶,@Lin_ling_88 @nvidia @bradloncar $NVDA is doing cool stuff with #oncology and #cancer #AI  You may wish to explore‚Ä¶ https://t.co/qe1aKbqo6w,"RT @Professorbroman: Unboxed the new @nvidia Star Wars Jedi Order Titan Xp on stream today, check it out! You could win one of your own, ju‚Ä¶",RT @BHPhotoVideo: Trident 3 Arctic: @msiUSA gaming computer with the latest @intel 8th gen &amp; @nvidia GTX 1080! #CES2018 #CESunveiled https:‚Ä¶,Was looking at Nvidia GPU Cuda Cores and Imagine if this was true! @nvidia @NVIDIAGeForce  üò± https://t.co/5mRq3c9jCp,@nvidia Wake up and smell the #deeplearning. #MinhaCienciaEmUmTweet @dcc_ufmg,RT @nvidia: We're recognized as a best place to work for our #LGBTQ equality in @HRC's Corporate Equality Index. https://t.co/v4o4dEUQAH ht‚Ä¶,RT @rachelloumiller: [video] Learning about GPU computing with @NVIDIA https://t.co/xvu5S6qdtW #IoT,RT @BHPhotoVideo: Trident 3 Arctic: @msiUSA gaming computer with the latest @intel 8th gen &amp; @nvidia GTX 1080! #CES2018 #CESunveiled https:‚Ä¶,@halveb @nvidia same,RT @nvidia: Get a recap of the biggest NVIDIA highlights from #GTC17DC from SURVICE's Hoverbike to our @BoozAllen partnership: https://t.co‚Ä¶,#VMworld 2017: The power of virtualizing GPU power with @nvidia and @FlexPod 3D https://t.co/R2ciFRZzQj
