RT @Tesla: Hospital del Ni√±o is first of many solar+storage projects going live. Grateful to support the recovery of Puerto Rico with @rica‚Ä¶,"@gabegutierrez ?The @nbc PR solar farm story. I‚Äôm confused,the reference 2 the shattered farm,is @Tesla @elonmusk g‚Ä¶ https://t.co/URjQN3pkG9",RT @ClimateReality: Incredible. @Tesla just restored power to Children‚Äôs Hospital in #PuertoRico using renewable energy. https://t.co/Vkxr0‚Ä¶,Thank you @Tesla @elonmusk üôåüèªüíØ https://t.co/754DtnaUkW,"@Tesla @ricardorossello Please spread your generosity to the US Virgin Islands - St Croix, St Thomas and St John we‚Ä¶ https://t.co/aB6fZOHgfj",@Tesla @elonmusk @ricardorossello So awesome that you treated Hospital del Nino!  Way to go Elon!!!,@Tesla @ricardorossello @NBCNightlyNews skepticism from someone that solar could work.Seriously? Maybe the defunct‚Ä¶ https://t.co/MLkzoS6xRI,RT @McleranWilkins: @realDonaldTrump Why don't you endorse the #solarenergy industry? @Tesla went to #PuertoRico &amp; converted a children's h‚Ä¶,@Tesla @ricardorossello Thank You!!!!!,RT @Tesla: Hospital del Ni√±o is first of many solar+storage projects going live. Grateful to support the recovery of Puerto Rico with @rica‚Ä¶,RT @Tesla: Hospital del Ni√±o is first of many solar+storage projects going live. Grateful to support the recovery of Puerto Rico with @rica‚Ä¶,RT @Tesla: Hospital del Ni√±o is first of many solar+storage projects going live. Grateful to support the recovery of Puerto Rico with @rica‚Ä¶,RT @ClimateReality: Incredible. @Tesla just restored power to Children‚Äôs Hospital in #PuertoRico using renewable energy. https://t.co/Vkxr0‚Ä¶,Thank you @elonmusk &amp; @Tesla! https://t.co/gXj8GqElgc,RT @Tesla: Hospital del Ni√±o is first of many solar+storage projects going live. Grateful to support the recovery of Puerto Rico with @rica‚Ä¶,RT @Tesla: Hospital del Ni√±o is first of many solar+storage projects going live. Grateful to support the recovery of Puerto Rico with @rica‚Ä¶,RT @Tesla: Hospital del Ni√±o is first of many solar+storage projects going live. Grateful to support the recovery of Puerto Rico with @rica‚Ä¶,RT @Tesla: Hospital del Ni√±o is first of many solar+storage projects going live. Grateful to support the recovery of Puerto Rico with @rica‚Ä¶,RT @ClimateReality: Incredible. @Tesla just restored power to Children‚Äôs Hospital in #PuertoRico using renewable energy. https://t.co/Vkxr0‚Ä¶,"@MKBHD @tldtoday @CaseyNeistat @elonmusk made my own @tesla case today with electrical tape stencil, silver sharpie‚Ä¶ https://t.co/6jUspQ88o2",RT @ClimateReality: Incredible. @Tesla just restored power to Children‚Äôs Hospital in #PuertoRico using renewable energy. https://t.co/Vkxr0‚Ä¶,RT @ClimateReality: Incredible. @Tesla just restored power to Children‚Äôs Hospital in #PuertoRico using renewable energy. https://t.co/Vkxr0‚Ä¶,RT @DMC_Ryan: #118 of my @Tesla show is huge! @elonmusk quotes/analysis from the Q3 conference call + a listener gets her Model 3! https://‚Ä¶,RT @Tesla: Hospital del Ni√±o is first of many solar+storage projects going live. Grateful to support the recovery of Puerto Rico with @rica‚Ä¶,RT @ClimateReality: Incredible. @Tesla just restored power to Children‚Äôs Hospital in #PuertoRico using renewable energy. https://t.co/Vkxr0‚Ä¶,RT @ClimateReality: Incredible. @Tesla just restored power to Children‚Äôs Hospital in #PuertoRico using renewable energy. https://t.co/Vkxr0‚Ä¶,RT @ClimateReality: Incredible. @Tesla just restored power to Children‚Äôs Hospital in #PuertoRico using renewable energy. https://t.co/Vkxr0‚Ä¶,"RT @CbrBretaud: #wesupportelonmusk
Go @elonmusk ! We believe in your future 
@SpaceX @Tesla @boringcompany @solarcity üòé",RT @Tesla: Hospital del Ni√±o is first of many solar+storage projects going live. Grateful to support the recovery of Puerto Rico with @rica‚Ä¶,"Part of #Future of #Transportation?
#Bicycle + #ElectricVehicle =
#eVelomobile?
#ev #bike @Brandale2221 @rafay_alam‚Ä¶ https://t.co/nlkzoMGqLM","Say hello to #Baker NV where the ""Clock"" of time seems to last a millennia. Just ask @JeffBezos üï∞üî≠ @NatlParkService‚Ä¶ https://t.co/UPtW0qkdlu",RT @Tesla: Hospital del Ni√±o is first of many solar+storage projects going live. Grateful to support the recovery of Puerto Rico with @rica‚Ä¶,If I get rich I want a @Tesla so bad üò©,"RT @alexlewit: Couldn't be clearer @BMW @VW @Apple @Tesla need to derisk from DRC #cobalt supply to ethical and sustainable sources
https:/‚Ä¶",@Tesla I've gotta get mine,@melindagates @elonmusk @IMFSpokesperson @Tesla flight geneva Oslo norway to cabin with moderate funding; Immunity;‚Ä¶ https://t.co/My4ZL70E9U,"@gorandjenadic @Tesla @NHTSAgov To bad, so that's how your Tesla Model 3 is assembled? Go back to them, I'm sure they'll help you out!",RT @ClimateReality: Incredible. @Tesla just restored power to Children‚Äôs Hospital in #PuertoRico using renewable energy. https://t.co/Vkxr0‚Ä¶,"Grabbing dinner in @effinghamil, I love the @Tesla #superchargers ... yep üëç they nailed it. https://t.co/81Zg4TYDtc",RT @GreenAmbition: @VicenteFoxQue @realDonaldTrump @Tesla @elonmusk Thank You @elonmusk so very generous of you.  Humanitarian Award is def‚Ä¶,@tesla @NHTSAgov this is what happens when Tesla rushes Model 3 to market. What other problems are there that will‚Ä¶ https://t.co/WPZ6iY5rXc,RT @Tesla: Hospital del Ni√±o is first of many solar+storage projects going live. Grateful to support the recovery of Puerto Rico with @rica‚Ä¶,@BMW @VW @Apple @Tesla This directly relates to @Glencore biggest #copper &amp; #cobalt exposure in DRC #ASX‚Ä¶ https://t.co/GGlXpmkkjE,@Tesla @elonmusk Puerto Rico's SEERT (Solar Engineering and Research Team) is looking for sponsors! https://t.co/GMOkAUwEux,RT @ClimateReality: Incredible. @Tesla just restored power to Children‚Äôs Hospital in #PuertoRico using renewable energy. https://t.co/Vkxr0‚Ä¶,RT @ClimateReality: Incredible. @Tesla just restored power to Children‚Äôs Hospital in #PuertoRico using renewable energy. https://t.co/Vkxr0‚Ä¶,"Couldn't be clearer @BMW @VW @Apple @Tesla need to derisk from DRC #cobalt supply to ethical and sustainable sources
https://t.co/07Cv9V13yO",RT @FredericLambert: Those 350 kW stations are going up right now. Your move @Tesla @elonmusk https://t.co/7IeDWWBJsO https://t.co/piacp5dh‚Ä¶,RT @GrahamTESLA1985: Just read a load of bollocks on the front page of @FT in  to @Tesla @elonmusk Dealerships give me a BREAK. @Model3Owne‚Ä¶,RT @Tesla: Hospital del Ni√±o is first of many solar+storage projects going live. Grateful to support the recovery of Puerto Rico with @rica‚Ä¶,@Tesla @elonmusk @ricardorossello Please Please Please tell us that #Tesla is going to power #Vieques    What a proof of concept.,"@Tesla @elonmusk Furthermore, this month's @Patreon-exclusive bonus episode is now up for $10+ patrons. Tons o' top‚Ä¶ https://t.co/vvTpaKFAko",#118 of my @Tesla show is huge! @elonmusk quotes/analysis from the Q3 conference call + a listener gets her Model 3! https://t.co/ZNkL1IRUeE,RT @ClimateReality: Incredible. @Tesla just restored power to Children‚Äôs Hospital in #PuertoRico using renewable energy. https://t.co/Vkxr0‚Ä¶,"@gregstevens @williamlegate Love it, lock him up ü§° AND environmentally aware... @Tesla üòÅüëçüåé",@scarfonephoto Looks like what @Tesla would build as a yacht. Pretty cool.,@The_real_colin @_MisterBD @TheTeslaShow @Model3Owners @Tesla @_MrsKD @elonmusk Priorities are important. If they t‚Ä¶ https://t.co/Yf5h0SRjQl,@The_real_colin @_MisterBD @TheTeslaShow @Model3Owners @Tesla @_MrsKD @elonmusk Depends. I couldn‚Äôt care less about‚Ä¶ https://t.co/JhHROQ4zNs,@Dss33 @_MisterBD @TheTeslaShow @Model3Owners @Tesla @_MrsKD @elonmusk ü§îü§î. So which one is it? https://t.co/dYemVeaHoU,"@The_real_colin @_MisterBD @TheTeslaShow @Model3Owners @Tesla @_MrsKD @elonmusk Ha yeh. Truth is, people get stoked‚Ä¶ https://t.co/9PRnuUOn1l",RT @MortenCB: #WeSupportElonMusk I believe in the future you're creating! Stay in there and things will work out! @elonmusk @Tesla,RT @MCWessel3: #WeSupportElonMusk I believe in the absolut great future you're creating! You are changing the world. üëè@elonmusk @Tesla,@Dss33 @_MisterBD @TheTeslaShow @Model3Owners @Tesla @_MrsKD @elonmusk Agree 100%. Just chill on the adulation of the features,@The_real_colin @_MisterBD @TheTeslaShow @Model3Owners @Tesla @_MrsKD @elonmusk My big point is that lots of cheape‚Ä¶ https://t.co/o53hKup4pX,RT @e_carl_e: Go @Tesla and all the People working hard!  Lot of power to @elonmusk and your Teams! #wesupportelonmusk,"RT @CbrBretaud: #wesupportelonmusk
Go @elonmusk ! We believe in your future 
@SpaceX @Tesla @boringcompany @solarcity üòé","@The_real_colin @_MisterBD @TheTeslaShow @Model3Owners @Tesla @_MrsKD @elonmusk But, being able to add features lik‚Ä¶ https://t.co/J9rWKL3DIS",When my @Tesla #autopilot saves the day ... @elonmusk is under estimating how safe it is. My #ModelX sees when I ca‚Ä¶ https://t.co/WgCGKo8sg4,@The_real_colin @_MisterBD @TheTeslaShow @Model3Owners @Tesla @_MrsKD @elonmusk Glad you brought us back. You could‚Ä¶ https://t.co/XVxvqy0Tm8,@Dss33 @_MisterBD @TheTeslaShow @Model3Owners @Tesla @_MrsKD @elonmusk Point is people are getting excited about fe‚Ä¶ https://t.co/9kCVpTP2SO,RT @ClimateReality: Incredible. @Tesla just restored power to Children‚Äôs Hospital in #PuertoRico using renewable energy. https://t.co/Vkxr0‚Ä¶,RT @ClimateReality: Incredible. @Tesla just restored power to Children‚Äôs Hospital in #PuertoRico using renewable energy. https://t.co/Vkxr0‚Ä¶,RT @ClimateReality: Incredible. @Tesla just restored power to Children‚Äôs Hospital in #PuertoRico using renewable energy. https://t.co/Vkxr0‚Ä¶,RT @Tesla: Solar + Storage now powering a sustainable Kauai https://t.co/50dusJLzvM,RT @Tesla: Model S or Model 3: Which Tesla is right for you https://t.co/kxwSZKQKRe,RT @Tesla: The future of Tesla service https://t.co/lWx0rDr4Ix,"RT @Tesla: S, 3, X on a bridge https://t.co/2E57xqkTVY",RT @ClimateReality: Incredible. @Tesla just restored power to Children‚Äôs Hospital in #PuertoRico using renewable energy. https://t.co/Vkxr0‚Ä¶,@The_real_colin @_MisterBD @TheTeslaShow @Model3Owners @Tesla @_MrsKD @elonmusk Or just wait six months and you can‚Ä¶ https://t.co/6FcOt8yh7S,RT @Tesla: Supercharging Cities https://t.co/IGK9FasWDa,@The_real_colin @_MisterBD @TheTeslaShow @Model3Owners @Tesla @_MrsKD @elonmusk Wasn‚Äôt cheap though. You can get an‚Ä¶ https://t.co/It2GCypAwi,Does anyone know what's happened to #merchandise for #Tesla in the UK/EU?  I have stuff I want to buy and I can't do it... @Tesla @elonmusk,RT @ClimateReality: Incredible. @Tesla just restored power to Children‚Äôs Hospital in #PuertoRico using renewable energy. https://t.co/Vkxr0‚Ä¶,RT @ClimateReality: Incredible. @Tesla just restored power to Children‚Äôs Hospital in #PuertoRico using renewable energy. https://t.co/Vkxr0‚Ä¶,RT @ClimateReality: Incredible. @Tesla just restored power to Children‚Äôs Hospital in #PuertoRico using renewable energy. https://t.co/Vkxr0‚Ä¶,"RT @sfciti: In their Puerto Rico relief efforts, @Tesla is building solar facilities that generate &amp; store power https://t.co/Ov1c55YE8D @I‚Ä¶","https://t.co/vI6Fn8bDHA now who would want this! @tesla we want  #ludicurous modes in S, than #chill modes...",RT @ClimateReality: Incredible. @Tesla just restored power to Children‚Äôs Hospital in #PuertoRico using renewable energy. https://t.co/Vkxr0‚Ä¶,"In their Puerto Rico relief efforts, @Tesla is building solar facilities that generate &amp; store power https://t.co/Ov1c55YE8D @INSN_oficial",RT @andeswines: @teslafans @TeslaMotorsClub @elonmusk @Tesla great charging station x #tesla #teslamodel3 #napafires #NapaValley #Californi‚Ä¶,RT @ClimateReality: Incredible. @Tesla just restored power to Children‚Äôs Hospital in #PuertoRico using renewable energy. https://t.co/Vkxr0‚Ä¶,.@Tesla's #PuertoRico solar-plus-storage project shows how solar microgrids can quickly provide resilient power:‚Ä¶ https://t.co/D8CIRQCUAI,That moment you realise your son owned a @Tesla before you... https://t.co/v8FrWFQQx7,RT @ClimateReality: Incredible. @Tesla just restored power to Children‚Äôs Hospital in #PuertoRico using renewable energy. https://t.co/Vkxr0‚Ä¶,RT @ClimateReality: Incredible. @Tesla just restored power to Children‚Äôs Hospital in #PuertoRico using renewable energy. https://t.co/Vkxr0‚Ä¶,RT @Tesla: Watch a Tesla Model 3 vs. Volvo S60 side-pole impact test https://t.co/dXBQkstrdo,RT @ClimateReality: Incredible. @Tesla just restored power to Children‚Äôs Hospital in #PuertoRico using renewable energy. https://t.co/Vkxr0‚Ä¶,"Over the past decade, @elonmusk and @Tesla have ¬´¬†repeatedly redefined the possible¬†¬ª

üöóüîã‚ö°Ô∏èü§ñ‚ò∫Ô∏èüëçüèª

#EV #RoboCars https://t.co/bXwQ6V7LEy","@Dss33 @_MisterBD @TheTeslaShow @Model3Owners @Tesla @_MrsKD @elonmusk Also didn't cost $100,000",Younger generation enjoying the future of driving. Thanks for the very enjoyable test drive @Tesla. h/t @elonmusk‚Ä¶ https://t.co/tTIaaPqQMF,@Model3Owners Intresting chill option! Yes rain sensing where is it @tesla?,RT @ClimateReality: Incredible. @Tesla just restored power to Children‚Äôs Hospital in #PuertoRico using renewable energy. https://t.co/Vkxr0‚Ä¶,RT @ClimateReality: Incredible. @Tesla just restored power to Children‚Äôs Hospital in #PuertoRico using renewable energy. https://t.co/Vkxr0‚Ä¶,"@MarioBuchinger @benben144 @HaraldLesch @Tesla Uups vergessen!!!! Aaarghhh
Watch this:

https://t.co/vomLUhgxKF","The #environment we leave for our children need both @Tesla &amp; @Toyota #Hydrogen to do well. Not soon but #Now 

https://t.co/Hn7q1nCmwE","RT @KezarHomes: More talk about battery operated homes, is this #thefuture? https://t.co/Hhg2nm8bNo @Tesla https://t.co/2WrKSoWypv",Go @Tesla and all the People working hard!  Lot of power to @elonmusk and your Teams! #wesupportelonmusk,#WeSupportElonMusk I believe in the absolut great future you're creating! You are changing the world. üëè@elonmusk @Tesla,RT @ClimateReality: Incredible. @Tesla just restored power to Children‚Äôs Hospital in #PuertoRico using renewable energy. https://t.co/Vkxr0‚Ä¶,Super stoked to see this @Tesla @BrickellCityCtr @CityofMiami supercharger news!! https://t.co/saJrWHymb3,RT @ClimateReality: Incredible. @Tesla just restored power to Children‚Äôs Hospital in #PuertoRico using renewable energy. https://t.co/Vkxr0‚Ä¶,#WeSupportElonMusk I believe in the future you're creating! Stay in there and things will work out! @elonmusk @Tesla,"RT @Tesla: This is Ludicrous. Model S P90D takes on @Boeing 737 @Qantas
https://t.co/9mPK1mk0Kf",RT @therealautoblog: Elon Musk: @Tesla vehicles will already know where we‚Äôre going ... https://t.co/aVwXjRYaH8 https://t.co/KevcNZs49x,@elonmusk @Tesla Kudos to you guys already having the app ready for the new iPhoneX! Can we get a wireless charger retrofit for the console?,RT @Tesla: Hospital del Ni√±o is first of many solar+storage projects going live. Grateful to support the recovery of Puerto Rico with @rica‚Ä¶,"@KnightmarArchon @MagneClip @ElectrekCo @Tesla I suspect ""chill"" will have just a little more power than valet w/o‚Ä¶ https://t.co/OZqCwTvQYB","#wesupportelonmusk
Go @elonmusk ! We believe in your future 
@SpaceX @Tesla @boringcompany @solarcity üòé",@Tesla  you buy a Tesla car and you get shares in the company I see a lot of potential,@Tesla one method instead of tax break shares into the company company buy back in the future there's so many ways it can work,@Tesla  tax credit is very important poor customer benefit  present consumer buying Tesla car without tax break will benefit in the future,Tesla &amp; Chill... @Tesla releases new software update w/ ‚ÄòChill‚Äô feature 2 soften crazy acceleration + more https://t.co/7YkWGauT4G @elonmusk,RT @ClimateReality: Incredible. @Tesla just restored power to Children‚Äôs Hospital in #PuertoRico using renewable energy. https://t.co/Vkxr0‚Ä¶,"@Tesla has big plans for the next year. Their goal is to have 10,000 Superchargers this year. We're lucky enough to already have one!",Just saw a @Tesla Model S üò¢,RT @ClimateReality: Incredible. @Tesla just restored power to Children‚Äôs Hospital in #PuertoRico using renewable energy. https://t.co/Vkxr0‚Ä¶,RT @Tesla: Hospital del Ni√±o is first of many solar+storage projects going live. Grateful to support the recovery of Puerto Rico with @rica‚Ä¶,"RT @Tesla: Atmospheric CO2 levels hit an 800,000-year high in 2016 https://t.co/PeFMDHzD3u",@The_real_colin @_MisterBD @TheTeslaShow @Model3Owners @Tesla @_MrsKD @elonmusk Didn't know your Caddy can do 0-60‚Ä¶ https://t.co/XbdlMpOs9Z,@elonmusk when will https://t.co/pfb5NI1WUH design studio be mobile optimised? @Tesla,@KwameKino @zZachyz @MKBHD @Tesla Looks like a design flaw. It‚Äôs upside down...,Just found this amazing @Tesla Model S 70D while I was leaving the gym and my god is this car georgeous!! https://t.co/Kf6fnru6hU,@zZachyz @MKBHD Looks quite like a @Tesla logo!üòÉ,"@MKBHD Only if you didn‚Äôt put that @Tesla logo on top of it. 
#savage",@MKBHD Subtle @Tesla symbol.,RT @ClimateReality: Incredible. @Tesla just restored power to Children‚Äôs Hospital in #PuertoRico using renewable energy. https://t.co/Vkxr0‚Ä¶,RT @OttogiBeefCurry: @businessinsider @Tesla Start of 2400 miles in 8 days in a Model S. 3 normal humans and a baby. Was excellent. Definit‚Ä¶,@businessinsider @Tesla I hope Imca  do this next year!  #Tesla rules,RT @ClimateReality: Incredible. @Tesla just restored power to Children‚Äôs Hospital in #PuertoRico using renewable energy. https://t.co/Vkxr0‚Ä¶,@Teslarati lol are those the same tables &amp; chairs from the @tesla stores and service centers? Where did you find those @teslainventory ?,RT @ClimateReality: Incredible. @Tesla just restored power to Children‚Äôs Hospital in #PuertoRico using renewable energy. https://t.co/Vkxr0‚Ä¶,RT @ClimateReality: Incredible. @Tesla just restored power to Children‚Äôs Hospital in #PuertoRico using renewable energy. https://t.co/Vkxr0‚Ä¶,RT @ClimateReality: Incredible. @Tesla just restored power to Children‚Äôs Hospital in #PuertoRico using renewable energy. https://t.co/Vkxr0‚Ä¶,RT @Tesla: Watch a Tesla Model 3 vs. Volvo S60 side-pole impact test https://t.co/dXBQkstrdo,RT @ClimateReality: Incredible. @Tesla just restored power to Children‚Äôs Hospital in #PuertoRico using renewable energy. https://t.co/Vkxr0‚Ä¶,I made it to the @Tesla factory and had a great tour! https://t.co/tV0UDFRriW,Really interesting interview https://t.co/uA8QirCrG2 #ai #selfdriving @Tesla,RT @ClimateReality: Incredible. @Tesla just restored power to Children‚Äôs Hospital in #PuertoRico using renewable energy. https://t.co/Vkxr0‚Ä¶,RT @andeswines: @teslafans @TeslaMotorsClub @elonmusk @Tesla great charging station x #tesla #teslamodel3 #napafires #NapaValley #Californi‚Ä¶,How is Project Titan by @apple aligned with @Tesla efforts? ‚ÄúWhy Apple Should Buy (Save) Tesla!‚Äù by @SeyiFabo https://t.co/iJ2l6OblxD,"RT @J_Morgenstein: Yes. If @Tesla does it with their cars, why can‚Äôt @Apple with their #iPhone? https://t.co/H2ThuO9nLA",RT @ClimateReality: Incredible. @Tesla just restored power to Children‚Äôs Hospital in #PuertoRico using renewable energy. https://t.co/Vkxr0‚Ä¶,RT @ClimateReality: Incredible. @Tesla just restored power to Children‚Äôs Hospital in #PuertoRico using renewable energy. https://t.co/Vkxr0‚Ä¶,RT @ClimateReality: Incredible. @Tesla just restored power to Children‚Äôs Hospital in #PuertoRico using renewable energy. https://t.co/Vkxr0‚Ä¶,RT @IlluDaily: As a child Elon Musk imagined the future to be like his science-fiction books.  (@Mowwwee for @Emerce ) @tesla https://t.co/‚Ä¶,@richardbranson @virginvoyages Since you have become an Invester in @Hyperloop I think it's best to use @Tesla scal‚Ä¶ https://t.co/0d7gBw2Xgc,RT @Tesla: Hospital del Ni√±o is first of many solar+storage projects going live. Grateful to support the recovery of Puerto Rico with @rica‚Ä¶,RT @ClimateReality: Incredible. @Tesla just restored power to Children‚Äôs Hospital in #PuertoRico using renewable energy. https://t.co/Vkxr0‚Ä¶,As a child Elon Musk imagined the future to be like his science-fiction books.  (@Mowwwee for @Emerce ) @tesla‚Ä¶ https://t.co/UsVzZB9KwM,"@TeslaMotorsClub @Tesla @elonmusk Even after contracting Tesla support, they dont have the deliver date yet. https://t.co/gTz8JY0hd5",Take a video tour of the @Tesla #Model3. @PDandD https://t.co/LpixzhFyjL #electricvehicle #ev,RT @ClimateReality: Incredible. @Tesla just restored power to Children‚Äôs Hospital in #PuertoRico using renewable energy. https://t.co/Vkxr0‚Ä¶,RT @floodsg: Sub-national government and #pathways to #SustainableEnergy https://t.co/94JSmwMrjw @ProfStrachan @IEA @WorldBank @Tesla @SAGE‚Ä¶,RT @ClimateReality: Incredible. @Tesla just restored power to Children‚Äôs Hospital in #PuertoRico using renewable energy. https://t.co/Vkxr0‚Ä¶,@Tesla releases new #software update with ‚ÄòChill‚Äô feature to soften crazy acceleration and more. https://t.co/V1cwnHCGAS,RT @ClimateReality: Incredible. @Tesla just restored power to Children‚Äôs Hospital in #PuertoRico using renewable energy. https://t.co/Vkxr0‚Ä¶,"Yes. If @Tesla does it with their cars, why can‚Äôt @Apple with their #iPhone? https://t.co/H2ThuO9nLA",RT @ClimateReality: Incredible. @Tesla just restored power to Children‚Äôs Hospital in #PuertoRico using renewable energy. https://t.co/Vkxr0‚Ä¶,RT @Tesla: Hospital del Ni√±o is first of many solar+storage projects going live. Grateful to support the recovery of Puerto Rico with @rica‚Ä¶,Happy Tesla Owners while the @ChaddsfordWine Fall Food Truck competition is in full swing!  @TeslaMdAtlantic @Tesla‚Ä¶ https://t.co/XL1RrjqzGn,@Tesla @ElonMuskNewsOrg Detroit Electric vehicle at charging station 1903 Poster https://t.co/GCUKPpgKj9 via @zazzle,"Elon, are you guys going to be there anytime soon?
@Tesla @elonmusk https://t.co/1QR5VWko2N",RT @Tesla: Hospital del Ni√±o is first of many solar+storage projects going live. Grateful to support the recovery of Puerto Rico with @rica‚Ä¶,@Tesla meets @TronLegacy? #LetThereBeLight https://t.co/deoiWotd3h,"Not ""healthy,"" but I admire ""do whatever it takes"" leadership: Musk Resorted to Sleeping at @Tesla via‚Ä¶ https://t.co/1zZbl56UWr",RT @ClimateReality: Incredible. @Tesla just restored power to Children‚Äôs Hospital in #PuertoRico using renewable energy. https://t.co/Vkxr0‚Ä¶,RT @ClimateReality: Incredible. @Tesla just restored power to Children‚Äôs Hospital in #PuertoRico using renewable energy. https://t.co/Vkxr0‚Ä¶,RT @Tesla: Hospital del Ni√±o is first of many solar+storage projects going live. Grateful to support the recovery of Puerto Rico with @rica‚Ä¶,@elonmusk @Tesla ? Sportster? I need to know,RT @ClimateReality: Incredible. @Tesla just restored power to Children‚Äôs Hospital in #PuertoRico using renewable energy. https://t.co/Vkxr0‚Ä¶,RT @ClimateReality: Incredible. @Tesla just restored power to Children‚Äôs Hospital in #PuertoRico using renewable energy. https://t.co/Vkxr0‚Ä¶,RT @ClimateReality: Incredible. @Tesla just restored power to Children‚Äôs Hospital in #PuertoRico using renewable energy. https://t.co/Vkxr0‚Ä¶,RT @Echinanews: .@Tesla to build Europe's largest charging station in Norway https://t.co/nIvstOxVLE #EV https://t.co/ZsalhTRHJt,RT @ClimateReality: Incredible. @Tesla just restored power to Children‚Äôs Hospital in #PuertoRico using renewable energy. https://t.co/Vkxr0‚Ä¶,RT @ClimateReality: Incredible. @Tesla just restored power to Children‚Äôs Hospital in #PuertoRico using renewable energy. https://t.co/Vkxr0‚Ä¶,@itslyla @elonmusk @Tesla The curse of making a drug addicted pirate abuse her? üòÇüòÇüòÇ,RT @ClimateReality: Incredible. @Tesla just restored power to Children‚Äôs Hospital in #PuertoRico using renewable energy. https://t.co/Vkxr0‚Ä¶,RT @therealautoblog: Elon Musk: @Tesla vehicles will already know where we‚Äôre going ... https://t.co/aVwXjRYaH8 https://t.co/KevcNZs49x,RT @oeconline: .@Tesla's #PuertoRico solar-plus-storage project shows how solar microgrids can quickly provide resilient power: https://t.c‚Ä¶,RT @ClimateReality: Incredible. @Tesla just restored power to Children‚Äôs Hospital in #PuertoRico using renewable energy. https://t.co/Vkxr0‚Ä¶,RT @oeconline: .@Tesla's #PuertoRico solar-plus-storage project shows how solar microgrids can quickly provide resilient power: https://t.c‚Ä¶,Elon Musk: @Tesla vehicles will already know where we‚Äôre going ... https://t.co/aVwXjRYaH8 https://t.co/KevcNZs49x,@Tesla looking forward to the Semi unveiling! See you in Hawthorne!,RT @ClimateReality: Incredible. @Tesla just restored power to Children‚Äôs Hospital in #PuertoRico using renewable energy. https://t.co/Vkxr0‚Ä¶,@elonmusk @Tesla https://t.co/k8AqOpiOoL This is special..,It‚Äôs midday Sunday and @elonmusk @Tesla hasn‚Äôt made any comments on how great their company is. u r a #carcompany #corebusiness #focus,RT @ClimateReality: Incredible. @Tesla just restored power to Children‚Äôs Hospital in #PuertoRico using renewable energy. https://t.co/Vkxr0‚Ä¶,RT @Tesla: Hospital del Ni√±o is first of many solar+storage projects going live. Grateful to support the recovery of Puerto Rico with @rica‚Ä¶,"""Shame!"": Elon Musk scolds reporters who covered @Tesla firings: https://t.co/ZJha9pTNZM https://t.co/xNLbo7wne2",@Tesla  needa sponsor me https://t.co/DHT6IwOi98,RT @ClimateReality: Incredible. @Tesla just restored power to Children‚Äôs Hospital in #PuertoRico using renewable energy. https://t.co/Vkxr0‚Ä¶,"@Tesla This is why more manufacturers need to use a carbon offset not only will it help the business, it's saving t‚Ä¶ https://t.co/8o4EraWRfN","RT @THEnergyNet: WoW!
#PuertoRico: @Tesla builds portable #Solar+#EnergyStorage plant for emergency #power
#Renewables #Energy #RE100
https‚Ä¶",RT @ClimateReality: Incredible. @Tesla just restored power to Children‚Äôs Hospital in #PuertoRico using renewable energy. https://t.co/Vkxr0‚Ä¶,&gt; @Tesla Owner Builds A Functional Life-Size #ElectricCar #Supercharger In His Garage‚Äì - https://t.co/v57OI6HtN3,RT @ClimateReality: Incredible. @Tesla just restored power to Children‚Äôs Hospital in #PuertoRico using renewable energy. https://t.co/Vkxr0‚Ä¶,RT @slcuervo: I always liked the #AudiR8 better than my @Tesla so I took some drastic measures üòÇ https://t.co/lawZTRBa8l,RT @floodsg: Sub-national government and #pathways to #SustainableEnergy https://t.co/94JSmwMrjw @ProfStrachan @IEA @WorldBank @Tesla @SAGE‚Ä¶,@elonmusk did you know about this @Tesla Hot wheels? https://t.co/AmED7JJZ7H,"RT @Tesla: Atmospheric CO2 levels hit an 800,000-year high in 2016 https://t.co/PeFMDHzD3u",RT @oeconline: .@Tesla's #PuertoRico solar-plus-storage project shows how solar microgrids can quickly provide resilient power: https://t.c‚Ä¶,RT @ClimateReality: Incredible. @Tesla just restored power to Children‚Äôs Hospital in #PuertoRico using renewable energy. https://t.co/Vkxr0‚Ä¶,RT @ClimateReality: Incredible. @Tesla just restored power to Children‚Äôs Hospital in #PuertoRico using renewable energy. https://t.co/Vkxr0‚Ä¶,RT @ClimateReality: Incredible. @Tesla just restored power to Children‚Äôs Hospital in #PuertoRico using renewable energy. https://t.co/Vkxr0‚Ä¶,RT @ClimateReality: Incredible. @Tesla just restored power to Children‚Äôs Hospital in #PuertoRico using renewable energy. https://t.co/Vkxr0‚Ä¶,RT @ClimateReality: Incredible. @Tesla just restored power to Children‚Äôs Hospital in #PuertoRico using renewable energy. https://t.co/Vkxr0‚Ä¶,RT @ClimateReality: Incredible. @Tesla just restored power to Children‚Äôs Hospital in #PuertoRico using renewable energy. https://t.co/Vkxr0‚Ä¶,RT @ClimateReality: Incredible. @Tesla just restored power to Children‚Äôs Hospital in #PuertoRico using renewable energy. https://t.co/Vkxr0‚Ä¶,@bingocat1994 @Tesla Alright,RT @ClimateReality: Incredible. @Tesla just restored power to Children‚Äôs Hospital in #PuertoRico using renewable energy. https://t.co/Vkxr0‚Ä¶,RT @ClimateReality: Incredible. @Tesla just restored power to Children‚Äôs Hospital in #PuertoRico using renewable energy. https://t.co/Vkxr0‚Ä¶,"@Doggosource_yt @Tesla Because they rely on word of mouth for advertising, which costs them nothing and is working for them so far.",Food truck competition in progress! @Tesla @TeslaRoadTrip https://t.co/s1zgXLi1lv,Why doesn't @Tesla advertise there car on TV,RT @RentACFO: @ClimateReality @Tesla A for profit #corporation  doing what the #federal #Government  should have done. Shame on you #POTUST‚Ä¶,"@Ryanintheus @wef @tonyseba @Tesla #Value #Innovation focus: Identify the Most Important Customer's unmet needs, i.‚Ä¶ https://t.co/IEPmFwJKhG","@Model3Owners @Tesla  took reservations in India too. #TeslaModel3  may cost $100k in India, due to high customs du‚Ä¶ https://t.co/vs81vFqCRe",RT @ClimateReality: Incredible. @Tesla just restored power to Children‚Äôs Hospital in #PuertoRico using renewable energy. https://t.co/Vkxr0‚Ä¶,RT @floodsg: Sub-national government and #pathways to #SustainableEnergy https://t.co/94JSmwMrjw @ProfStrachan @IEA @WorldBank @Tesla @SAGE‚Ä¶,RT @ClimateReality: Incredible. @Tesla just restored power to Children‚Äôs Hospital in #PuertoRico using renewable energy. https://t.co/Vkxr0‚Ä¶,RT @ClimateReality: Incredible. @Tesla just restored power to Children‚Äôs Hospital in #PuertoRico using renewable energy. https://t.co/Vkxr0‚Ä¶,"RT @doyendon: Dear @sheetz, ur Cambridge, Morgantown, and La Vale @Tesla superchargers make an electric toll-free DC - Chicago route possib‚Ä¶",@nicklindwall I reckon my postcode must have the highest no of @tesla per head of pop in the UK. Trouble is they al‚Ä¶ https://t.co/X6QZbE374t,RT @floodsg: Sub-national government and #pathways to #SustainableEnergy https://t.co/94JSmwMrjw @ProfStrachan @IEA @WorldBank @Tesla @SAGE‚Ä¶,RT @ClimateReality: Incredible. @Tesla just restored power to Children‚Äôs Hospital in #PuertoRico using renewable energy. https://t.co/Vkxr0‚Ä¶,RT @ClimateReality: Incredible. @Tesla just restored power to Children‚Äôs Hospital in #PuertoRico using renewable energy. https://t.co/Vkxr0‚Ä¶,Sub-national government and #pathways to #SustainableEnergy https://t.co/94JSmwMrjw @ProfStrachan @IEA @WorldBank‚Ä¶ https://t.co/hvpLhHEM0b,@TransEnterix Have you guys checked in yet? #Follow #Stayupdated @TransEnterix @Tesla,RT @ClimateReality: Incredible. @Tesla just restored power to Children‚Äôs Hospital in #PuertoRico using renewable energy. https://t.co/Vkxr0‚Ä¶,When @Tesla put  charging station near your house  #Tesla #ElectricCar #Sustainability #climatechange https://t.co/XMWDOYwFhn,"Dear @sheetz, ur Cambridge, Morgantown, and La Vale @Tesla superchargers make an electric toll-free DC - Chicago ro‚Ä¶ https://t.co/xDL6sV3i7a",RT @ClimateReality: Incredible. @Tesla just restored power to Children‚Äôs Hospital in #PuertoRico using renewable energy. https://t.co/Vkxr0‚Ä¶,@Niclacoste @Model3Owners @Tesla Nah hope they don't increase the price or make us buy expensive configuration,RT @sam16mccormack: @OtheGlodenOne Go one step further and just get a @Tesla,RT @Tesla: Making a Model 3 https://t.co/NxSKzbhfqd,"RT @Tesla: Tesla Factory - Fremont, CA https://t.co/k7BGKSWBvp","RT @Tesla: S, 3, X on a bridge https://t.co/2E57xqkTVY",RT @Tesla: Supercharging Cities https://t.co/IGK9FasWDa,RT @nicholaspardon: This is why I drive a @Tesla. https://t.co/8U4DuD2xfL,@elonmusk @Tesla PleaseReviewMyEmail2storeManager'Gabe'atTeslaSpringfieldStore: important2resolveTheissuesOf row ma‚Ä¶ https://t.co/pKrJAVqema,How Big Auto Is Disrupting @Tesla's Superchargers https://t.co/6kfUkachmo #ElectricVehicle   #BigData https://t.co/pCM0zNcBD7,People will slowly realize just how amazing it is to drive one of these cars. I love my @GenesisUSA and I chose it‚Ä¶ https://t.co/EXvXjSZ6XW,"RT @Tesla: Atmospheric CO2 levels hit an 800,000-year high in 2016 https://t.co/PeFMDHzD3u",@joonaswilska @elonmusk also pinging @Tesla,"RT @TheCranberryKid: The @sheetz and @Tesla master plan is working on me. Here I sit enjoying the quiet, having breakfast, waiting for my c‚Ä¶",@elonmusk @Tesla OurNew MX7:'3rdRowEntryNightmare': New Manual (&amp;Defective4us) MiddleSeats : AntithesisTo Elon's Solution 3rdRowEntry,@markbspiegel @ttmygh @Tesla @jfahmy You've been wrong for hundreds of points to the upside. A continuation of the‚Ä¶ https://t.co/thvVra1UW4,@OtheGlodenOne Go one step further and just get a @Tesla,"@Ryanintheus TX for sharing #innovation at work. Simply identify problem, define &amp; implement solution .@wef .‚Ä¶ https://t.co/aPdtVdj4Wn",RT @ClimateReality: Incredible. @Tesla just restored power to Children‚Äôs Hospital in #PuertoRico using renewable energy. https://t.co/Vkxr0‚Ä¶,Just read a load of bollocks on the front page of @FT in  to @Tesla @elonmusk Dealerships give me a BREAK.‚Ä¶ https://t.co/IpEjnYXKMr,"@Tesla @InsideEVs   the @Nissan  Leaf beat @elonmusk to market. Yes,  the Jack of evs with the S &amp; X the King &amp; Que‚Ä¶ https://t.co/Qj7Yf9nr5p",@elonmusk first time in a @Tesla UNREAL! Thank you is all I can say üôåüèª https://t.co/vIQNTGNl67,@ricardorossello @Tesla @elonmusk is the solution everybody‚Äôs knows that,RT @Tesla: Hospital del Ni√±o is first of many solar+storage projects going live. Grateful to support the recovery of Puerto Rico with @rica‚Ä¶,Service &amp; Action at the highest level.  Thanks @elonmusk and @Tesla for corp. citizenship &amp; creative prob. solving https://t.co/T9iYrQujDN,RT @ClimateReality: Incredible. @Tesla just restored power to Children‚Äôs Hospital in #PuertoRico using renewable energy. https://t.co/Vkxr0‚Ä¶,"RT @THEnergyNet: WoW!
#PuertoRico: @Tesla builds portable #Solar+#EnergyStorage plant for emergency #power
#Renewables #Energy #RE100
https‚Ä¶",RT @ClimateReality: Incredible. @Tesla just restored power to Children‚Äôs Hospital in #PuertoRico using renewable energy. https://t.co/Vkxr0‚Ä¶,RT @ClimateReality: Incredible. @Tesla just restored power to Children‚Äôs Hospital in #PuertoRico using renewable energy. https://t.co/Vkxr0‚Ä¶,RT @ClimateReality: Incredible. @Tesla just restored power to Children‚Äôs Hospital in #PuertoRico using renewable energy. https://t.co/Vkxr0‚Ä¶,RT @ClimateReality: Incredible. @Tesla just restored power to Children‚Äôs Hospital in #PuertoRico using renewable energy. https://t.co/Vkxr0‚Ä¶,@jbecher @Tesla appreciate the good things of the past as that led us to present and work on the shortcomings we fo‚Ä¶ https://t.co/cvhtffykSi,RT @ClimateReality: Incredible. @Tesla just restored power to Children‚Äôs Hospital in #PuertoRico using renewable energy. https://t.co/Vkxr0‚Ä¶,RT @ClimateReality: Incredible. @Tesla just restored power to Children‚Äôs Hospital in #PuertoRico using renewable energy. https://t.co/Vkxr0‚Ä¶,RT @ClimateReality: Incredible. @Tesla just restored power to Children‚Äôs Hospital in #PuertoRico using renewable energy. https://t.co/Vkxr0‚Ä¶,"RT @THEnergyNet: WoW!
#PuertoRico: @Tesla builds portable #Solar+#EnergyStorage plant for emergency #power
#Renewables #Energy #RE100
https‚Ä¶",@Stef74G @Tesla tesla of course!,RT @ClimateReality: Incredible. @Tesla just restored power to Children‚Äôs Hospital in #PuertoRico using renewable energy. https://t.co/Vkxr0‚Ä¶,RT @ClimateReality: Incredible. @Tesla just restored power to Children‚Äôs Hospital in #PuertoRico using renewable energy. https://t.co/Vkxr0‚Ä¶,"RT @THEnergyNet: WoW!
#PuertoRico: @Tesla builds portable #Solar+#EnergyStorage plant for emergency #power
#Renewables #Energy #RE100
https‚Ä¶","@Tweetermeyer Wall Street will call it ‚Äúlightweighting,‚Äù prop up @Tesla stock.",The biggest RT if all RTs @Tesla @elonmusk https://t.co/sJbFf7b1cV,RT @ClimateReality: Incredible. @Tesla just restored power to Children‚Äôs Hospital in #PuertoRico using renewable energy. https://t.co/Vkxr0‚Ä¶,RT @ClimateReality: Incredible. @Tesla just restored power to Children‚Äôs Hospital in #PuertoRico using renewable energy. https://t.co/Vkxr0‚Ä¶,RT @ClimateReality: Incredible. @Tesla just restored power to Children‚Äôs Hospital in #PuertoRico using renewable energy. https://t.co/Vkxr0‚Ä¶,"Dear @elonmusk and @Tesla, it is endlessly frustrating that your nav doesn't support functions like Google's ""add s‚Ä¶ https://t.co/KIiq0RSr0u",RT @TweetsByEas: I find it ironic that a company named after Nikola Tesla has such a huge focus on batteries. @elonmusk @Tesla,RT @ClimateReality: Incredible. @Tesla just restored power to Children‚Äôs Hospital in #PuertoRico using renewable energy. https://t.co/Vkxr0‚Ä¶,RT @ClimateReality: Incredible. @Tesla just restored power to Children‚Äôs Hospital in #PuertoRico using renewable energy. https://t.co/Vkxr0‚Ä¶,There are SO many @Tesla cars in Amsterdam!,RT @ClimateReality: Incredible. @Tesla just restored power to Children‚Äôs Hospital in #PuertoRico using renewable energy. https://t.co/Vkxr0‚Ä¶,RT @ClimateReality: Incredible. @Tesla just restored power to Children‚Äôs Hospital in #PuertoRico using renewable energy. https://t.co/Vkxr0‚Ä¶,RT @ClimateReality: Incredible. @Tesla just restored power to Children‚Äôs Hospital in #PuertoRico using renewable energy. https://t.co/Vkxr0‚Ä¶,When is @elonmusk @Tesla going to offer changeable batteries made from #phihong @nokia so we can travel long distances?,RT @ClimateReality: Incredible. @Tesla just restored power to Children‚Äôs Hospital in #PuertoRico using renewable energy. https://t.co/Vkxr0‚Ä¶,@burnie I see your cartoon @Tesla  and raise you a camo one https://t.co/jfDvgzcCw2,"RT @THEnergyNet: WoW!
#PuertoRico: @Tesla builds portable #Solar+#EnergyStorage plant for emergency #power
#Renewables #Energy #RE100
https‚Ä¶","RT @VicenteFoxQue: .@realDonaldTrump, you getting this? Actions solve crisis, not tweets or speeches. Congrats to @Tesla and @elonmusk. htt‚Ä¶",RT @TR_Foundation: Why the next Tesla should take on agriculture @bcampbell_CGIAR writes https://t.co/fqrksZ9Dzx @cgiarclimate @Tesla @kimb‚Ä¶,RT @johnrobertsFox: .@tesla stock taking a big hit today after House GOP plan contains provision to repeal the Electric Vehicle tax credit,Rollin to the #alamedaflea in my @Tesla #kanyewest vibes #canttellmenothin ... #lookpoor @PlanBianca üòò,RT @ClimateReality: Incredible. @Tesla just restored power to Children‚Äôs Hospital in #PuertoRico using renewable energy. https://t.co/Vkxr0‚Ä¶,Why the next Tesla should take on agriculture @bcampbell_CGIAR writes https://t.co/DkRaODZDuT @cgiarclimate @Tesla‚Ä¶ https://t.co/wK66cwBhsu,Why the next Tesla should take on agriculture @bcampbell_CGIAR writes https://t.co/fqrksZ9Dzx @cgiarclimate @Tesla‚Ä¶ https://t.co/AJhuJSqz2W,RT @ClimateReality: Incredible. @Tesla just restored power to Children‚Äôs Hospital in #PuertoRico using renewable energy. https://t.co/Vkxr0‚Ä¶,RT @Tesla: Hospital del Ni√±o is first of many solar+storage projects going live. Grateful to support the recovery of Puerto Rico with @rica‚Ä¶,RT @ClimateReality: Incredible. @Tesla just restored power to Children‚Äôs Hospital in #PuertoRico using renewable energy. https://t.co/Vkxr0‚Ä¶,RT @ClimateReality: Incredible. @Tesla just restored power to Children‚Äôs Hospital in #PuertoRico using renewable energy. https://t.co/Vkxr0‚Ä¶,RT @ClimateReality: Incredible. @Tesla just restored power to Children‚Äôs Hospital in #PuertoRico using renewable energy. https://t.co/Vkxr0‚Ä¶,"RT @pjfranks1509: My request made it into an update, thanks @elonmusk  @Tesla #teslamotorsclub 

https://t.co/CTHWfxV9ex","RT @THEnergyNet: WoW!
#PuertoRico: @Tesla builds portable #Solar+#EnergyStorage plant for emergency #power
#Renewables #Energy #RE100
https‚Ä¶",RT @ClimateReality: Incredible. @Tesla just restored power to Children‚Äôs Hospital in #PuertoRico using renewable energy. https://t.co/Vkxr0‚Ä¶,RT @ClimateReality: Incredible. @Tesla just restored power to Children‚Äôs Hospital in #PuertoRico using renewable energy. https://t.co/Vkxr0‚Ä¶,RT @ClimateReality: Incredible. @Tesla just restored power to Children‚Äôs Hospital in #PuertoRico using renewable energy. https://t.co/Vkxr0‚Ä¶,RT @ClimateReality: Incredible. @Tesla just restored power to Children‚Äôs Hospital in #PuertoRico using renewable energy. https://t.co/Vkxr0‚Ä¶,"RT @THEnergyNet: WoW!
#PuertoRico: @Tesla builds portable #Solar+#EnergyStorage plant for emergency #power
#Renewables #Energy #RE100
https‚Ä¶",RT @ClimateReality: Incredible. @Tesla just restored power to Children‚Äôs Hospital in #PuertoRico using renewable energy. https://t.co/Vkxr0‚Ä¶,"@callmethestig @sheetz @Tesla Yes, I love it.","RT @THEnergyNet: WoW!
#PuertoRico: @Tesla builds portable #Solar+#EnergyStorage plant for emergency #power
#Renewables #Energy #RE100
https‚Ä¶","RT @THEnergyNet: WoW!
#PuertoRico: @Tesla builds portable #Solar+#EnergyStorage plant for emergency #power
#Renewables #Energy #RE100
https‚Ä¶",RT @ClimateReality: Incredible. @Tesla just restored power to Children‚Äôs Hospital in #PuertoRico using renewable energy. https://t.co/Vkxr0‚Ä¶,@AnnSjstrm @ClimateReality @Tesla Always. Petrolls,@TheCranberryKid @sheetz @Tesla Model s? How do you like it?,RT @ClimateReality: Incredible. @Tesla just restored power to Children‚Äôs Hospital in #PuertoRico using renewable energy. https://t.co/Vkxr0‚Ä¶,"RT @THEnergyNet: WoW!
#PuertoRico: @Tesla builds portable #Solar+#EnergyStorage plant for emergency #power
#Renewables #Energy #RE100
https‚Ä¶",@TheCranberryKid @sheetz @Tesla I just parked I‚Äôm gonna come in yelling,"RT @THEnergyNet: WoW!
#PuertoRico: @Tesla builds portable #Solar+#EnergyStorage plant for emergency #power
#Renewables #Energy #RE100
https‚Ä¶","RT @TheCranberryKid: The @sheetz and @Tesla master plan is working on me. Here I sit enjoying the quiet, having breakfast, waiting for my c‚Ä¶","Losing patience with @Tesla #model3. Only a few more years and the VW Bus will be back, and it‚Äôs electric https://t.co/x0WcBdmIl1","RT @TheCranberryKid: The @sheetz and @Tesla master plan is working on me. Here I sit enjoying the quiet, having breakfast, waiting for my c‚Ä¶",RT @ClimateReality: Incredible. @Tesla just restored power to Children‚Äôs Hospital in #PuertoRico using renewable energy. https://t.co/Vkxr0‚Ä¶,"[VIDEO] @Tesla $TSLA Looks to Produce Cars in China $JBZY
https://t.co/KZ2MbPyyvl

https://t.co/CsJs6iXZym 

#EV #electricvehicles @CNBCI",@ClimateReality @Nofearnofavors4 @Tesla I knew I‚Äôd find a troll to block in this thread.,@Tesla when did Toyota start selling used Tesla model S? https://t.co/p3ewC8X3Dz,RT @ClimateReality: Incredible. @Tesla just restored power to Children‚Äôs Hospital in #PuertoRico using renewable energy. https://t.co/Vkxr0‚Ä¶,@Tesla hook my man up! https://t.co/lElTqNd1UC,RT @ClimateReality: Incredible. @Tesla just restored power to Children‚Äôs Hospital in #PuertoRico using renewable energy. https://t.co/Vkxr0‚Ä¶,@chrisrorie @Tesla I am rooting for them too.,RT @ClimateReality: Incredible. @Tesla just restored power to Children‚Äôs Hospital in #PuertoRico using renewable energy. https://t.co/Vkxr0‚Ä¶,RT @ClimateReality: Incredible. @Tesla just restored power to Children‚Äôs Hospital in #PuertoRico using renewable energy. https://t.co/Vkxr0‚Ä¶,"RT @AndrewHaigh: Why I love having a @Tesla part 97,301. 

Owner tweets a good idea to @elonmusk. Couple of months later it‚Äôs updated on al‚Ä¶",RT @ClimateReality: Incredible. @Tesla just restored power to Children‚Äôs Hospital in #PuertoRico using renewable energy. https://t.co/Vkxr0‚Ä¶,RT @BjornNyland: @elonmusk @Tesla This Audi TT 1.8 can do 0-60 mph in 8.3 s. Today it accelerated faster than it ever did before. https://t‚Ä¶,RT @ClimateReality: Incredible. @Tesla just restored power to Children‚Äôs Hospital in #PuertoRico using renewable energy. https://t.co/Vkxr0‚Ä¶,RT @ClimateReality: Incredible. @Tesla just restored power to Children‚Äôs Hospital in #PuertoRico using renewable energy. https://t.co/Vkxr0‚Ä¶,RT @ClimateReality: Incredible. @Tesla just restored power to Children‚Äôs Hospital in #PuertoRico using renewable energy. https://t.co/Vkxr0‚Ä¶,RT @ClimateReality: Incredible. @Tesla just restored power to Children‚Äôs Hospital in #PuertoRico using renewable energy. https://t.co/Vkxr0‚Ä¶,"RT @AndrewHaigh: Why I love having a @Tesla part 97,301. 

Owner tweets a good idea to @elonmusk. Couple of months later it‚Äôs updated on al‚Ä¶","Why I love having a @Tesla part 97,301. 

Owner tweets a good idea to @elonmusk. Couple of months later it‚Äôs update‚Ä¶ https://t.co/kvp3EyCB75","@elonmusk I will let my #Minions in on my #NotSoSecretPlans  üòÇüßê
@Tesla Q3 2017 Earnings Call
https://t.co/dCEqGshJAl",@elonmusk @Tesla can the Tesla HVAC be programmed to be more like a home HVAC with a temp range instead of a specific temp,RT @ClimateReality: Incredible. @Tesla just restored power to Children‚Äôs Hospital in #PuertoRico using renewable energy. https://t.co/Vkxr0‚Ä¶,RT @ClimateReality: Incredible. @Tesla just restored power to Children‚Äôs Hospital in #PuertoRico using renewable energy. https://t.co/Vkxr0‚Ä¶,"RT @CBGie: What's your dream EV? @Daraghmclove drives the rather ludicrous @Tesla Model S P100D
https://t.co/reRVzJoZnr",RT @ClimateReality: Incredible. @Tesla just restored power to Children‚Äôs Hospital in #PuertoRico using renewable energy. https://t.co/Vkxr0‚Ä¶,RT @ClimateReality: Incredible. @Tesla just restored power to Children‚Äôs Hospital in #PuertoRico using renewable energy. https://t.co/Vkxr0‚Ä¶,RT @ClimateReality: Incredible. @Tesla just restored power to Children‚Äôs Hospital in #PuertoRico using renewable energy. https://t.co/Vkxr0‚Ä¶,RT @ClimateReality: Incredible. @Tesla just restored power to Children‚Äôs Hospital in #PuertoRico using renewable energy. https://t.co/Vkxr0‚Ä¶,"@elonmusk @Tesla @TeslaMotorsClub 
My trust and admiration for Elon Musk got shattered, same typical CEO. Shame. I‚Ä¶ https://t.co/VF5JwrXAfu",RT @ClimateReality: Incredible. @Tesla just restored power to Children‚Äôs Hospital in #PuertoRico using renewable energy. https://t.co/Vkxr0‚Ä¶,RT @ClimateReality: Incredible. @Tesla just restored power to Children‚Äôs Hospital in #PuertoRico using renewable energy. https://t.co/Vkxr0‚Ä¶,RT @ClimateReality: Incredible. @Tesla just restored power to Children‚Äôs Hospital in #PuertoRico using renewable energy. https://t.co/Vkxr0‚Ä¶,RT @ClimateReality: Incredible. @Tesla just restored power to Children‚Äôs Hospital in #PuertoRico using renewable energy. https://t.co/Vkxr0‚Ä¶,RT @ClimateReality: Incredible. @Tesla just restored power to Children‚Äôs Hospital in #PuertoRico using renewable energy. https://t.co/Vkxr0‚Ä¶,RT @ClimateReality: Incredible. @Tesla just restored power to Children‚Äôs Hospital in #PuertoRico using renewable energy. https://t.co/Vkxr0‚Ä¶,@stirgussa @elonmusk @Tesla Burn some sage Mr. Musk!,RT @ClimateReality: Incredible. @Tesla just restored power to Children‚Äôs Hospital in #PuertoRico using renewable energy. https://t.co/Vkxr0‚Ä¶,"@itslyla @elonmusk @Tesla They broke up months ago
The curse is from whoever he's dating now üòâ",RT @ClimateReality: Incredible. @Tesla just restored power to Children‚Äôs Hospital in #PuertoRico using renewable energy. https://t.co/Vkxr0‚Ä¶,RT @ClimateReality: Incredible. @Tesla just restored power to Children‚Äôs Hospital in #PuertoRico using renewable energy. https://t.co/Vkxr0‚Ä¶,RT @ClimateReality: Incredible. @Tesla just restored power to Children‚Äôs Hospital in #PuertoRico using renewable energy. https://t.co/Vkxr0‚Ä¶,RT @Tesla: Eclipse ready https://t.co/clhB7nyw1l,RT @Tesla: Tesla hoods signed by paint shop team to mark production milestones. Thanks to all of our teams for your work and commitment to‚Ä¶,RT @ClimateReality: Incredible. @Tesla just restored power to Children‚Äôs Hospital in #PuertoRico using renewable energy. https://t.co/Vkxr0‚Ä¶,This is worth reading: @elonmusk turns to his employees with a letter to outline the #communication philosophy at‚Ä¶ https://t.co/iQg1vmD2LC,RT @ClimateReality: Incredible. @Tesla just restored power to Children‚Äôs Hospital in #PuertoRico using renewable energy. https://t.co/Vkxr0‚Ä¶,@SeriousHoax @Tesla @MKBHD He just wrapped his Tesla and it‚Äôs looking awesome üòé,RT @ClimateReality: Incredible. @Tesla just restored power to Children‚Äôs Hospital in #PuertoRico using renewable energy. https://t.co/Vkxr0‚Ä¶,Determined to get a reply from @elonmusküòÉüöÄ Help me out @Tesla @SpaceX @boringcompanyüëçüèª,RT @ClimateReality: Incredible. @Tesla just restored power to Children‚Äôs Hospital in #PuertoRico using renewable energy. https://t.co/Vkxr0‚Ä¶,RT @ClimateReality: Incredible. @Tesla just restored power to Children‚Äôs Hospital in #PuertoRico using renewable energy. https://t.co/Vkxr0‚Ä¶,@Im_acs @Tesla Ask @MKBHD for a @Tesla giveaway üòÇü§£üòÜ,RT @ClimateReality: Incredible. @Tesla just restored power to Children‚Äôs Hospital in #PuertoRico using renewable energy. https://t.co/Vkxr0‚Ä¶,"Every time I see a @Tesla car on the street i smile üòä 
Don‚Äôt know when I‚Äôm gonna get one for test drive üòí",@AndreJoffre2 @Tesla #ModelS parked right next to my place in Boulogne üòÆüòäüëç https://t.co/gmhIdXdYP6,RT @ClimateReality: Incredible. @Tesla just restored power to Children‚Äôs Hospital in #PuertoRico using renewable energy. https://t.co/Vkxr0‚Ä¶,RT @ClimateReality: Incredible. @Tesla just restored power to Children‚Äôs Hospital in #PuertoRico using renewable energy. https://t.co/Vkxr0‚Ä¶,RT @ClimateReality: Incredible. @Tesla just restored power to Children‚Äôs Hospital in #PuertoRico using renewable energy. https://t.co/Vkxr0‚Ä¶,"Ever since @elonmusk started dating Amber Heard @Tesla has been failing. She has her own Kardashian-style curse, I swear it",RT @ClimateReality: Incredible. @Tesla just restored power to Children‚Äôs Hospital in #PuertoRico using renewable energy. https://t.co/Vkxr0‚Ä¶,"@pjfranks1509 @elonmusk @Tesla They should also make it more fun like accelerate like a manual Ferrari, lambo, with sound",RT @Tesla: Hospital del Ni√±o is first of many solar+storage projects going live. Grateful to support the recovery of Puerto Rico with @rica‚Ä¶,"@ClimateReality @Tesla Good stuff. I love telsa. Nikola of course, not the car",RT @ClimateReality: Incredible. @Tesla just restored power to Children‚Äôs Hospital in #PuertoRico using renewable energy. https://t.co/Vkxr0‚Ä¶,RT @ClimateReality: Incredible. @Tesla just restored power to Children‚Äôs Hospital in #PuertoRico using renewable energy. https://t.co/Vkxr0‚Ä¶,"My request made it into an update, thanks @elonmusk  @Tesla #teslamotorsclub 

https://t.co/CTHWfxV9ex",@ClimateReality @Tesla A for profit #corporation  doing what the #federal #Government  should have done. Shame on y‚Ä¶ https://t.co/Jh7lNek654,RT @maarten_goet: Show off your Lamborghini? My @Tesla Model X can do better! https://t.co/zl3KXWU3Fu cc: @elonmusk,RT @ClimateReality: Incredible. @Tesla just restored power to Children‚Äôs Hospital in #PuertoRico using renewable energy. https://t.co/Vkxr0‚Ä¶,RT @carnesh_com: #World first #Robot #Citizenship #futureinvestment #initiative at #SaudiArabia @Tesla @elonmusk https://t.co/dPZfjeT5kY,"In future, #Car companies will no longer compete with traditional #competitors ...but will do so with @Tesla‚Ä¶ https://t.co/f2z1PLGxRe",RT @ClimateReality: Incredible. @Tesla just restored power to Children‚Äôs Hospital in #PuertoRico using renewable energy. https://t.co/Vkxr0‚Ä¶,I just seen suicide doors on a @Tesla I'm sold.,"Not ""healthy,"" but I admire ""do whatever it takes"" leadership: Musk Resorted to Sleeping at @Tesla via‚Ä¶ https://t.co/LncAieEBFe",RT @ClimateReality: Incredible. @Tesla just restored power to Children‚Äôs Hospital in #PuertoRico using renewable energy. https://t.co/Vkxr0‚Ä¶,"@ricardorossello Electricity to what &amp; who? 80% of homes destroyed, won't need power for years, need homes rebuilt‚Ä¶ https://t.co/zZxA9pVwdU",RT @ClimateReality: Incredible. @Tesla just restored power to Children‚Äôs Hospital in #PuertoRico using renewable energy. https://t.co/Vkxr0‚Ä¶,#World first #Robot #Citizenship #futureinvestment #initiative at #SaudiArabia @Tesla @elonmusk https://t.co/dPZfjeT5kY,RT @ClimateReality: Incredible. @Tesla just restored power to Children‚Äôs Hospital in #PuertoRico using renewable energy. https://t.co/Vkxr0‚Ä¶,"The @sheetz and @Tesla master plan is working on me. Here I sit enjoying the quiet, having breakfast, waiting for m‚Ä¶ https://t.co/EtSxAU4UCf",@elonmusk @Tesla would be nice to have screen on SC showing status of charge and time remaining. Would help to manage high traffic SCs,RT @ClimateReality: Incredible. @Tesla just restored power to Children‚Äôs Hospital in #PuertoRico using renewable energy. https://t.co/Vkxr0‚Ä¶,Top 10 #Electric Cars Will Challenge @Tesla in 2018/2019 https://t.co/8Bs4ApVlwD via @YouTube,RT @ClimateReality: Incredible. @Tesla just restored power to Children‚Äôs Hospital in #PuertoRico using renewable energy. https://t.co/Vkxr0‚Ä¶,"RT @Tesla: Tesla Model X is the first SUV ever to receive a 5-Star safety rating in every category 
https://t.co/hTUyeBrxvI",RT @tech2eets: . @Tesla cars have arguably one of the best instant torques but not everyone is used to it. https://t.co/LmeKjWVNaa,@ariegoldshlager @Tesla I guess all these firms love monopoly !!,@ariegoldshlager @Tesla Daimler moaned abt proprietary supercharger network - open standards more effective etc - b‚Ä¶ https://t.co/s5VZYaHgKo,RT @tech2eets: . @Tesla cars have arguably one of the best instant torques but not everyone is used to it. https://t.co/LmeKjWVNaa,RT @ClimateReality: Incredible. @Tesla just restored power to Children‚Äôs Hospital in #PuertoRico using renewable energy. https://t.co/Vkxr0‚Ä¶,RT @tech2eets: . @Tesla cars have arguably one of the best instant torques but not everyone is used to it. https://t.co/LmeKjWVNaa,. @Tesla cars have arguably one of the best instant torques but not everyone is used to it. https://t.co/LmeKjWVNaa,RT @Model3Owners: Semi truck unveil still happening amidst Model 3 production hell. Spreading yourselves a bit thin perhaps? @Tesla https:/‚Ä¶,"RT @CARmagazine: Trouble brewing at @Tesla, as losses hit record high in Q3 and Model 3 launch is put back

https://t.co/2xDOxbDljd https:/‚Ä¶",@OpsProf How does this approach compare to the @Tesla approach?,RT @ClimateReality: Incredible. @Tesla just restored power to Children‚Äôs Hospital in #PuertoRico using renewable energy. https://t.co/Vkxr0‚Ä¶,RT @ClimateReality: Incredible. @Tesla just restored power to Children‚Äôs Hospital in #PuertoRico using renewable energy. https://t.co/Vkxr0‚Ä¶,RT @ClimateReality: Incredible. @Tesla just restored power to Children‚Äôs Hospital in #PuertoRico using renewable energy. https://t.co/Vkxr0‚Ä¶,RT @ClimateReality: Incredible. @Tesla just restored power to Children‚Äôs Hospital in #PuertoRico using renewable energy. https://t.co/Vkxr0‚Ä¶,RT @ClimateReality: Incredible. @Tesla just restored power to Children‚Äôs Hospital in #PuertoRico using renewable energy. https://t.co/Vkxr0‚Ä¶,RT @ClimateReality: Incredible. @Tesla just restored power to Children‚Äôs Hospital in #PuertoRico using renewable energy. https://t.co/Vkxr0‚Ä¶,@ElectrekCo Any parental controls for younger drivers? @Tesla,RT @Tesla: Hospital del Ni√±o is first of many solar+storage projects going live. Grateful to support the recovery of Puerto Rico with @rica‚Ä¶,RT @ClimateReality: Incredible. @Tesla just restored power to Children‚Äôs Hospital in #PuertoRico using renewable energy. https://t.co/Vkxr0‚Ä¶,Saw a @Tesla in Belfast and I've never been so sexually attracted to a car god bless you @elonmusk,Show off your Lamborghini? My @Tesla Model X can do better! https://t.co/zl3KXWU3Fu cc: @elonmusk,RT @ClimateReality: Incredible. @Tesla just restored power to Children‚Äôs Hospital in #PuertoRico using renewable energy. https://t.co/Vkxr0‚Ä¶,"RT @keepitvisible: ""Predictive Driving @tesla ...""

https://t.co/OYpfCk7nUm
#startup #growthhacking
#vc #InboundMarketing 
#entrepreneur #t‚Ä¶","@FredericLambert @Tesla @elonmusk @IronMillHydro waits for any car to be even nearly as fast as a tesla at charging.. Your move, industry",RT @ClimateReality: Incredible. @Tesla just restored power to Children‚Äôs Hospital in #PuertoRico using renewable energy. https://t.co/Vkxr0‚Ä¶,"What's your dream EV? @Daraghmclove drives the rather ludicrous @Tesla Model S P100D
https://t.co/reRVzJoZnr",@TR_Foundation @agCCadviser @bcampbell_CGIAR @cgiarclimate @Tesla @kimbal Tesla car manufacturer is a basket case o‚Ä¶ https://t.co/z7OZGpD3CL,RT @FredericLambert: Those 350 kW stations are going up right now. Your move @Tesla @elonmusk https://t.co/7IeDWWBJsO https://t.co/piacp5dh‚Ä¶,RT @BjornNyland: @elonmusk @Tesla This Audi TT 1.8 can do 0-60 mph in 8.3 s. Today it accelerated faster than it ever did before. https://t‚Ä¶,"It's always fun to work with @Tesla! Check it out:

https://t.co/RKkKdh2ja2 https://t.co/hQEBjQ2I4f",RT @ClimateReality: Incredible. @Tesla just restored power to Children‚Äôs Hospital in #PuertoRico using renewable energy. https://t.co/Vkxr0‚Ä¶,RT @ClimateReality: Incredible. @Tesla just restored power to Children‚Äôs Hospital in #PuertoRico using renewable energy. https://t.co/Vkxr0‚Ä¶,"Hi @Tesla is it possible to rent a white Tesla X as wedding vehicle in Germany? I'm just interested, wedding planning started few days
ago üòä",RT @ClimateReality: Incredible. @Tesla just restored power to Children‚Äôs Hospital in #PuertoRico using renewable energy. https://t.co/Vkxr0‚Ä¶,RT @TR_Foundation: Why the next Tesla should take on agriculture @bcampbell_CGIAR writes https://t.co/54f8kL8Mh6 @cgiarclimate @Tesla @kimb‚Ä¶,RT @ClimateReality: Incredible. @Tesla just restored power to Children‚Äôs Hospital in #PuertoRico using renewable energy. https://t.co/Vkxr0‚Ä¶,RT @ClimateReality: Incredible. @Tesla just restored power to Children‚Äôs Hospital in #PuertoRico using renewable energy. https://t.co/Vkxr0‚Ä¶,RT @ClimateReality: Incredible. @Tesla just restored power to Children‚Äôs Hospital in #PuertoRico using renewable energy. https://t.co/Vkxr0‚Ä¶,RT @ClimateReality: Incredible. @Tesla just restored power to Children‚Äôs Hospital in #PuertoRico using renewable energy. https://t.co/Vkxr0‚Ä¶,RT @ClimateReality: Incredible. @Tesla just restored power to Children‚Äôs Hospital in #PuertoRico using renewable energy. https://t.co/Vkxr0‚Ä¶,RT @Tesla: Hospital del Ni√±o is first of many solar+storage projects going live. Grateful to support the recovery of Puerto Rico with @rica‚Ä¶,RT @ClimateReality: Incredible. @Tesla just restored power to Children‚Äôs Hospital in #PuertoRico using renewable energy. https://t.co/Vkxr0‚Ä¶,RT @Tesla: Hospital del Ni√±o is first of many solar+storage projects going live. Grateful to support the recovery of Puerto Rico with @rica‚Ä¶,RT @ClimateReality: Incredible. @Tesla just restored power to Children‚Äôs Hospital in #PuertoRico using renewable energy. https://t.co/Vkxr0‚Ä¶,RT @jbecher: Something ironic about a gas-powered tow truck delivering a limited production @Tesla Model 3 https://t.co/JRpKn4R6UX,RT @ClimateReality: Incredible. @Tesla just restored power to Children‚Äôs Hospital in #PuertoRico using renewable energy. https://t.co/Vkxr0‚Ä¶,RT @SullivanMonty: @Tesla @ricardorossello Fantastic Tesla Helping fellow citizens in Puerto Rico you did what WH neglects Please continue‚Ä¶,@Tesla @ricardorossello Fantastic Tesla Helping fellow citizens in Puerto Rico you did what WH neglects Please cont‚Ä¶ https://t.co/og5hDFRzJt,RT @ClimateReality: Incredible. @Tesla just restored power to Children‚Äôs Hospital in #PuertoRico using renewable energy. https://t.co/Vkxr0‚Ä¶,RT @ClimateReality: Incredible. @Tesla just restored power to Children‚Äôs Hospital in #PuertoRico using renewable energy. https://t.co/Vkxr0‚Ä¶,RT @Tesla: Hospital del Ni√±o is first of many solar+storage projects going live. Grateful to support the recovery of Puerto Rico with @rica‚Ä¶,RT @ClimateReality: Incredible. @Tesla just restored power to Children‚Äôs Hospital in #PuertoRico using renewable energy. https://t.co/Vkxr0‚Ä¶,"RT @Tesla: Atmospheric CO2 levels hit an 800,000-year high in 2016 https://t.co/PeFMDHzD3u",@FaZe_Censor @itsmagichere Thought it was @Tesla for a second üòÇ,@ClimateReality @Tesla I‚Äôm so impressed by Tesla‚Äôs helping  Puerto Rico more than all of their other hypes It shows‚Ä¶ https://t.co/Zc08Qcz1Lz,RT @Tesla: Hospital del Ni√±o is first of many solar+storage projects going live. Grateful to support the recovery of Puerto Rico with @rica‚Ä¶,Good idea to improve comfort but also to contain inertial losses and increase range #ev @Tesla @FredericLambert  https://t.co/3JmjmyyF7P,"New in @Tesla‚Äôs app : where are #Tesla owners and how much co2 saved üëç
@elonmusk @ElectrekCo @Teslarati https://t.co/Qp94ec6dJB",RT @ClimateReality: Incredible. @Tesla just restored power to Children‚Äôs Hospital in #PuertoRico using renewable energy. https://t.co/Vkxr0‚Ä¶,@ClimateReality @Tesla Thank you @Tesla for showing US how it's done.,"RT @CARmagazine: Trouble brewing at @Tesla, as losses hit record high in Q3 and Model 3 launch is put back

https://t.co/2xDOxbDljd https:/‚Ä¶",RT @ClimateReality: Incredible. @Tesla just restored power to Children‚Äôs Hospital in #PuertoRico using renewable energy. https://t.co/Vkxr0‚Ä¶,"RT @CARmagazine: Trouble brewing at @Tesla, as losses hit record high in Q3 and Model 3 launch is put back

https://t.co/2xDOxbDljd https:/‚Ä¶",@ClimateReality @Tesla Dang. Good land turned over to intermittent low-energy-density power. Ugly mess.,"Trouble brewing at @Tesla, as losses hit record high in Q3 and Model 3 launch is put back

https://t.co/2xDOxbDljd https://t.co/qkHJI9wAqJ",RT @ClimateReality: Incredible. @Tesla just restored power to Children‚Äôs Hospital in #PuertoRico using renewable energy. https://t.co/Vkxr0‚Ä¶,RT @ClimateReality: Incredible. @Tesla just restored power to Children‚Äôs Hospital in #PuertoRico using renewable energy. https://t.co/Vkxr0‚Ä¶,RT @ClimateReality: Incredible. @Tesla just restored power to Children‚Äôs Hospital in #PuertoRico using renewable energy. https://t.co/Vkxr0‚Ä¶,@elonmusk @Tesla great new features in 2017.44 but when will we get auto wipers in our AP2 car? This is on the most‚Ä¶ https://t.co/wVZaNzr8sU,RT @ClimateReality: Incredible. @Tesla just restored power to Children‚Äôs Hospital in #PuertoRico using renewable energy. https://t.co/Vkxr0‚Ä¶,RT @ClimateReality: Incredible. @Tesla just restored power to Children‚Äôs Hospital in #PuertoRico using renewable energy. https://t.co/Vkxr0‚Ä¶,RT @ClimateReality: Incredible. @Tesla just restored power to Children‚Äôs Hospital in #PuertoRico using renewable energy. https://t.co/Vkxr0‚Ä¶,Why the next Tesla should take on agriculture @bcampbell_CGIAR writes https://t.co/j9m5cXDm6z @cgiarclimate @Tesla‚Ä¶ https://t.co/tds93dvpNn,Why the next Tesla should take on agriculture @bcampbell_CGIAR writes https://t.co/qH5Oq9mSAu @cgiarclimate @Tesla‚Ä¶ https://t.co/VgPaPYC9H4,RT @ClimateReality: Incredible. @Tesla just restored power to Children‚Äôs Hospital in #PuertoRico using renewable energy. https://t.co/Vkxr0‚Ä¶,RT @ClimateReality: Incredible. @Tesla just restored power to Children‚Äôs Hospital in #PuertoRico using renewable energy. https://t.co/Vkxr0‚Ä¶,RT @ClimateReality: Incredible. @Tesla just restored power to Children‚Äôs Hospital in #PuertoRico using renewable energy. https://t.co/Vkxr0‚Ä¶,@ClimateReality @Tesla Thanks Elon ‚ù§Ô∏è,RT @ClimateReality: Incredible. @Tesla just restored power to Children‚Äôs Hospital in #PuertoRico using renewable energy. https://t.co/Vkxr0‚Ä¶,RT @ClimateReality: Incredible. @Tesla just restored power to Children‚Äôs Hospital in #PuertoRico using renewable energy. https://t.co/Vkxr0‚Ä¶,"hey @elonmusk, ain't the @Tesla Model S project opensource? why don't we think about #crowdsourcing the manufacturing?",@nicholaspardon @amallah @Tesla CO2 is hugely beneficial for the plants,RT @ClimateReality: Incredible. @Tesla just restored power to Children‚Äôs Hospital in #PuertoRico using renewable energy. https://t.co/Vkxr0‚Ä¶,RT @ClimateReality: Incredible. @Tesla just restored power to Children‚Äôs Hospital in #PuertoRico using renewable energy. https://t.co/Vkxr0‚Ä¶,RT @ClimateReality: Incredible. @Tesla just restored power to Children‚Äôs Hospital in #PuertoRico using renewable energy. https://t.co/Vkxr0‚Ä¶,RT @ClimateReality: Incredible. @Tesla just restored power to Children‚Äôs Hospital in #PuertoRico using renewable energy. https://t.co/Vkxr0‚Ä¶,RT @ClimateReality: Incredible. @Tesla just restored power to Children‚Äôs Hospital in #PuertoRico using renewable energy. https://t.co/Vkxr0‚Ä¶,RT @nicholaspardon: This is why I drive a @Tesla. https://t.co/8U4DuD2xfL,"RT @Tesla: Atmospheric CO2 levels hit an 800,000-year high in 2016 https://t.co/PeFMDHzD3u",RT @Tesla: Hospital del Ni√±o is first of many solar+storage projects going live. Grateful to support the recovery of Puerto Rico with @rica‚Ä¶,Amazing work being done by @Tesla in Puerto Rico. Restoring power to a hospital using solar https://t.co/to8lTMj5KE,RT @ClimateReality: Incredible. @Tesla just restored power to Children‚Äôs Hospital in #PuertoRico using renewable energy. https://t.co/Vkxr0‚Ä¶,RT @ClimateReality: Incredible. @Tesla just restored power to Children‚Äôs Hospital in #PuertoRico using renewable energy. https://t.co/Vkxr0‚Ä¶,RT @ClimateReality: Incredible. @Tesla just restored power to Children‚Äôs Hospital in #PuertoRico using renewable energy. https://t.co/Vkxr0‚Ä¶,RT @ClimateReality: Incredible. @Tesla just restored power to Children‚Äôs Hospital in #PuertoRico using renewable energy. https://t.co/Vkxr0‚Ä¶,@NASAGoddard @NASA @NASA_Orion @NASAJPL @NASAHubble @TomCruise @richardbranson @BillGates @MarsCuriosity @glxp‚Ä¶ https://t.co/dkJ6H5YPCM,RT @ClimateReality: Incredible. @Tesla just restored power to Children‚Äôs Hospital in #PuertoRico using renewable energy. https://t.co/Vkxr0‚Ä¶,RT @ClimateReality: Incredible. @Tesla just restored power to Children‚Äôs Hospital in #PuertoRico using renewable energy. https://t.co/Vkxr0‚Ä¶,@NASAGoddard @NASA @NASA_Orion @NASAJPL @NASAHubble @TomCruise @richardbranson @BillGates @MarsCuriosity @glxp‚Ä¶ https://t.co/wunN0ylBgs,RT @ClimateReality: Incredible. @Tesla just restored power to Children‚Äôs Hospital in #PuertoRico using renewable energy. https://t.co/Vkxr0‚Ä¶,RT @ClimateReality: Incredible. @Tesla just restored power to Children‚Äôs Hospital in #PuertoRico using renewable energy. https://t.co/Vkxr0‚Ä¶,RT @ClimateReality: Incredible. @Tesla just restored power to Children‚Äôs Hospital in #PuertoRico using renewable energy. https://t.co/Vkxr0‚Ä¶,RT @ClimateReality: Incredible. @Tesla just restored power to Children‚Äôs Hospital in #PuertoRico using renewable energy. https://t.co/Vkxr0‚Ä¶,RT @ClimateReality: Incredible. @Tesla just restored power to Children‚Äôs Hospital in #PuertoRico using renewable energy. https://t.co/Vkxr0‚Ä¶,"@Model3Owners Come on, shame on rain sensing! @Tesla",RT @ClimateReality: Incredible. @Tesla just restored power to Children‚Äôs Hospital in #PuertoRico using renewable energy. https://t.co/Vkxr0‚Ä¶,RT @ClimateReality: Incredible. @Tesla just restored power to Children‚Äôs Hospital in #PuertoRico using renewable energy. https://t.co/Vkxr0‚Ä¶,RT @ClimateReality: Incredible. @Tesla just restored power to Children‚Äôs Hospital in #PuertoRico using renewable energy. https://t.co/Vkxr0‚Ä¶,RT @ClimateReality: Incredible. @Tesla just restored power to Children‚Äôs Hospital in #PuertoRico using renewable energy. https://t.co/Vkxr0‚Ä¶,RT @ClimateReality: Incredible. @Tesla just restored power to Children‚Äôs Hospital in #PuertoRico using renewable energy. https://t.co/Vkxr0‚Ä¶,RT @ClimateReality: Incredible. @Tesla just restored power to Children‚Äôs Hospital in #PuertoRico using renewable energy. https://t.co/Vkxr0‚Ä¶,"This Chinese #ElectricCar was built with #technology @Tesla gave away for free
#OpenSource @elonmusk #startup @wef https://t.co/0r4XmGaDYc",@NASAGoddard @NASA @NASA_Orion @NASAJPL @NASAHubble @TomCruise @richardbranson @BillGates @MarsCuriosity @glxp‚Ä¶ https://t.co/a8GrNWiCpN,While I am a huge advocate for @Tesla...this is the second time in 2 months that my car has died with more than 50% battery left.,RT @ClimateReality: Incredible. @Tesla just restored power to Children‚Äôs Hospital in #PuertoRico using renewable energy. https://t.co/Vkxr0‚Ä¶,RT @ClimateReality: Incredible. @Tesla just restored power to Children‚Äôs Hospital in #PuertoRico using renewable energy. https://t.co/Vkxr0‚Ä¶,Sometimes you have to stop and charge your @Tesla at inconvenient times... but you get to appreciate things you mig‚Ä¶ https://t.co/YmL1N7BIf8,RT @ClimateReality: Incredible. @Tesla just restored power to Children‚Äôs Hospital in #PuertoRico using renewable energy. https://t.co/Vkxr0‚Ä¶,RT @ClimateReality: Incredible. @Tesla just restored power to Children‚Äôs Hospital in #PuertoRico using renewable energy. https://t.co/Vkxr0‚Ä¶,RT @ClimateReality: Incredible. @Tesla just restored power to Children‚Äôs Hospital in #PuertoRico using renewable energy. https://t.co/Vkxr0‚Ä¶,RT @ClimateReality: Incredible. @Tesla just restored power to Children‚Äôs Hospital in #PuertoRico using renewable energy. https://t.co/Vkxr0‚Ä¶,RT @ClimateReality: Incredible. @Tesla just restored power to Children‚Äôs Hospital in #PuertoRico using renewable energy. https://t.co/Vkxr0‚Ä¶,@Tesla @ricardorossello The future is now!,RT @ClimateReality: Incredible. @Tesla just restored power to Children‚Äôs Hospital in #PuertoRico using renewable energy. https://t.co/Vkxr0‚Ä¶,i want like 2 tesla‚Äôs and a rolls. @Tesla @RollsRoyce,RT @ClimateReality: Incredible. @Tesla just restored power to Children‚Äôs Hospital in #PuertoRico using renewable energy. https://t.co/Vkxr0‚Ä¶,RT @ClimateReality: Incredible. @Tesla just restored power to Children‚Äôs Hospital in #PuertoRico using renewable energy. https://t.co/Vkxr0‚Ä¶,RT @ClimateReality: Incredible. @Tesla just restored power to Children‚Äôs Hospital in #PuertoRico using renewable energy. https://t.co/Vkxr0‚Ä¶,RT @ClimateReality: Incredible. @Tesla just restored power to Children‚Äôs Hospital in #PuertoRico using renewable energy. https://t.co/Vkxr0‚Ä¶,RT @ClimateReality: Incredible. @Tesla just restored power to Children‚Äôs Hospital in #PuertoRico using renewable energy. https://t.co/Vkxr0‚Ä¶,RT @ClimateReality: Incredible. @Tesla just restored power to Children‚Äôs Hospital in #PuertoRico using renewable energy. https://t.co/Vkxr0‚Ä¶,RT @ClimateReality: Incredible. @Tesla just restored power to Children‚Äôs Hospital in #PuertoRico using renewable energy. https://t.co/Vkxr0‚Ä¶,RT @ClimateReality: Incredible. @Tesla just restored power to Children‚Äôs Hospital in #PuertoRico using renewable energy. https://t.co/Vkxr0‚Ä¶,RT @ClimateReality: Incredible. @Tesla just restored power to Children‚Äôs Hospital in #PuertoRico using renewable energy. https://t.co/Vkxr0‚Ä¶,RT @ClimateReality: Incredible. @Tesla just restored power to Children‚Äôs Hospital in #PuertoRico using renewable energy. https://t.co/Vkxr0‚Ä¶,RT @ClimateReality: Incredible. @Tesla just restored power to Children‚Äôs Hospital in #PuertoRico using renewable energy. https://t.co/Vkxr0‚Ä¶,RT @ClimateReality: Incredible. @Tesla just restored power to Children‚Äôs Hospital in #PuertoRico using renewable energy. https://t.co/Vkxr0‚Ä¶,RT @ClimateReality: Incredible. @Tesla just restored power to Children‚Äôs Hospital in #PuertoRico using renewable energy. https://t.co/Vkxr0‚Ä¶,RT @ClimateReality: Incredible. @Tesla just restored power to Children‚Äôs Hospital in #PuertoRico using renewable energy. https://t.co/Vkxr0‚Ä¶,RT @ClimateReality: Incredible. @Tesla just restored power to Children‚Äôs Hospital in #PuertoRico using renewable energy. https://t.co/Vkxr0‚Ä¶,RT @ClimateReality: Incredible. @Tesla just restored power to Children‚Äôs Hospital in #PuertoRico using renewable energy. https://t.co/Vkxr0‚Ä¶,RT @ClimateReality: Incredible. @Tesla just restored power to Children‚Äôs Hospital in #PuertoRico using renewable energy. https://t.co/Vkxr0‚Ä¶,RT @ClimateReality: Incredible. @Tesla just restored power to Children‚Äôs Hospital in #PuertoRico using renewable energy. https://t.co/Vkxr0‚Ä¶,@ClimateReality @Tesla That is great!,"@ClimateReality @Tesla Not ""just restored"", on Oct 25th",RT @ClimateReality: Incredible. @Tesla just restored power to Children‚Äôs Hospital in #PuertoRico using renewable energy. https://t.co/Vkxr0‚Ä¶,RT @ClimateReality: Incredible. @Tesla just restored power to Children‚Äôs Hospital in #PuertoRico using renewable energy. https://t.co/Vkxr0‚Ä¶,RT @ClimateReality: Incredible. @Tesla just restored power to Children‚Äôs Hospital in #PuertoRico using renewable energy. https://t.co/Vkxr0‚Ä¶,RT @ClimateReality: Incredible. @Tesla just restored power to Children‚Äôs Hospital in #PuertoRico using renewable energy. https://t.co/Vkxr0‚Ä¶,RT @ClimateReality: Incredible. @Tesla just restored power to Children‚Äôs Hospital in #PuertoRico using renewable energy. https://t.co/Vkxr0‚Ä¶,RT @ClimateReality: Incredible. @Tesla just restored power to Children‚Äôs Hospital in #PuertoRico using renewable energy. https://t.co/Vkxr0‚Ä¶,RT @ClimateReality: Incredible. @Tesla just restored power to Children‚Äôs Hospital in #PuertoRico using renewable energy. https://t.co/Vkxr0‚Ä¶,RT @ClimateReality: Incredible. @Tesla just restored power to Children‚Äôs Hospital in #PuertoRico using renewable energy. https://t.co/Vkxr0‚Ä¶,RT @ClimateReality: Incredible. @Tesla just restored power to Children‚Äôs Hospital in #PuertoRico using renewable energy. https://t.co/Vkxr0‚Ä¶,RT @ClimateReality: Incredible. @Tesla just restored power to Children‚Äôs Hospital in #PuertoRico using renewable energy. https://t.co/Vkxr0‚Ä¶,RT @ClimateReality: Incredible. @Tesla just restored power to Children‚Äôs Hospital in #PuertoRico using renewable energy. https://t.co/Vkxr0‚Ä¶,Incredible. @Tesla just restored power to Children‚Äôs Hospital in #PuertoRico using renewable energy. https://t.co/Vkxr0vf9C7,RT @Echinanews: .@Tesla to build Europe's largest charging station in Norway https://t.co/nIvstOxVLE #EV https://t.co/ZsalhTRHJt,RT @Tesla: Hospital del Ni√±o is first of many solar+storage projects going live. Grateful to support the recovery of Puerto Rico with @rica‚Ä¶,Tesla tiny house integrates solar with a Powerwall. https://t.co/vwygd9oLh7 @Tesla  @ElonMuskNewsOrg  @TinyHouseDesign,"@Tesla needs 2 improve Model S range to +400 miles, discontinue 3 &amp; X for 3 years. Capitalize on what‚Äôs working. @elonmusk @ForbesTech @NPR","RT @kevincampbellfl: @DailyCaller @Tesla &amp; @elonmusk have been getting $7,500 per luxury car. A real tax break for the ""rich"" that needs to‚Ä¶",RT @Tesla: Model X reviewed by a 9-year-old https://t.co/U75YK6kmnk https://t.co/3JK0tpBrpF,"MOTORCADE ONE: Secret Service post pictures of 'The Beast'. @POTUS #tech #drive @Tesla #EV #Asia 
 https://t.co/ChafdHump2",@teslafans @TeslaMotorsClub @elonmusk @Tesla great charging station x #tesla #teslamodel3 #napafires #NapaValley‚Ä¶ https://t.co/h4r42OeSdm,RT @Tesla: Model X reviewed by a 9-year-old https://t.co/U75YK6kmnk https://t.co/3JK0tpBrpF,RT @Tesla: Hospital del Ni√±o is first of many solar+storage projects going live. Grateful to support the recovery of Puerto Rico with @rica‚Ä¶,@Tesla Mall security at the Santa Ana supercharger have coned off the area and are not allowing vehicles to charge even though it‚Äôs working,@Tesla very interested in solar roof but we live in the mountains and get a lot of snow. Do you have a solution for that?,. @elonmusk @Tesla pretty sure you guys could come up with a solution to this ? See what you think ? https://t.co/EhhBj0Bche,RT @Tesla: Hospital del Ni√±o is first of many solar+storage projects going live. Grateful to support the recovery of Puerto Rico with @rica‚Ä¶,@Tesla @elonmusk It would be great if we could view the latest software release notes from the Tesla app,"RT @VicenteFoxQue: .@realDonaldTrump, you getting this? Actions solve crisis, not tweets or speeches. Congrats to @Tesla and @elonmusk. htt‚Ä¶",@DIONYSU3 @Tesla Aw shucks,"RT @keepitvisible: ""Predictive Driving @tesla ...""

https://t.co/OYpfCk7nUm
#startup #growthhacking
#vc #InboundMarketing 
#entrepreneur #t‚Ä¶",RT @_John_J_Rambo_: @PowerLedger_io #Perth #TESLA @Tesla #ElonMusk https://t.co/8nKIJOntnp @wmiddelkoop #perthnews Fingers crossed #POWR,One day IÔ∏è will buy  @Aaron_Lngslvs a @Tesla for Xmas,RT @ClimateReality: Incredible. @Tesla just restored power to Children‚Äôs Hospital in #PuertoRico using renewable energy. https://t.co/Vkxr0‚Ä¶,RT @Tesla: Hospital del Ni√±o is first of many solar+storage projects going live. Grateful to support the recovery of Puerto Rico with @rica‚Ä¶,"Tesla Model 3 production crippled; #company confirms delay in delivery schedule 

@Tesla 

https://t.co/VxuNrhoNbN",@PowerLedger_io #Perth #TESLA @Tesla #ElonMusk https://t.co/8nKIJOntnp @wmiddelkoop #perthnews Fingers crossed #POWR,RT @Tesla: Hospital del Ni√±o is first of many solar+storage projects going live. Grateful to support the recovery of Puerto Rico with @rica‚Ä¶,@robinivski @Tesla Have you had it yet? üôÇ,@AntonDebrett @Tesla Had fortune cookie saying I would get a nice compliment today.
